City,Date,CO,NH3,NO2,AQI,AQI_Bucket
Aizawl,2020-03-12,0.56,25.63,1.27,52.0,Satisfactory
Aizawl,2020-03-13,0.57,29.16,0.91,60.0,Satisfactory
Aizawl,2020-03-14,0.57,28.95,1.07,62.0,Satisfactory
Aizawl,2020-03-15,0.48,28.41,0.36,70.0,Satisfactory
Aizawl,2020-03-16,0.5,23.98,2.32,54.0,Satisfactory
Aizawl,2020-03-17,0.48,24.57,2.14,40.0,Good
Aizawl,2020-03-18,0.47,23.42,1.48,51.0,Satisfactory
Aizawl,2020-03-19,0.48,23.41,1.31,63.0,Satisfactory
Aizawl,2020-03-20,0.49,24.85,0.83,69.0,Satisfactory
Aizawl,2020-03-21,0.49,24.44,0.88,70.0,Satisfactory
Aizawl,2020-03-22,0.37,18.55,0.13,71.0,Satisfactory
Aizawl,2020-03-23,0.32,20.24,0.16,53.0,Satisfactory
Aizawl,2020-03-24,0.37,20.21,0.14,66.0,Satisfactory
Aizawl,2020-03-25,0.44,25.43,0.17,92.0,Satisfactory
Aizawl,2020-03-26,0.42,25.48,0.13,89.0,Satisfactory
Aizawl,2020-03-27,0.4,28.26,0.11,82.0,Satisfactory
Aizawl,2020-03-28,0.44,29.89,0.35,71.0,Satisfactory
Aizawl,2020-03-29,0.36,28.47,0.13,81.0,Satisfactory
Aizawl,2020-03-30,0.42,29.05,0.24,60.0,Satisfactory
Aizawl,2020-03-31,0.4,30.99,0.25,51.0,Satisfactory
Aizawl,2020-04-01,0.45,32.95,0.26,62.0,Satisfactory
Aizawl,2020-04-02,0.4,32.94,0.25,64.0,Satisfactory
Aizawl,2020-04-03,0.29,23.37,0.21,54.0,Satisfactory
Aizawl,2020-04-04,0.26,21.6,0.25,43.0,Good
Aizawl,2020-04-05,0.31,26.0,0.08,44.0,Good
Aizawl,2020-04-06,0.31,25.1,0.15,48.0,Good
Aizawl,2020-04-07,0.3,22.71,0.3,61.0,Satisfactory
Aizawl,2020-04-08,0.27,23.73,0.18,45.0,Good
Aizawl,2020-04-09,0.39,22.95,0.31,59.0,Satisfactory
Aizawl,2020-04-10,0.41,27.97,0.13,64.0,Satisfactory
Aizawl,2020-04-11,0.37,30.0,0.17,55.0,Satisfactory
Aizawl,2020-04-12,0.27,26.24,0.12,41.0,Good
Aizawl,2020-04-13,0.36,28.53,0.39,42.0,Good
Aizawl,2020-04-14,0.47,31.28,0.45,64.0,Satisfactory
Aizawl,2020-04-15,0.42,30.38,0.51,76.0,Satisfactory
Aizawl,2020-04-16,0.28,23.59,0.33,49.0,Good
Aizawl,2020-04-17,0.22,14.87,0.36,33.0,Good
Aizawl,2020-04-18,0.25,17.65,0.25,31.0,Good
Aizawl,2020-04-19,0.22,19.03,0.11,24.0,Good
Aizawl,2020-04-20,0.25,19.13,0.95,24.0,Good
Aizawl,2020-04-21,0.27,16.64,0.75,23.0,Good
Aizawl,2020-04-22,0.24,15.61,0.34,20.0,Good
Aizawl,2020-04-23,0.26,16.78,0.26,19.0,Good
Aizawl,2020-04-24,0.21,12.4,0.34,19.0,Good
Aizawl,2020-04-25,0.18,17.91,0.2,19.0,Good
Aizawl,2020-04-26,0.18,12.44,0.13,18.0,Good
Aizawl,2020-04-27,0.25,17.69,0.27,19.0,Good
Aizawl,2020-04-28,0.26,17.07,0.18,19.0,Good
Aizawl,2020-04-29,0.21,15.28,0.17,19.0,Good
Aizawl,2020-04-30,0.24,14.49,0.3,19.0,Good
Aizawl,2020-05-01,0.3,18.21,0.35,20.0,Good
Aizawl,2020-05-02,0.28,16.69,0.23,20.0,Good
Aizawl,2020-05-03,0.19,14.56,0.08,19.0,Good
Aizawl,2020-05-04,0.23,15.74,0.22,19.0,Good
Aizawl,2020-05-05,0.27,18.64,0.25,19.0,Good
Aizawl,2020-05-06,0.24,15.26,0.63,20.0,Good
Aizawl,2020-05-07,0.27,19.43,0.18,20.0,Good
Aizawl,2020-05-08,0.32,22.37,0.49,20.0,Good
Aizawl,2020-05-09,0.37,27.89,0.34,24.0,Good
Aizawl,2020-05-10,0.31,32.66,0.09,24.0,Good
Aizawl,2020-05-11,0.39,29.77,0.69,35.0,Good
Aizawl,2020-05-12,0.42,29.94,0.44,46.0,Good
Aizawl,2020-05-13,0.37,21.17,0.6,46.0,Good
Aizawl,2020-05-14,0.32,23.68,0.65,33.0,Good
Aizawl,2020-05-15,0.31,23.19,0.35,31.0,Good
Aizawl,2020-05-16,0.27,22.47,0.29,21.0,Good
Aizawl,2020-05-17,0.23,25.82,0.12,20.0,Good
Aizawl,2020-05-18,0.38,28.94,0.56,26.0,Good
Aizawl,2020-05-19,0.36,25.16,0.48,32.0,Good
Aizawl,2020-05-20,0.31,17.62,0.51,24.0,Good
Aizawl,2020-05-21,0.21,13.24,0.34,20.0,Good
Aizawl,2020-05-22,0.25,11.35,0.36,22.0,Good
Aizawl,2020-05-23,0.25,16.11,0.27,22.0,Good
Aizawl,2020-05-24,0.19,15.75,0.09,27.0,Good
Aizawl,2020-05-25,0.19,14.45,0.28,20.0,Good
Aizawl,2020-05-26,0.22,12.13,0.42,19.0,Good
Aizawl,2020-05-27,0.21,16.72,0.62,21.0,Good
Aizawl,2020-05-28,0.24,19.71,0.35,21.0,Good
Aizawl,2020-05-29,0.24,12.68,0.47,20.0,Good
Aizawl,2020-05-30,0.22,12.93,0.21,20.0,Good
Aizawl,2020-05-31,0.17,12.87,0.08,19.0,Good
Aizawl,2020-06-01,0.22,12.84,0.59,19.0,Good
Aizawl,2020-06-02,0.24,13.28,0.21,20.0,Good
Aizawl,2020-06-03,0.24,14.43,0.29,20.0,Good
Aizawl,2020-06-04,0.19,16.06,0.22,19.0,Good
Aizawl,2020-06-05,0.24,25.23,0.7,31.0,Good
Aizawl,2020-06-06,0.21,18.88,0.15,20.0,Good
Aizawl,2020-06-07,0.18,19.16,0.09,19.0,Good
Aizawl,2020-06-08,0.41,22.38,0.76,25.0,Good
Aizawl,2020-06-09,0.33,24.75,0.13,23.0,Good
Aizawl,2020-06-10,0.22,21.4,0.1,19.0,Good
Aizawl,2020-06-12,0.2,21.22,0.25,19.0,Good
Aizawl,2020-06-13,0.17,22.03,0.07,19.0,Good
Aizawl,2020-06-14,0.16,24.59,0.07,19.0,Good
Aizawl,2020-06-15,0.17,24.48,0.07,19.0,Good
Aizawl,2020-06-16,0.17,20.36,0.37,19.0,Good
Aizawl,2020-06-17,0.16,19.46,0.33,20.0,Good
Aizawl,2020-06-18,0.15,24.03,0.22,20.0,Good
Aizawl,2020-06-19,0.2,36.73,0.26,20.0,Good
Aizawl,2020-06-20,0.22,34.12,0.08,19.0,Good
Aizawl,2020-06-21,0.15,29.9,0.06,19.0,Good
Aizawl,2020-06-22,0.16,29.98,0.32,20.0,Good
Aizawl,2020-06-23,0.05,25.38,0.38,20.0,Good
Aizawl,2020-06-24,0.07,25.57,0.14,25.0,Good
Aizawl,2020-06-25,0.05,23.4,0.16,33.0,Good
Aizawl,2020-06-26,0.03,22.46,0.18,21.0,Good
Aizawl,2020-06-27,0.02,22.42,0.07,19.0,Good
Aizawl,2020-06-28,0.02,25.45,0.05,19.0,Good
Aizawl,2020-06-29,0.12,28.73,0.13,20.0,Good
Aizawl,2020-06-30,0.11,28.68,0.1,20.0,Good
Aizawl,2020-07-01,0.02,19.41,0.07,20.0,Good
Amaravati,2017-11-25,0.12,10.72,20.5,184.0,Moderate
Amaravati,2017-11-26,0.14,10.28,26.0,197.0,Moderate
Amaravati,2017-11-27,0.11,12.91,30.85,198.0,Moderate
Amaravati,2017-11-28,0.09,11.42,28.07,188.0,Moderate
Amaravati,2017-11-29,0.16,12.25,23.2,173.0,Moderate
Amaravati,2017-11-30,0.12,10.95,20.17,165.0,Moderate
Amaravati,2017-12-01,0.1,10.95,19.29,191.0,Moderate
Amaravati,2017-12-02,0.1,13.12,26.19,191.0,Moderate
Amaravati,2017-12-03,0.15,14.36,21.31,227.0,Poor
Amaravati,2017-12-04,0.18,14.41,26.98,168.0,Moderate
Amaravati,2017-12-05,0.12,13.72,20.23,198.0,Moderate
Amaravati,2017-12-06,0.11,15.12,25.65,201.0,Poor
Amaravati,2017-12-07,0.13,17.34,41.1,252.0,Poor
Amaravati,2017-12-08,0.27,17.96,54.87,310.0,Very Poor
Amaravati,2017-12-09,0.09,15.73,44.97,196.0,Moderate
Amaravati,2017-12-10,0.1,12.56,33.85,132.0,Moderate
Amaravati,2017-12-11,0.16,15.2,41.64,147.0,Moderate
Amaravati,2017-12-12,0.24,21.24,42.1,179.0,Moderate
Amaravati,2017-12-13,0.15,17.63,34.78,145.0,Moderate
Amaravati,2017-12-14,0.14,19.34,29.97,115.0,Moderate
Amaravati,2017-12-15,0.1,16.0,25.0,140.0,Moderate
Amaravati,2017-12-16,0.17,15.56,40.92,156.0,Moderate
Amaravati,2017-12-17,0.08,18.52,47.05,225.0,Poor
Amaravati,2017-12-18,0.11,18.49,53.94,251.0,Poor
Amaravati,2017-12-19,0.13,19.66,43.09,228.0,Poor
Amaravati,2017-12-20,0.3,17.37,47.47,223.0,Poor
Amaravati,2017-12-21,0.14,17.28,49.55,170.0,Moderate
Amaravati,2017-12-22,0.15,19.53,56.0,165.0,Moderate
Amaravati,2017-12-23,0.15,20.78,42.0,159.0,Moderate
Amaravati,2017-12-24,0.22,23.68,47.68,232.0,Poor
Amaravati,2017-12-25,0.1,21.66,31.06,242.0,Poor
Amaravati,2017-12-26,0.17,22.52,43.54,274.0,Poor
Amaravati,2017-12-27,0.23,21.06,63.48,259.0,Poor
Amaravati,2017-12-28,0.27,18.87,64.53,225.0,Poor
Amaravati,2017-12-29,0.17,18.2,46.65,177.0,Moderate
Amaravati,2017-12-30,0.1,16.86,33.26,120.0,Moderate
Amaravati,2017-12-31,0.08,17.82,39.5,120.0,Moderate
Amaravati,2018-01-01,0.09,18.03,23.36,120.0,Moderate
Amaravati,2018-01-02,0.09,19.57,23.14,132.0,Moderate
Amaravati,2018-01-03,0.09,25.61,39.99,136.0,Moderate
Amaravati,2018-01-04,0.11,19.45,53.79,182.0,Moderate
Amaravati,2018-01-05,0.08,21.02,56.39,222.0,Poor
Amaravati,2018-01-06,0.07,18.71,61.55,230.0,Poor
Amaravati,2018-01-07,0.07,20.18,46.9,224.0,Poor
Amaravati,2018-01-08,0.09,21.59,34.93,217.0,Poor
Amaravati,2018-01-09,0.05,17.71,37.58,230.0,Poor
Amaravati,2018-01-10,0.1,22.35,37.31,229.0,Poor
Amaravati,2018-01-11,0.08,23.66,42.52,229.0,Poor
Amaravati,2018-01-12,0.04,24.74,52.24,235.0,Poor
Amaravati,2018-01-13,0.05,20.06,36.41,214.0,Poor
Amaravati,2018-01-14,0.05,21.23,28.32,186.0,Moderate
Amaravati,2018-01-15,0.05,20.38,21.35,172.0,Moderate
Amaravati,2018-01-16,0.06,18.78,20.25,138.0,Moderate
Amaravati,2018-01-17,0.06,20.29,26.26,125.0,Moderate
Amaravati,2018-01-18,0.05,21.68,45.13,132.0,Moderate
Amaravati,2018-01-19,0.06,21.32,45.4,111.0,Moderate
Amaravati,2018-01-20,0.13,21.88,56.53,137.0,Moderate
Amaravati,2018-01-21,0.05,19.33,38.15,172.0,Moderate
Amaravati,2018-01-22,0.06,19.12,45.36,160.0,Moderate
Amaravati,2018-01-23,0.06,20.29,45.43,163.0,Moderate
Amaravati,2018-01-24,0.06,21.11,44.96,165.0,Moderate
Amaravati,2018-01-25,0.06,23.45,59.92,139.0,Moderate
Amaravati,2018-01-26,0.08,26.0,43.61,176.0,Moderate
Amaravati,2018-01-27,0.09,26.3,43.84,162.0,Moderate
Amaravati,2018-01-28,0.06,22.05,33.37,160.0,Moderate
Amaravati,2018-01-29,0.07,20.24,35.82,142.0,Moderate
Amaravati,2018-01-30,0.05,21.73,45.76,172.0,Moderate
Amaravati,2018-01-31,0.04,19.74,61.52,134.0,Moderate
Amaravati,2018-02-01,0.05,19.42,62.18,136.0,Moderate
Amaravati,2018-02-02,0.07,19.89,45.52,130.0,Moderate
Amaravati,2018-02-03,0.07,23.31,34.37,111.0,Moderate
Amaravati,2018-02-04,0.06,11.19,35.16,117.0,Moderate
Amaravati,2018-02-05,0.66,13.4,30.69,102.0,Moderate
Amaravati,2018-02-06,0.81,17.9,28.53,108.0,Moderate
Amaravati,2018-02-07,0.97,11.05,37.27,99.0,Satisfactory
Amaravati,2018-02-08,0.9,13.02,26.96,121.0,Moderate
Amaravati,2018-02-09,0.61,12.32,20.1,86.0,Satisfactory
Amaravati,2018-02-10,0.61,11.9,16.83,57.0,Satisfactory
Amaravati,2018-02-11,0.62,13.05,11.87,107.0,Moderate
Amaravati,2018-02-12,0.68,11.94,12.85,118.0,Moderate
Amaravati,2018-02-13,0.86,11.99,13.88,110.0,Moderate
Amaravati,2018-02-14,0.95,10.89,16.71,114.0,Moderate
Amaravati,2018-02-15,0.69,20.24,25.6,111.0,Moderate
Amaravati,2018-02-16,0.78,33.72,25.03,117.0,Moderate
Amaravati,2018-02-17,0.67,22.52,16.01,107.0,Moderate
Amaravati,2018-02-18,0.49,24.68,17.35,87.0,Satisfactory
Amaravati,2018-02-19,0.58,22.79,12.79,89.0,Satisfactory
Amaravati,2018-02-20,0.64,23.18,16.33,97.0,Satisfactory
Amaravati,2018-02-21,0.58,19.54,16.82,100.0,Satisfactory
Amaravati,2018-02-22,0.6,18.13,17.33,105.0,Moderate
Amaravati,2018-02-23,0.85,16.57,17.75,114.0,Moderate
Amaravati,2018-02-24,0.7,20.46,19.14,116.0,Moderate
Amaravati,2018-02-27,0.81,18.5,21.18,116.0,Moderate
Amaravati,2018-02-28,0.79,22.46,19.02,108.0,Moderate
Amaravati,2018-03-01,0.79,19.27,22.21,100.0,Satisfactory
Amaravati,2018-03-02,0.72,14.52,18.83,92.0,Satisfactory
Amaravati,2018-03-03,0.65,12.72,17.33,80.0,Satisfactory
Amaravati,2018-03-04,0.66,12.41,22.81,88.0,Satisfactory
Amaravati,2018-03-05,0.78,12.52,24.74,83.0,Satisfactory
Amaravati,2018-03-06,0.81,14.03,26.29,100.0,Satisfactory
Amaravati,2018-03-07,0.75,14.15,19.03,81.0,Satisfactory
Amaravati,2018-03-08,1.03,14.0,28.85,112.0,Moderate
Amaravati,2018-03-09,0.91,16.53,22.65,113.0,Moderate
Amaravati,2018-03-10,0.64,14.09,19.92,105.0,Moderate
Amaravati,2018-03-11,0.78,13.51,13.08,88.0,Satisfactory
Amaravati,2018-03-12,0.68,12.65,19.07,78.0,Satisfactory
Amaravati,2018-03-13,0.72,11.64,20.82,78.0,Satisfactory
Amaravati,2018-03-14,0.56,14.1,15.22,69.0,Satisfactory
Amaravati,2018-03-15,0.58,10.74,10.42,60.0,Satisfactory
Amaravati,2018-03-16,0.58,11.53,8.18,51.0,Satisfactory
Amaravati,2018-03-17,0.7,13.47,19.05,61.0,Satisfactory
Amaravati,2018-03-18,0.8,13.75,20.43,90.0,Satisfactory
Amaravati,2018-03-19,0.7,13.34,14.37,74.0,Satisfactory
Amaravati,2018-03-20,0.57,13.96,18.83,76.0,Satisfactory
Amaravati,2018-03-22,0.59,15.35,14.44,92.0,Satisfactory
Amaravati,2018-03-23,0.6,15.02,14.79,93.0,Satisfactory
Amaravati,2018-03-24,0.73,14.58,8.53,88.0,Satisfactory
Amaravati,2018-03-25,0.67,13.53,6.99,75.0,Satisfactory
Amaravati,2018-03-26,0.68,10.94,9.86,79.0,Satisfactory
Amaravati,2018-03-27,0.58,11.24,11.29,74.0,Satisfactory
Amaravati,2018-03-28,0.83,11.8,10.36,62.0,Satisfactory
Amaravati,2018-03-29,0.69,11.54,7.68,53.0,Satisfactory
Amaravati,2018-03-30,0.57,9.3,8.43,53.0,Satisfactory
Amaravati,2018-03-31,0.64,10.49,6.86,55.0,Satisfactory
Amaravati,2018-04-01,0.55,7.53,5.28,52.0,Satisfactory
Amaravati,2018-04-02,0.56,8.17,14.33,55.0,Satisfactory
Amaravati,2018-04-03,0.67,10.88,11.27,56.0,Satisfactory
Amaravati,2018-04-04,0.72,12.44,9.65,56.0,Satisfactory
Amaravati,2018-04-05,0.69,8.44,6.63,52.0,Satisfactory
Amaravati,2018-04-07,0.74,10.27,10.84,76.0,Satisfactory
Amaravati,2018-04-08,0.65,9.77,13.54,76.0,Satisfactory
Amaravati,2018-04-09,0.81,10.54,8.86,81.0,Satisfactory
Amaravati,2018-04-10,0.5,9.83,11.71,59.0,Satisfactory
Amaravati,2018-04-13,0.59,8.62,5.22,46.0,Good
Amaravati,2018-04-14,0.61,8.66,6.48,40.0,Good
Amaravati,2018-04-15,0.47,8.32,3.54,33.0,Good
Amaravati,2018-04-16,0.5,7.23,5.73,49.0,Good
Amaravati,2018-04-17,0.53,6.04,5.86,32.0,Good
Amaravati,2018-04-19,0.44,6.59,3.26,42.0,Good
Amaravati,2018-04-21,0.66,6.3,4.9,53.0,Satisfactory
Amaravati,2018-04-22,0.36,5.01,3.86,47.0,Good
Amaravati,2018-04-25,0.76,6.68,12.71,79.0,Satisfactory
Amaravati,2018-04-27,0.48,6.78,5.11,47.0,Good
Amaravati,2018-04-28,0.66,5.66,4.84,51.0,Satisfactory
Amaravati,2018-04-29,1.01,4.43,5.55,52.0,Satisfactory
Amaravati,2018-05-01,0.8,5.76,6.96,88.0,Satisfactory
Amaravati,2018-05-02,0.85,8.96,22.75,78.0,Satisfactory
Amaravati,2018-05-03,0.49,12.76,14.17,90.0,Satisfactory
Amaravati,2018-05-04,0.56,12.69,26.74,43.0,Good
Amaravati,2018-05-09,0.43,7.77,6.9,55.0,Satisfactory
Amaravati,2018-05-11,0.51,4.63,10.28,52.0,Satisfactory
Amaravati,2018-05-13,0.4,7.82,5.94,84.0,Satisfactory
Amaravati,2018-05-14,1.03,9.3,10.0,95.0,Satisfactory
Amaravati,2018-05-15,0.26,9.67,14.93,58.0,Satisfactory
Amaravati,2018-05-17,1.18,8.99,9.26,125.0,Moderate
Amaravati,2018-05-18,0.59,13.54,9.05,192.0,Moderate
Amaravati,2018-05-24,0.48,11.52,13.88,86.0,Satisfactory
Amaravati,2018-05-25,0.5,10.61,11.3,62.0,Satisfactory
Amaravati,2018-05-26,0.46,9.78,8.59,78.0,Satisfactory
Amaravati,2018-05-27,0.41,9.48,7.25,114.0,Moderate
Amaravati,2018-05-28,0.34,10.79,7.72,103.0,Moderate
Amaravati,2018-05-29,0.36,11.18,10.82,134.0,Moderate
Amaravati,2018-05-30,0.29,9.85,10.17,168.0,Moderate
Amaravati,2018-05-31,0.32,9.97,9.57,150.0,Moderate
Amaravati,2018-06-01,0.57,10.06,11.57,127.0,Moderate
Amaravati,2018-06-02,0.43,9.62,15.21,106.0,Moderate
Amaravati,2018-06-03,0.32,7.89,19.38,129.0,Moderate
Amaravati,2018-06-04,0.4,9.02,10.78,136.0,Moderate
Amaravati,2018-06-05,0.38,11.27,13.18,155.0,Moderate
Amaravati,2018-06-06,0.51,13.99,18.42,87.0,Satisfactory
Amaravati,2018-06-07,0.42,17.3,13.9,84.0,Satisfactory
Amaravati,2018-06-08,0.32,14.89,10.45,85.0,Satisfactory
Amaravati,2018-06-09,0.4,10.79,9.03,91.0,Satisfactory
Amaravati,2018-06-10,0.46,9.14,6.11,76.0,Satisfactory
Amaravati,2018-06-11,0.49,9.74,10.06,60.0,Satisfactory
Amaravati,2018-06-12,0.79,10.29,13.82,69.0,Satisfactory
Amaravati,2018-06-13,0.61,9.72,15.08,64.0,Satisfactory
Amaravati,2018-06-14,0.55,11.4,11.83,98.0,Satisfactory
Amaravati,2018-06-15,1.13,13.41,13.57,128.0,Moderate
Amaravati,2018-06-16,0.75,10.54,10.96,113.0,Moderate
Amaravati,2018-06-17,0.98,10.85,8.32,87.0,Satisfactory
Amaravati,2018-06-18,0.46,10.72,7.85,79.0,Satisfactory
Amaravati,2018-06-19,0.84,9.36,9.13,69.0,Satisfactory
Amaravati,2018-06-20,1.02,10.32,11.31,78.0,Satisfactory
Amaravati,2018-06-21,1.01,11.32,11.7,88.0,Satisfactory
Amaravati,2018-06-22,0.81,12.21,12.39,101.0,Moderate
Amaravati,2018-06-23,1.05,11.67,11.42,80.0,Satisfactory
Amaravati,2018-06-24,1.0,9.25,7.26,89.0,Satisfactory
Amaravati,2018-06-25,0.55,10.94,7.4,71.0,Satisfactory
Amaravati,2018-06-26,0.52,10.01,8.54,68.0,Satisfactory
Amaravati,2018-06-27,0.57,11.26,10.6,56.0,Satisfactory
Amaravati,2018-06-28,0.61,11.74,17.41,65.0,Satisfactory
Amaravati,2018-06-29,0.38,13.37,13.66,66.0,Satisfactory
Amaravati,2018-06-30,0.41,12.81,12.76,96.0,Satisfactory
Amaravati,2018-07-01,0.51,15.06,16.64,68.0,Satisfactory
Amaravati,2018-07-02,0.52,13.73,15.53,76.0,Satisfactory
Amaravati,2018-07-03,0.4,10.28,13.96,70.0,Satisfactory
Amaravati,2018-07-04,0.41,10.96,13.23,75.0,Satisfactory
Amaravati,2018-07-05,0.33,11.11,10.72,73.0,Satisfactory
Amaravati,2018-07-06,0.63,13.21,17.63,85.0,Satisfactory
Amaravati,2018-07-07,0.37,11.04,6.82,83.0,Satisfactory
Amaravati,2018-07-08,0.46,9.79,5.31,73.0,Satisfactory
Amaravati,2018-07-09,0.37,9.56,7.43,75.0,Satisfactory
Amaravati,2018-07-10,0.36,10.87,6.81,63.0,Satisfactory
Amaravati,2018-07-11,0.39,10.19,6.37,62.0,Satisfactory
Amaravati,2018-07-12,0.64,16.27,7.16,79.0,Satisfactory
Amaravati,2018-07-13,0.16,13.78,7.74,37.0,Good
Amaravati,2018-07-14,0.4,15.05,7.5,35.0,Good
Amaravati,2018-07-15,0.31,12.07,5.01,31.0,Good
Amaravati,2018-07-16,0.3,11.23,6.56,29.0,Good
Amaravati,2018-07-17,0.44,13.07,8.7,32.0,Good
Amaravati,2018-07-18,0.47,14.62,11.13,39.0,Good
Amaravati,2018-07-19,0.42,11.05,9.81,48.0,Good
Amaravati,2018-07-20,0.5,12.61,12.77,42.0,Good
Amaravati,2018-07-21,0.69,14.75,14.95,73.0,Satisfactory
Amaravati,2018-07-22,0.38,14.92,7.8,59.0,Satisfactory
Amaravati,2018-07-24,0.47,15.6,16.26,55.0,Satisfactory
Amaravati,2018-07-25,0.62,14.24,16.25,86.0,Satisfactory
Amaravati,2018-07-26,0.55,16.15,15.45,100.0,Satisfactory
Amaravati,2018-07-27,0.57,16.19,7.75,85.0,Satisfactory
Amaravati,2018-07-28,0.49,18.23,20.1,57.0,Satisfactory
Amaravati,2018-07-29,0.44,18.8,20.63,85.0,Satisfactory
Amaravati,2018-07-30,0.54,18.71,24.83,85.0,Satisfactory
Amaravati,2018-07-31,0.47,21.23,23.91,106.0,Moderate
Amaravati,2018-08-01,0.34,18.05,16.41,100.0,Satisfactory
Amaravati,2018-08-02,0.43,20.07,18.33,68.0,Satisfactory
Amaravati,2018-08-03,0.5,21.89,21.95,61.0,Satisfactory
Amaravati,2018-08-04,0.38,19.74,15.65,71.0,Satisfactory
Amaravati,2018-08-05,0.95,35.2,28.8,77.0,Satisfactory
Amaravati,2018-08-07,0.8,16.57,16.89,111.0,Moderate
Amaravati,2018-08-08,0.44,19.69,16.05,47.0,Good
Amaravati,2018-08-09,0.42,22.11,25.46,47.0,Good
Amaravati,2018-08-10,0.39,24.46,11.2,48.0,Good
Amaravati,2018-08-11,0.59,17.43,9.32,49.0,Good
Amaravati,2018-08-12,0.77,11.88,8.58,50.0,Good
Amaravati,2018-08-13,0.92,14.27,7.85,57.0,Satisfactory
Amaravati,2018-08-14,0.88,14.63,8.92,60.0,Satisfactory
Amaravati,2018-08-15,0.88,15.07,10.48,52.0,Satisfactory
Amaravati,2018-08-16,0.95,18.92,6.74,54.0,Satisfactory
Amaravati,2018-08-17,0.96,13.6,7.96,63.0,Satisfactory
Amaravati,2018-08-18,0.86,14.61,6.6,53.0,Satisfactory
Amaravati,2018-08-19,1.03,20.04,6.04,56.0,Satisfactory
Amaravati,2018-08-21,1.2,9.62,11.69,112.0,Moderate
Amaravati,2018-08-22,1.08,17.12,7.66,75.0,Satisfactory
Amaravati,2018-08-24,1.36,16.38,19.03,89.0,Satisfactory
Amaravati,2018-08-25,1.1,18.52,20.45,76.0,Satisfactory
Amaravati,2018-08-26,0.95,19.91,14.59,78.0,Satisfactory
Amaravati,2018-08-27,0.87,19.26,13.33,66.0,Satisfactory
Amaravati,2018-08-28,0.95,17.73,16.04,61.0,Satisfactory
Amaravati,2018-08-29,1.18,19.88,16.8,83.0,Satisfactory
Amaravati,2018-08-30,1.39,20.7,19.36,87.0,Satisfactory
Amaravati,2018-08-31,1.4,20.42,19.99,97.0,Satisfactory
Amaravati,2018-09-01,1.68,24.55,21.34,98.0,Satisfactory
Amaravati,2018-09-02,1.71,22.37,24.63,99.0,Satisfactory
Amaravati,2018-09-03,1.64,21.76,23.75,94.0,Satisfactory
Amaravati,2018-09-04,1.68,21.11,26.49,98.0,Satisfactory
Amaravati,2018-09-05,1.82,20.62,17.14,102.0,Moderate
Amaravati,2018-09-06,1.57,16.71,21.87,96.0,Satisfactory
Amaravati,2018-09-07,1.48,18.06,25.22,90.0,Satisfactory
Amaravati,2018-09-08,1.54,23.69,21.31,106.0,Moderate
Amaravati,2018-09-11,1.11,23.03,32.4,88.0,Satisfactory
Amaravati,2018-09-12,0.76,21.37,23.58,103.0,Moderate
Amaravati,2018-09-13,0.62,22.66,17.56,76.0,Satisfactory
Amaravati,2018-09-14,0.78,19.44,20.86,68.0,Satisfactory
Amaravati,2018-09-15,0.66,24.14,18.65,75.0,Satisfactory
Amaravati,2018-09-18,1.34,18.14,16.1,89.0,Satisfactory
Amaravati,2018-09-19,0.81,17.82,17.41,79.0,Satisfactory
Amaravati,2018-09-20,0.65,18.04,26.27,65.0,Satisfactory
Amaravati,2018-09-21,0.74,19.86,21.04,80.0,Satisfactory
Amaravati,2018-09-22,0.97,18.22,13.45,81.0,Satisfactory
Amaravati,2018-09-23,0.43,16.71,12.18,52.0,Satisfactory
Amaravati,2018-09-24,0.92,15.48,14.01,89.0,Satisfactory
Amaravati,2018-09-25,0.82,19.43,22.94,59.0,Satisfactory
Amaravati,2018-09-26,0.84,18.56,27.49,62.0,Satisfactory
Amaravati,2018-09-27,0.62,19.6,28.22,52.0,Satisfactory
Amaravati,2018-09-29,0.85,15.78,15.29,61.0,Satisfactory
Amaravati,2018-09-30,0.84,16.9,14.9,57.0,Satisfactory
Amaravati,2018-10-01,0.75,18.93,12.51,49.0,Good
Amaravati,2018-10-02,0.72,16.77,13.81,48.0,Good
Amaravati,2018-10-05,0.84,15.01,17.79,56.0,Satisfactory
Amaravati,2018-10-06,0.76,17.96,25.91,80.0,Satisfactory
Amaravati,2018-10-07,0.86,26.12,36.24,121.0,Moderate
Amaravati,2018-10-09,1.07,18.53,52.69,142.0,Moderate
Amaravati,2018-10-10,0.81,21.36,26.45,154.0,Moderate
Amaravati,2018-10-12,0.6,17.01,29.54,130.0,Moderate
Amaravati,2018-10-13,0.88,19.97,28.13,109.0,Moderate
Amaravati,2018-10-14,0.95,22.01,24.58,113.0,Moderate
Amaravati,2018-10-15,1.09,20.86,27.36,91.0,Satisfactory
Amaravati,2018-10-16,1.07,19.19,25.38,77.0,Satisfactory
Amaravati,2018-10-17,0.94,19.77,18.92,80.0,Satisfactory
Amaravati,2018-10-23,1.29,14.58,25.88,149.0,Moderate
Amaravati,2018-10-24,1.17,15.53,25.81,133.0,Moderate
Amaravati,2018-10-26,1.18,16.01,36.38,122.0,Moderate
Amaravati,2018-10-27,1.35,14.06,45.82,133.0,Moderate
Amaravati,2018-10-28,0.88,13.73,38.23,133.0,Moderate
Amaravati,2018-10-29,1.16,15.37,36.77,118.0,Moderate
Amaravati,2018-10-30,1.26,14.82,36.24,118.0,Moderate
Amaravati,2018-10-31,0.88,12.35,19.63,98.0,Satisfactory
Amaravati,2018-11-03,0.89,1.62,30.66,75.0,Satisfactory
Amaravati,2018-11-04,0.55,2.72,26.48,45.0,Good
Amaravati,2018-11-05,0.73,3.41,39.44,61.0,Satisfactory
Amaravati,2018-11-06,0.89,2.15,39.56,86.0,Satisfactory
Amaravati,2018-11-07,1.04,0.3,45.23,70.0,Satisfactory
Amaravati,2018-11-09,1.07,2.03,57.93,105.0,Moderate
Amaravati,2018-11-10,0.82,2.73,62.91,106.0,Moderate
Amaravati,2018-11-11,1.22,3.53,65.0,120.0,Moderate
Amaravati,2018-11-12,1.21,3.19,80.74,156.0,Moderate
Amaravati,2018-11-13,1.15,4.88,75.54,182.0,Moderate
Amaravati,2018-11-14,1.48,3.45,89.44,144.0,Moderate
Amaravati,2018-11-17,0.87,8.82,43.42,64.0,Satisfactory
Amaravati,2018-11-18,0.84,10.76,35.92,56.0,Satisfactory
Amaravati,2018-11-19,1.03,9.87,38.81,80.0,Satisfactory
Amaravati,2018-11-20,1.07,10.18,38.27,88.0,Satisfactory
Amaravati,2018-11-21,0.89,7.09,47.93,102.0,Moderate
Amaravati,2018-11-26,1.28,3.61,97.16,189.0,Moderate
Amaravati,2018-11-27,1.81,3.81,105.22,190.0,Moderate
Amaravati,2018-11-28,1.51,2.95,89.01,215.0,Poor
Amaravati,2018-12-01,1.16,4.66,90.28,145.0,Moderate
Amaravati,2018-12-02,1.17,1.79,68.12,160.0,Moderate
Amaravati,2018-12-03,1.09,3.38,69.78,130.0,Moderate
Amaravati,2018-12-04,1.11,1.52,86.95,176.0,Moderate
Amaravati,2018-12-05,1.6,10.9,76.89,245.0,Poor
Amaravati,2018-12-07,0.76,6.31,92.4,209.0,Poor
Amaravati,2018-12-08,1.37,8.66,92.9,256.0,Poor
Amaravati,2018-12-09,1.47,10.99,76.7,266.0,Poor
Amaravati,2018-12-10,1.14,13.91,72.27,276.0,Poor
Amaravati,2018-12-11,1.23,17.31,72.19,218.0,Poor
Amaravati,2018-12-12,0.97,16.59,77.58,206.0,Poor
Amaravati,2018-12-14,1.07,16.85,74.89,180.0,Moderate
Amaravati,2018-12-15,1.1,18.28,57.77,217.0,Poor
Amaravati,2018-12-16,0.96,20.78,50.62,211.0,Poor
Amaravati,2018-12-17,0.7,21.15,30.38,90.0,Satisfactory
Amaravati,2018-12-18,0.45,22.45,28.6,49.0,Good
Amaravati,2018-12-19,0.67,23.12,39.69,46.0,Good
Amaravati,2018-12-21,0.94,19.24,63.12,81.0,Satisfactory
Amaravati,2018-12-22,1.17,17.93,55.65,89.0,Satisfactory
Amaravati,2018-12-23,1.0,20.01,46.47,136.0,Moderate
Amaravati,2018-12-24,1.34,19.51,67.51,199.0,Moderate
Amaravati,2018-12-25,1.16,19.49,77.45,221.0,Poor
Amaravati,2018-12-26,1.08,18.65,69.63,178.0,Moderate
Amaravati,2018-12-28,0.92,21.66,69.17,119.0,Moderate
Amaravati,2018-12-29,1.01,21.34,67.17,153.0,Moderate
Amaravati,2018-12-30,1.34,15.29,76.4,202.0,Poor
Amaravati,2018-12-31,1.1,15.82,74.24,191.0,Moderate
Amaravati,2019-01-01,1.09,15.16,83.38,183.0,Moderate
Amaravati,2019-01-02,1.38,10.65,124.57,210.0,Poor
Amaravati,2019-01-03,1.24,8.7,140.17,304.0,Very Poor
Amaravati,2019-01-04,1.43,9.27,106.1,312.0,Very Poor
Amaravati,2019-01-05,1.33,11.1,92.41,304.0,Very Poor
Amaravati,2019-01-06,1.45,13.66,94.51,306.0,Very Poor
Amaravati,2019-01-07,1.5,13.63,103.31,302.0,Very Poor
Amaravati,2019-01-08,1.25,11.21,121.38,298.0,Poor
Amaravati,2019-01-09,0.86,10.39,121.94,274.0,Poor
Amaravati,2019-01-10,0.78,7.38,113.39,270.0,Poor
Amaravati,2019-01-11,0.96,8.62,100.16,302.0,Very Poor
Amaravati,2019-01-12,0.5,15.19,71.61,257.0,Poor
Amaravati,2019-01-13,0.64,17.36,57.32,212.0,Poor
Amaravati,2019-01-14,0.44,17.38,58.43,256.0,Poor
Amaravati,2019-01-15,1.02,17.46,60.37,301.0,Very Poor
Amaravati,2019-01-16,0.7,17.97,50.62,274.0,Poor
Amaravati,2019-01-17,0.82,16.97,58.6,262.0,Poor
Amaravati,2019-01-18,0.8,18.79,63.17,287.0,Poor
Amaravati,2019-01-19,0.72,22.53,61.22,262.0,Poor
Amaravati,2019-01-20,0.91,17.22,71.77,242.0,Poor
Amaravati,2019-01-21,0.55,18.38,64.26,204.0,Poor
Amaravati,2019-01-22,0.85,20.43,60.14,230.0,Poor
Amaravati,2019-01-23,0.55,21.17,49.18,171.0,Moderate
Amaravati,2019-01-24,0.87,20.36,43.14,113.0,Moderate
Amaravati,2019-01-25,0.72,21.38,38.2,96.0,Satisfactory
Amaravati,2019-01-26,0.38,22.92,22.75,56.0,Satisfactory
Amaravati,2019-01-27,0.44,22.29,27.55,48.0,Good
Amaravati,2019-01-28,1.28,17.58,55.79,91.0,Satisfactory
Amaravati,2019-01-29,0.98,17.76,56.1,96.0,Satisfactory
Amaravati,2019-01-30,1.02,17.61,65.34,111.0,Moderate
Amaravati,2019-01-31,1.39,12.16,71.78,143.0,Moderate
Amaravati,2019-02-01,1.06,15.31,68.18,141.0,Moderate
Amaravati,2019-02-02,1.15,14.32,85.01,130.0,Moderate
Amaravati,2019-02-03,1.27,13.58,69.13,149.0,Moderate
Amaravati,2019-02-04,1.11,15.38,61.14,150.0,Moderate
Amaravati,2019-02-05,1.58,14.61,83.44,159.0,Moderate
Amaravati,2019-02-06,1.03,10.83,74.7,178.0,Moderate
Amaravati,2019-02-07,0.74,10.97,25.85,159.0,Moderate
Amaravati,2019-02-08,0.76,17.41,16.37,126.0,Moderate
Amaravati,2019-02-09,0.86,16.81,23.26,115.0,Moderate
Amaravati,2019-02-10,0.52,13.91,16.86,136.0,Moderate
Amaravati,2019-02-11,0.66,16.46,17.12,131.0,Moderate
Amaravati,2019-02-12,0.66,13.97,26.18,137.0,Moderate
Amaravati,2019-02-13,0.74,14.9,28.42,121.0,Moderate
Amaravati,2019-02-14,0.84,16.42,35.52,157.0,Moderate
Amaravati,2019-02-15,0.7,16.94,22.82,116.0,Moderate
Amaravati,2019-02-16,0.55,14.52,15.97,87.0,Satisfactory
Amaravati,2019-02-17,0.54,12.92,13.31,58.0,Satisfactory
Amaravati,2019-02-18,0.59,10.31,17.35,74.0,Satisfactory
Amaravati,2019-02-19,0.72,11.98,17.16,90.0,Satisfactory
Amaravati,2019-02-20,0.58,9.84,15.26,61.0,Satisfactory
Amaravati,2019-02-21,0.72,9.69,21.18,96.0,Satisfactory
Amaravati,2019-02-22,0.64,10.43,25.18,96.0,Satisfactory
Amaravati,2019-02-23,0.8,9.94,28.73,126.0,Moderate
Amaravati,2019-02-24,0.53,13.1,24.64,131.0,Moderate
Amaravati,2019-02-25,0.51,14.69,18.86,95.0,Satisfactory
Amaravati,2019-02-26,0.46,11.9,12.56,62.0,Satisfactory
Amaravati,2019-02-27,0.4,9.17,8.15,64.0,Satisfactory
Amaravati,2019-02-28,0.56,9.1,13.32,60.0,Satisfactory
Amaravati,2019-03-01,0.52,11.97,9.07,101.0,Moderate
Amaravati,2019-03-02,0.44,10.79,8.11,63.0,Satisfactory
Amaravati,2019-03-03,0.43,11.3,12.0,57.0,Satisfactory
Amaravati,2019-03-04,0.41,11.85,10.62,54.0,Satisfactory
Amaravati,2019-03-05,0.5,12.13,13.02,61.0,Satisfactory
Amaravati,2019-03-06,0.69,12.82,16.7,120.0,Moderate
Amaravati,2019-03-07,0.57,13.14,13.22,105.0,Moderate
Amaravati,2019-03-08,0.62,11.34,8.68,92.0,Satisfactory
Amaravati,2019-03-09,0.69,11.03,9.92,86.0,Satisfactory
Amaravati,2019-03-10,0.35,9.45,8.02,56.0,Satisfactory
Amaravati,2019-03-11,0.53,8.86,8.45,78.0,Satisfactory
Amaravati,2019-03-12,0.41,9.74,15.67,74.0,Satisfactory
Amaravati,2019-03-13,0.4,11.1,17.4,97.0,Satisfactory
Amaravati,2019-03-14,0.45,9.4,24.88,107.0,Moderate
Amaravati,2019-03-15,0.64,9.87,19.29,130.0,Moderate
Amaravati,2019-03-16,0.46,10.37,14.19,110.0,Moderate
Amaravati,2019-03-17,0.58,11.63,14.86,98.0,Satisfactory
Amaravati,2019-03-18,0.56,7.71,13.59,101.0,Moderate
Amaravati,2019-03-19,0.68,6.44,9.6,85.0,Satisfactory
Amaravati,2019-03-20,0.7,7.63,7.75,85.0,Satisfactory
Amaravati,2019-03-21,0.5,7.09,6.24,60.0,Satisfactory
Amaravati,2019-03-22,0.53,5.6,12.03,56.0,Satisfactory
Amaravati,2019-03-23,0.53,5.75,14.63,67.0,Satisfactory
Amaravati,2019-03-24,0.47,6.06,8.02,79.0,Satisfactory
Amaravati,2019-03-25,0.5,5.53,10.15,45.0,Good
Amaravati,2019-03-26,0.49,5.76,9.93,53.0,Satisfactory
Amaravati,2019-03-27,0.54,7.15,10.84,69.0,Satisfactory
Amaravati,2019-03-28,0.54,6.62,12.49,65.0,Satisfactory
Amaravati,2019-03-29,0.45,6.81,9.81,78.0,Satisfactory
Amaravati,2019-03-30,0.56,8.36,9.49,83.0,Satisfactory
Amaravati,2019-03-31,0.58,7.66,9.26,64.0,Satisfactory
Amaravati,2019-04-01,0.69,7.56,7.48,102.0,Moderate
Amaravati,2019-04-02,0.71,6.27,8.62,92.0,Satisfactory
Amaravati,2019-04-03,0.48,6.03,5.59,58.0,Satisfactory
Amaravati,2019-04-04,0.64,5.55,7.21,76.0,Satisfactory
Amaravati,2019-04-05,0.67,5.8,6.06,78.0,Satisfactory
Amaravati,2019-04-06,0.62,6.21,5.25,91.0,Satisfactory
Amaravati,2019-04-07,0.76,4.36,7.03,124.0,Moderate
Amaravati,2019-04-08,0.57,4.21,4.2,75.0,Satisfactory
Amaravati,2019-04-09,0.63,4.22,4.48,73.0,Satisfactory
Amaravati,2019-04-10,0.61,4.47,3.14,101.0,Moderate
Amaravati,2019-04-11,0.4,3.7,2.04,64.0,Satisfactory
Amaravati,2019-04-12,0.58,3.95,5.32,80.0,Satisfactory
Amaravati,2019-04-13,0.39,3.98,9.61,85.0,Satisfactory
Amaravati,2019-04-14,0.36,3.86,6.04,80.0,Satisfactory
Amaravati,2019-04-15,0.64,3.49,11.38,84.0,Satisfactory
Amaravati,2019-04-16,0.65,4.81,20.61,79.0,Satisfactory
Amaravati,2019-04-17,0.54,7.6,17.13,91.0,Satisfactory
Amaravati,2019-04-18,0.51,6.54,13.78,79.0,Satisfactory
Amaravati,2019-04-19,0.59,7.05,13.27,82.0,Satisfactory
Amaravati,2019-04-20,0.35,4.58,12.29,45.0,Good
Amaravati,2019-04-21,0.32,3.34,12.59,41.0,Good
Amaravati,2019-04-22,0.48,4.32,19.85,78.0,Satisfactory
Amaravati,2019-04-23,0.58,3.97,29.05,124.0,Moderate
Amaravati,2019-04-24,0.48,4.04,18.08,73.0,Satisfactory
Amaravati,2019-04-25,0.48,6.85,18.74,71.0,Satisfactory
Amaravati,2019-04-26,0.51,8.01,18.31,79.0,Satisfactory
Amaravati,2019-04-27,0.66,5.65,16.88,78.0,Satisfactory
Amaravati,2019-04-28,0.42,4.67,15.11,57.0,Satisfactory
Amaravati,2019-04-29,0.31,4.07,15.46,46.0,Good
Amaravati,2019-04-30,0.4,4.84,19.23,58.0,Satisfactory
Amaravati,2019-05-01,0.64,3.53,23.54,83.0,Satisfactory
Amaravati,2019-05-02,0.98,3.52,27.29,109.0,Moderate
Amaravati,2019-05-03,0.78,5.61,35.92,148.0,Moderate
Amaravati,2019-05-04,0.53,7.12,22.32,158.0,Moderate
Amaravati,2019-05-05,0.52,6.0,23.24,146.0,Moderate
Amaravati,2019-05-06,0.64,7.92,20.22,133.0,Moderate
Amaravati,2019-05-07,0.44,7.81,18.58,122.0,Moderate
Amaravati,2019-05-08,0.77,4.26,26.89,126.0,Moderate
Amaravati,2019-05-09,0.7,5.75,24.31,131.0,Moderate
Amaravati,2019-05-10,0.63,7.06,19.79,124.0,Moderate
Amaravati,2019-05-11,0.59,6.98,19.29,106.0,Moderate
Amaravati,2019-05-15,0.7,6.69,19.98,109.0,Moderate
Amaravati,2019-05-16,0.53,4.91,20.32,92.0,Satisfactory
Amaravati,2019-05-17,0.67,5.96,21.71,88.0,Satisfactory
Amaravati,2019-05-18,0.47,4.32,17.33,95.0,Satisfactory
Amaravati,2019-05-19,0.53,4.17,18.93,93.0,Satisfactory
Amaravati,2019-05-20,0.61,4.01,19.42,104.0,Moderate
Amaravati,2019-05-21,0.49,3.36,20.68,80.0,Satisfactory
Amaravati,2019-05-23,0.72,3.25,16.96,99.0,Satisfactory
Amaravati,2019-05-24,0.63,3.8,17.83,99.0,Satisfactory
Amaravati,2019-05-25,0.89,4.07,17.31,108.0,Moderate
Amaravati,2019-05-26,0.51,3.35,16.93,99.0,Satisfactory
Amaravati,2019-05-27,0.47,4.51,18.0,106.0,Moderate
Amaravati,2019-05-28,0.52,4.47,18.03,85.0,Satisfactory
Amaravati,2019-05-29,0.48,4.22,16.29,83.0,Satisfactory
Amaravati,2019-05-30,0.57,3.85,26.44,83.0,Satisfactory
Amaravati,2019-05-31,0.51,4.06,17.39,74.0,Satisfactory
Amaravati,2019-06-01,0.77,4.84,22.98,103.0,Moderate
Amaravati,2019-06-02,0.5,4.59,18.25,101.0,Moderate
Amaravati,2019-06-03,0.45,4.0,20.17,80.0,Satisfactory
Amaravati,2019-06-04,0.95,3.61,27.54,107.0,Moderate
Amaravati,2019-06-05,0.46,4.56,19.93,91.0,Satisfactory
Amaravati,2019-06-06,0.53,12.18,26.79,78.0,Satisfactory
Amaravati,2019-06-07,0.52,5.86,24.2,65.0,Satisfactory
Amaravati,2019-06-08,0.58,7.52,26.2,71.0,Satisfactory
Amaravati,2019-06-09,0.52,5.5,20.95,90.0,Satisfactory
Amaravati,2019-06-10,0.5,5.06,25.07,78.0,Satisfactory
Amaravati,2019-06-11,0.37,4.78,24.16,61.0,Satisfactory
Amaravati,2019-06-12,0.34,4.69,29.99,50.0,Good
Amaravati,2019-06-13,0.49,3.35,33.11,42.0,Good
Amaravati,2019-06-14,0.36,2.09,24.02,38.0,Good
Amaravati,2019-06-15,0.38,3.49,18.88,54.0,Satisfactory
Amaravati,2019-06-16,0.31,2.01,18.26,75.0,Satisfactory
Amaravati,2019-06-17,0.49,4.94,28.19,72.0,Satisfactory
Amaravati,2019-06-18,0.46,2.85,36.52,59.0,Satisfactory
Amaravati,2019-06-19,0.44,4.57,27.95,77.0,Satisfactory
Amaravati,2019-06-20,0.45,4.45,25.45,59.0,Satisfactory
Amaravati,2019-06-21,0.57,4.79,29.14,42.0,Good
Amaravati,2019-06-22,0.5,5.54,25.75,46.0,Good
Amaravati,2019-06-23,0.46,4.77,24.16,48.0,Good
Amaravati,2019-06-24,0.43,5.4,20.53,53.0,Satisfactory
Amaravati,2019-06-25,0.76,4.41,30.66,78.0,Satisfactory
Amaravati,2019-06-26,0.73,4.23,36.24,74.0,Satisfactory
Amaravati,2019-06-27,0.53,3.09,26.62,70.0,Satisfactory
Amaravati,2019-06-28,0.36,3.36,22.0,42.0,Good
Amaravati,2019-06-29,0.32,2.82,20.71,40.0,Good
Amaravati,2019-06-30,0.35,2.1,22.16,46.0,Good
Amaravati,2019-07-01,0.42,2.9,29.37,39.0,Good
Amaravati,2019-07-02,0.59,2.4,29.88,66.0,Satisfactory
Amaravati,2019-07-03,0.61,2.68,30.62,68.0,Satisfactory
Amaravati,2019-07-04,0.57,2.7,30.36,68.0,Satisfactory
Amaravati,2019-07-05,0.62,2.46,25.22,70.0,Satisfactory
Amaravati,2019-07-06,0.58,3.43,18.0,72.0,Satisfactory
Amaravati,2019-07-07,0.39,1.28,18.2,43.0,Good
Amaravati,2019-07-08,0.33,1.91,22.88,35.0,Good
Amaravati,2019-07-09,0.28,1.62,23.47,37.0,Good
Amaravati,2019-07-10,0.51,2.13,25.64,75.0,Satisfactory
Amaravati,2019-07-11,0.34,2.44,26.2,40.0,Good
Amaravati,2019-07-12,0.56,2.06,22.68,70.0,Satisfactory
Amaravati,2019-07-13,0.42,3.6,4.58,48.0,Good
Amaravati,2019-07-14,0.4,2.84,3.7,41.0,Good
Amaravati,2019-07-15,0.36,2.99,9.95,48.0,Good
Amaravati,2019-07-16,0.47,2.72,17.05,39.0,Good
Amaravati,2019-07-17,0.45,5.9,19.35,55.0,Satisfactory
Amaravati,2019-07-18,0.43,5.05,16.01,53.0,Satisfactory
Amaravati,2019-07-19,0.54,6.07,13.16,46.0,Good
Amaravati,2019-07-20,0.44,5.5,5.65,47.0,Good
Amaravati,2019-07-21,0.49,4.81,4.64,45.0,Good
Amaravati,2019-07-22,0.5,4.25,9.64,39.0,Good
Amaravati,2019-07-23,0.42,3.87,12.71,35.0,Good
Amaravati,2019-07-26,0.38,3.4,10.04,35.0,Good
Amaravati,2019-07-27,0.55,3.12,3.94,65.0,Satisfactory
Amaravati,2019-07-28,0.33,2.17,2.08,36.0,Good
Amaravati,2019-07-29,0.56,2.47,11.39,68.0,Satisfactory
Amaravati,2019-07-30,0.31,1.87,10.03,28.0,Good
Amaravati,2019-07-31,0.38,2.59,4.4,29.0,Good
Amaravati,2019-08-01,0.39,2.43,4.43,34.0,Good
Amaravati,2019-08-02,0.46,2.44,1.52,68.0,Satisfactory
Amaravati,2019-08-03,0.32,4.4,3.35,24.0,Good
Amaravati,2019-08-04,0.34,6.13,4.02,27.0,Good
Amaravati,2019-08-05,0.34,6.38,6.1,31.0,Good
Amaravati,2019-08-06,0.34,6.28,6.48,32.0,Good
Amaravati,2019-08-07,0.46,6.23,6.38,66.0,Satisfactory
Amaravati,2019-08-08,0.27,6.31,7.66,27.0,Good
Amaravati,2019-08-09,0.41,6.98,10.11,32.0,Good
Amaravati,2019-08-10,0.5,7.17,7.57,70.0,Satisfactory
Amaravati,2019-08-11,0.6,6.66,6.74,76.0,Satisfactory
Amaravati,2019-08-12,0.32,6.45,7.45,49.0,Good
Amaravati,2019-08-15,0.58,14.56,9.16,51.0,Satisfactory
Amaravati,2019-08-16,0.4,12.08,9.34,49.0,Good
Amaravati,2019-08-17,0.42,13.57,9.58,40.0,Good
Amaravati,2019-08-28,0.62,14.64,12.43,92.0,Satisfactory
Amaravati,2019-08-29,0.47,15.31,13.97,47.0,Good
Amaravati,2019-08-30,0.45,24.24,14.19,37.0,Good
Amaravati,2019-10-08,0.55,17.46,12.18,50.0,Good
Amaravati,2019-10-09,0.89,17.92,11.48,78.0,Satisfactory
Amaravati,2019-10-10,0.7,11.94,14.29,45.0,Good
Amaravati,2019-10-11,0.46,12.69,11.78,43.0,Good
Amaravati,2019-10-12,0.65,10.75,7.41,72.0,Satisfactory
Amaravati,2019-10-13,0.45,9.64,7.96,46.0,Good
Amaravati,2019-10-14,0.65,8.4,11.9,74.0,Satisfactory
Amaravati,2019-10-15,0.72,12.43,12.02,55.0,Satisfactory
Amaravati,2019-10-16,0.64,12.31,13.18,72.0,Satisfactory
Amaravati,2019-10-17,0.52,10.32,13.02,51.0,Satisfactory
Amaravati,2019-10-18,0.58,9.41,11.3,43.0,Good
Amaravati,2019-10-19,0.47,10.25,10.61,41.0,Good
Amaravati,2019-10-20,0.53,8.66,7.85,52.0,Satisfactory
Amaravati,2019-10-21,0.72,8.36,12.56,72.0,Satisfactory
Amaravati,2019-10-22,0.59,7.32,16.43,44.0,Good
Amaravati,2019-10-23,0.72,8.03,13.51,71.0,Satisfactory
Amaravati,2019-10-24,0.5,7.79,11.84,40.0,Good
Amaravati,2019-10-25,0.46,7.21,10.7,39.0,Good
Amaravati,2019-10-26,0.72,7.35,11.1,69.0,Satisfactory
Amaravati,2019-10-27,0.76,8.32,9.97,49.0,Good
Amaravati,2019-10-28,0.55,7.89,9.76,67.0,Satisfactory
Amaravati,2019-10-29,0.65,8.33,13.01,48.0,Good
Amaravati,2019-10-30,0.62,8.18,13.63,48.0,Good
Amaravati,2019-10-31,0.64,6.44,13.82,45.0,Good
Amaravati,2019-11-01,0.58,6.68,13.44,64.0,Satisfactory
Amaravati,2019-11-02,0.6,7.12,11.45,49.0,Good
Amaravati,2019-11-03,0.67,9.29,15.53,74.0,Satisfactory
Amaravati,2019-11-04,0.68,10.74,20.7,94.0,Satisfactory
Amaravati,2019-11-05,0.82,11.21,26.0,122.0,Moderate
Amaravati,2019-11-06,0.89,13.0,22.79,190.0,Moderate
Amaravati,2019-11-07,1.04,13.37,24.78,198.0,Moderate
Amaravati,2019-11-08,0.93,13.9,20.13,174.0,Moderate
Amaravati,2019-11-09,0.75,13.92,14.09,168.0,Moderate
Amaravati,2019-11-10,0.64,11.48,12.24,126.0,Moderate
Amaravati,2019-11-11,0.67,10.87,16.23,77.0,Satisfactory
Amaravati,2019-11-12,0.91,10.74,20.42,94.0,Satisfactory
Amaravati,2019-11-13,0.64,10.82,14.75,73.0,Satisfactory
Amaravati,2019-11-14,0.93,10.46,16.68,101.0,Moderate
Amaravati,2019-11-15,0.8,10.84,13.27,100.0,Satisfactory
Amaravati,2019-11-16,1.04,11.54,15.42,115.0,Moderate
Amaravati,2019-11-17,0.83,11.38,18.14,127.0,Moderate
Amaravati,2019-11-18,0.81,10.74,14.32,90.0,Satisfactory
Amaravati,2019-11-19,1.0,12.77,14.9,98.0,Satisfactory
Amaravati,2019-11-20,0.79,13.44,12.84,162.0,Moderate
Amaravati,2019-11-21,0.98,11.1,13.46,141.0,Moderate
Amaravati,2019-11-22,0.65,9.58,15.54,94.0,Satisfactory
Amaravati,2019-11-23,0.71,11.13,15.36,97.0,Satisfactory
Amaravati,2019-11-24,0.83,11.83,16.19,136.0,Moderate
Amaravati,2019-11-25,0.81,13.62,15.78,167.0,Moderate
Amaravati,2019-11-26,1.15,13.29,16.51,174.0,Moderate
Amaravati,2019-11-27,0.92,11.88,21.1,151.0,Moderate
Amaravati,2019-11-28,0.78,10.05,14.13,121.0,Moderate
Amaravati,2019-11-29,0.67,9.11,14.42,78.0,Satisfactory
Amaravati,2019-11-30,0.81,11.27,12.3,79.0,Satisfactory
Amaravati,2019-12-01,0.95,15.72,16.03,94.0,Satisfactory
Amaravati,2019-12-02,0.7,14.4,13.9,98.0,Satisfactory
Amaravati,2019-12-03,0.72,17.28,14.49,100.0,Satisfactory
Amaravati,2019-12-04,0.83,20.71,14.81,156.0,Moderate
Amaravati,2019-12-05,0.78,18.82,22.64,160.0,Moderate
Amaravati,2019-12-06,1.0,16.04,23.89,185.0,Moderate
Amaravati,2019-12-07,0.95,12.59,19.42,174.0,Moderate
Amaravati,2019-12-08,0.56,11.52,12.29,79.0,Satisfactory
Amaravati,2019-12-09,0.52,10.42,15.4,61.0,Satisfactory
Amaravati,2019-12-10,0.77,14.14,24.73,83.0,Satisfactory
Amaravati,2019-12-11,0.68,13.61,22.53,86.0,Satisfactory
Amaravati,2019-12-12,0.62,13.46,18.7,72.0,Satisfactory
Amaravati,2019-12-13,0.62,16.42,16.11,66.0,Satisfactory
Amaravati,2019-12-14,0.55,14.38,13.1,64.0,Satisfactory
Amaravati,2019-12-15,0.65,13.85,17.58,73.0,Satisfactory
Amaravati,2019-12-16,0.62,14.81,17.93,76.0,Satisfactory
Amaravati,2019-12-17,0.84,19.74,25.62,96.0,Satisfactory
Amaravati,2019-12-18,0.75,19.94,17.15,137.0,Moderate
Amaravati,2019-12-19,0.76,23.06,17.41,138.0,Moderate
Amaravati,2019-12-20,0.9,20.43,19.92,188.0,Moderate
Amaravati,2019-12-21,0.84,19.48,15.67,166.0,Moderate
Amaravati,2019-12-22,0.71,18.4,13.46,162.0,Moderate
Amaravati,2019-12-23,0.69,17.61,13.46,147.0,Moderate
Amaravati,2019-12-24,0.82,16.52,14.77,138.0,Moderate
Amaravati,2019-12-25,0.95,14.6,13.16,194.0,Moderate
Amaravati,2019-12-26,0.59,13.24,14.79,114.0,Moderate
Amaravati,2019-12-27,0.63,13.75,17.65,77.0,Satisfactory
Amaravati,2019-12-28,0.78,15.74,15.8,79.0,Satisfactory
Amaravati,2019-12-29,0.75,16.66,12.5,133.0,Moderate
Amaravati,2019-12-30,0.92,14.39,12.73,131.0,Moderate
Amaravati,2019-12-31,0.64,14.44,12.64,87.0,Satisfactory
Amaravati,2020-01-01,0.77,14.99,12.12,96.0,Satisfactory
Amaravati,2020-01-02,0.73,14.75,12.17,82.0,Satisfactory
Amaravati,2020-01-03,0.69,14.43,13.53,76.0,Satisfactory
Amaravati,2020-01-04,0.64,14.34,18.79,47.0,Good
Amaravati,2020-01-05,0.63,20.69,12.98,55.0,Satisfactory
Amaravati,2020-01-06,0.65,21.22,11.64,66.0,Satisfactory
Amaravati,2020-01-07,0.68,20.46,12.04,109.0,Moderate
Amaravati,2020-01-08,0.64,16.98,11.47,103.0,Moderate
Amaravati,2020-01-09,0.53,15.63,13.23,78.0,Satisfactory
Amaravati,2020-01-10,0.67,17.07,21.49,70.0,Satisfactory
Amaravati,2020-01-11,0.76,18.55,16.47,110.0,Moderate
Amaravati,2020-01-12,0.8,18.62,16.82,147.0,Moderate
Amaravati,2020-01-13,0.95,20.95,20.64,177.0,Moderate
Amaravati,2020-01-14,0.85,19.57,14.0,168.0,Moderate
Amaravati,2020-01-15,0.76,19.03,11.06,163.0,Moderate
Amaravati,2020-01-16,0.64,21.41,10.33,108.0,Moderate
Amaravati,2020-01-17,0.66,15.1,11.52,82.0,Satisfactory
Amaravati,2020-01-18,0.6,12.88,8.68,60.0,Satisfactory
Amaravati,2020-01-19,0.69,13.99,10.43,58.0,Satisfactory
Amaravati,2020-01-20,0.63,14.42,16.9,62.0,Satisfactory
Amaravati,2020-01-21,0.63,16.82,15.62,63.0,Satisfactory
Amaravati,2020-01-22,0.65,17.54,14.76,63.0,Satisfactory
Amaravati,2020-01-23,0.75,18.24,17.94,87.0,Satisfactory
Amaravati,2020-01-24,0.73,18.05,15.34,101.0,Moderate
Amaravati,2020-01-25,0.64,18.53,11.66,98.0,Satisfactory
Amaravati,2020-01-26,0.61,16.55,15.39,77.0,Satisfactory
Amaravati,2020-01-27,0.57,17.89,16.51,74.0,Satisfactory
Amaravati,2020-01-28,0.52,16.7,14.78,65.0,Satisfactory
Amaravati,2020-01-29,0.52,17.48,9.21,59.0,Satisfactory
Amaravati,2020-01-30,0.55,15.9,13.11,59.0,Satisfactory
Amaravati,2020-01-31,0.49,15.51,15.53,66.0,Satisfactory
Amaravati,2020-02-01,0.45,13.05,12.12,52.0,Satisfactory
Amaravati,2020-02-02,0.47,13.25,10.35,47.0,Good
Amaravati,2020-02-03,0.54,14.49,12.27,48.0,Good
Amaravati,2020-02-04,0.52,14.24,14.18,54.0,Satisfactory
Amaravati,2020-02-05,0.52,15.08,11.44,54.0,Satisfactory
Amaravati,2020-02-06,0.52,14.0,14.78,47.0,Good
Amaravati,2020-02-07,0.44,14.69,9.88,44.0,Good
Amaravati,2020-02-08,0.38,15.98,10.81,45.0,Good
Amaravati,2020-02-09,0.62,15.89,16.17,51.0,Satisfactory
Amaravati,2020-02-10,0.53,18.78,14.25,65.0,Satisfactory
Amaravati,2020-02-11,0.6,18.61,13.84,70.0,Satisfactory
Amaravati,2020-02-12,0.67,19.76,17.03,86.0,Satisfactory
Amaravati,2020-02-13,0.64,20.39,25.9,110.0,Moderate
Amaravati,2020-02-14,0.52,18.22,16.21,87.0,Satisfactory
Amaravati,2020-02-15,0.78,21.25,23.25,103.0,Moderate
Amaravati,2020-02-16,0.44,21.98,14.1,88.0,Satisfactory
Amaravati,2020-02-17,0.44,18.64,14.06,66.0,Satisfactory
Amaravati,2020-02-18,0.48,18.14,14.53,66.0,Satisfactory
Amaravati,2020-02-19,0.46,19.11,14.6,65.0,Satisfactory
Amaravati,2020-02-20,0.44,17.4,12.98,77.0,Satisfactory
Amaravati,2020-02-21,0.47,13.53,11.83,74.0,Satisfactory
Amaravati,2020-02-22,0.48,10.6,12.98,60.0,Satisfactory
Amaravati,2020-02-23,0.77,12.6,14.44,82.0,Satisfactory
Amaravati,2020-02-24,0.62,14.42,9.29,68.0,Satisfactory
Amaravati,2020-02-25,0.61,12.94,10.73,53.0,Satisfactory
Amaravati,2020-02-26,0.81,15.78,13.15,78.0,Satisfactory
Amaravati,2020-02-27,0.86,14.82,13.49,73.0,Satisfactory
Amaravati,2020-02-28,0.66,14.0,10.99,68.0,Satisfactory
Amaravati,2020-02-29,0.52,13.49,10.24,65.0,Satisfactory
Amaravati,2020-03-01,0.48,12.67,8.29,67.0,Satisfactory
Amaravati,2020-03-02,0.56,12.86,11.69,67.0,Satisfactory
Amaravati,2020-03-03,0.58,12.84,10.71,70.0,Satisfactory
Amaravati,2020-03-04,0.55,12.21,12.61,66.0,Satisfactory
Amaravati,2020-03-05,0.49,10.82,7.85,47.0,Good
Amaravati,2020-03-06,0.48,10.31,5.45,36.0,Good
Amaravati,2020-03-07,0.52,10.4,6.19,35.0,Good
Amaravati,2020-03-08,0.49,8.47,8.15,35.0,Good
Amaravati,2020-03-09,0.54,9.65,9.77,42.0,Good
Amaravati,2020-03-10,0.46,9.32,7.78,35.0,Good
Amaravati,2020-03-11,0.48,8.81,5.99,35.0,Good
Amaravati,2020-03-12,0.49,10.53,5.62,38.0,Good
Amaravati,2020-03-13,0.45,9.23,5.74,35.0,Good
Amaravati,2020-03-14,0.49,9.98,8.07,48.0,Good
Amaravati,2020-03-15,0.47,9.82,7.94,48.0,Good
Amaravati,2020-03-16,0.57,10.82,9.42,48.0,Good
Amaravati,2020-03-17,0.64,10.09,8.93,54.0,Satisfactory
Amaravati,2020-03-18,0.58,9.35,9.54,48.0,Good
Amaravati,2020-03-19,0.55,9.31,8.13,51.0,Satisfactory
Amaravati,2020-03-20,0.49,10.07,7.4,43.0,Good
Amaravati,2020-03-21,0.49,8.51,5.15,37.0,Good
Amaravati,2020-03-22,0.48,10.08,4.19,39.0,Good
Amaravati,2020-03-23,0.45,8.62,4.65,51.0,Satisfactory
Amaravati,2020-03-24,0.46,7.58,4.81,47.0,Good
Amaravati,2020-03-25,1.47,7.58,4.29,101.0,Moderate
Amaravati,2020-03-26,0.66,7.93,4.99,108.0,Moderate
Amaravati,2020-03-27,0.23,8.2,4.69,52.0,Satisfactory
Amaravati,2020-03-28,0.25,7.88,4.71,61.0,Satisfactory
Amaravati,2020-03-29,0.37,7.91,5.11,58.0,Satisfactory
Amaravati,2020-03-30,0.37,8.01,5.2,58.0,Satisfactory
Amaravati,2020-03-31,0.28,8.81,4.52,69.0,Satisfactory
Amaravati,2020-04-01,0.25,9.07,5.03,69.0,Satisfactory
Amaravati,2020-04-10,0.0,6.25,6.54,53.0,Satisfactory
Amaravati,2020-04-11,0.0,6.74,4.58,42.0,Good
Amaravati,2020-04-12,0.0,6.79,4.59,44.0,Good
Amaravati,2020-04-13,0.0,7.17,4.91,47.0,Good
Amaravati,2020-04-14,0.0,7.23,4.99,50.0,Good
Amaravati,2020-04-15,0.0,6.92,4.5,51.0,Satisfactory
Amaravati,2020-04-16,0.0,6.84,4.4,43.0,Good
Amaravati,2020-04-17,0.0,7.29,4.83,40.0,Good
Amaravati,2020-04-22,0.0,6.56,3.97,26.0,Good
Amaravati,2020-04-23,0.0,6.59,3.97,30.0,Good
Amaravati,2020-04-24,0.0,6.41,3.87,31.0,Good
Amaravati,2020-04-25,0.0,6.81,4.26,43.0,Good
Amaravati,2020-04-26,0.0,5.43,6.18,56.0,Satisfactory
Amaravati,2020-04-27,0.0,7.0,5.66,52.0,Satisfactory
Amaravati,2020-04-28,0.0,5.9,5.21,41.0,Good
Amaravati,2020-04-29,0.0,7.98,11.76,43.0,Good
Amaravati,2020-04-30,0.0,7.86,6.22,56.0,Satisfactory
Amaravati,2020-05-22,0.38,11.55,10.11,103.0,Moderate
Amaravati,2020-05-23,0.52,12.22,4.87,88.0,Satisfactory
Amaravati,2020-05-24,0.45,10.29,4.2,66.0,Satisfactory
Amaravati,2020-05-25,0.47,11.22,3.63,57.0,Satisfactory
Amaravati,2020-05-26,0.49,11.74,3.89,69.0,Satisfactory
Amaravati,2020-05-27,0.5,11.7,4.33,69.0,Satisfactory
Amaravati,2020-05-28,0.6,12.46,5.41,64.0,Satisfactory
Amaravati,2020-05-29,0.6,10.97,5.69,70.0,Satisfactory
Amaravati,2020-05-30,0.57,10.98,6.94,63.0,Satisfactory
Amaravati,2020-05-31,0.55,10.08,5.43,62.0,Satisfactory
Amaravati,2020-06-01,0.48,4.7,9.29,46.0,Good
Amaravati,2020-06-02,0.51,10.11,9.72,41.0,Good
Amaravati,2020-06-03,0.5,7.4,10.19,40.0,Good
Amaravati,2020-06-04,0.54,7.17,11.09,39.0,Good
Amaravati,2020-06-05,0.44,8.01,8.83,58.0,Satisfactory
Amaravati,2020-06-06,0.42,6.2,7.06,44.0,Good
Amaravati,2020-06-07,0.42,6.93,6.9,50.0,Good
Amaravati,2020-06-08,0.44,7.12,10.16,54.0,Satisfactory
Amaravati,2020-06-09,0.5,6.04,10.06,61.0,Satisfactory
Amaravati,2020-06-10,0.59,9.51,15.4,58.0,Satisfactory
Amaravati,2020-06-11,0.51,9.96,14.58,53.0,Satisfactory
Amaravati,2020-06-12,0.53,8.76,10.03,47.0,Good
Amaravati,2020-06-13,0.48,7.97,8.44,44.0,Good
Amaravati,2020-06-14,0.53,8.67,8.06,47.0,Good
Amaravati,2020-06-15,0.48,8.73,9.21,41.0,Good
Amaravati,2020-06-16,0.5,8.35,16.7,39.0,Good
Amaravati,2020-06-17,0.38,10.3,16.26,36.0,Good
Amaravati,2020-06-18,0.62,12.91,12.95,42.0,Good
Amaravati,2020-06-19,0.64,8.92,13.74,43.0,Good
Amaravati,2020-06-20,0.55,8.6,9.48,55.0,Satisfactory
Amaravati,2020-06-21,0.59,9.45,10.27,50.0,Good
Amaravati,2020-06-22,0.65,10.92,12.1,46.0,Good
Amaravati,2020-06-23,0.58,13.53,9.15,55.0,Satisfactory
Amaravati,2020-06-24,0.59,11.62,10.59,52.0,Satisfactory
Amaravati,2020-06-25,0.62,14.57,8.44,50.0,Good
Amaravati,2020-06-26,0.53,12.46,7.21,37.0,Good
Amaravati,2020-06-27,0.55,8.97,6.53,42.0,Good
Amaravati,2020-06-28,0.66,9.77,8.32,49.0,Good
Amaravati,2020-06-29,0.66,14.3,9.55,56.0,Satisfactory
Amaravati,2020-06-30,0.66,13.38,10.69,61.0,Satisfactory
Amaravati,2020-07-01,0.59,8.45,9.68,54.0,Satisfactory
Amritsar,2017-02-28,0.67,1.73,8.05,52.0,Satisfactory
Amritsar,2017-03-01,0.43,1.48,6.02,31.0,Good
Amritsar,2017-03-02,0.36,1.29,3.88,106.0,Moderate
Amritsar,2017-03-03,0.37,1.15,3.13,98.0,Satisfactory
Amritsar,2017-03-04,0.47,1.86,4.13,61.0,Satisfactory
Amritsar,2017-03-05,0.39,1.26,2.66,62.0,Satisfactory
Amritsar,2017-03-06,0.54,1.99,4.89,78.0,Satisfactory
Amritsar,2017-03-07,0.36,2.4,5.32,72.0,Satisfactory
Amritsar,2017-03-08,0.39,2.51,7.88,71.0,Satisfactory
Amritsar,2017-03-09,0.36,2.31,11.66,59.0,Satisfactory
Amritsar,2017-03-10,0.2,2.05,15.11,73.0,Satisfactory
Amritsar,2017-03-11,0.0,6.82,19.67,56.0,Satisfactory
Amritsar,2017-03-12,0.0,11.73,26.15,55.0,Satisfactory
Amritsar,2017-03-13,0.0,11.71,25.88,69.0,Satisfactory
Amritsar,2017-03-14,0.0,11.76,25.21,80.0,Satisfactory
Amritsar,2017-03-15,0.0,12.33,26.05,89.0,Satisfactory
Amritsar,2017-03-16,0.0,12.56,26.38,79.0,Satisfactory
Amritsar,2017-03-17,0.0,12.45,27.06,262.0,Poor
Amritsar,2017-03-18,0.0,12.03,26.07,184.0,Moderate
Amritsar,2017-03-19,0.0,11.99,25.73,138.0,Moderate
Amritsar,2017-03-20,0.0,12.4,25.23,138.0,Moderate
Amritsar,2017-03-21,0.0,12.67,26.26,100.0,Satisfactory
Amritsar,2017-03-22,0.0,13.0,28.39,89.0,Satisfactory
Amritsar,2017-03-23,0.0,12.72,26.26,84.0,Satisfactory
Amritsar,2017-03-24,0.0,12.41,24.95,72.0,Satisfactory
Amritsar,2017-03-25,0.0,11.87,23.95,90.0,Satisfactory
Amritsar,2017-03-26,0.0,12.35,23.68,84.0,Satisfactory
Amritsar,2017-03-27,0.0,12.16,27.32,74.0,Satisfactory
Amritsar,2017-03-28,0.0,12.03,30.37,96.0,Satisfactory
Amritsar,2017-03-29,0.0,12.31,30.1,76.0,Satisfactory
Amritsar,2017-03-30,0.0,12.66,30.88,71.0,Satisfactory
Amritsar,2017-03-31,0.0,13.3,31.49,91.0,Satisfactory
Amritsar,2017-04-01,0.0,12.84,31.72,45.0,Good
Amritsar,2017-04-02,0.0,12.37,30.57,30.0,Good
Amritsar,2017-04-03,0.0,10.01,23.44,72.0,Satisfactory
Amritsar,2017-04-04,0.0,16.51,27.46,76.0,Satisfactory
Amritsar,2017-04-05,0.0,19.88,30.01,60.0,Satisfactory
Amritsar,2017-04-09,0.0,30.36,37.9,44.0,Good
Amritsar,2017-04-10,0.0,29.24,19.08,57.0,Satisfactory
Amritsar,2017-04-11,0.0,29.47,21.1,66.0,Satisfactory
Amritsar,2017-04-12,0.0,28.98,19.74,63.0,Satisfactory
Amritsar,2017-04-13,0.0,29.37,23.29,85.0,Satisfactory
Amritsar,2017-04-14,0.0,29.11,21.97,61.0,Satisfactory
Amritsar,2017-04-15,0.0,29.06,21.26,49.0,Good
Amritsar,2017-04-16,0.0,28.81,20.9,53.0,Satisfactory
Amritsar,2017-04-17,0.0,28.7,20.53,82.0,Satisfactory
Amritsar,2017-04-18,0.0,28.86,20.7,170.0,Moderate
Amritsar,2017-04-19,0.0,28.73,21.29,109.0,Moderate
Amritsar,2017-04-20,0.0,28.94,22.4,65.0,Satisfactory
Amritsar,2017-04-25,0.0,28.63,16.62,42.0,Good
Amritsar,2017-04-26,0.0,28.5,17.11,46.0,Good
Amritsar,2017-04-27,0.0,28.27,16.71,43.0,Good
Amritsar,2017-04-28,0.0,28.26,17.07,43.0,Good
Amritsar,2017-04-29,0.0,28.42,16.78,45.0,Good
Amritsar,2017-04-30,0.0,28.3,16.07,43.0,Good
Amritsar,2017-05-01,0.0,28.38,16.56,41.0,Good
Amritsar,2017-05-02,0.0,28.71,10.76,97.0,Satisfactory
Amritsar,2017-05-03,0.0,30.36,16.31,102.0,Moderate
Amritsar,2017-05-04,0.0,30.45,16.67,100.0,Satisfactory
Amritsar,2017-05-05,0.0,30.32,16.7,121.0,Moderate
Amritsar,2017-05-06,0.0,30.49,16.92,117.0,Moderate
Amritsar,2017-05-07,0.0,30.52,16.7,123.0,Moderate
Amritsar,2017-05-08,0.0,30.05,16.46,110.0,Moderate
Amritsar,2017-05-09,0.0,30.0,16.57,122.0,Moderate
Amritsar,2017-05-11,0.0,29.09,15.87,539.0,Severe
Amritsar,2017-05-12,0.0,29.27,16.01,473.0,Severe
Amritsar,2017-05-13,0.0,29.05,15.91,138.0,Moderate
Amritsar,2017-05-14,0.0,28.95,16.19,116.0,Moderate
Amritsar,2017-05-15,0.0,28.86,15.71,114.0,Moderate
Amritsar,2017-05-16,0.0,28.33,15.04,102.0,Moderate
Amritsar,2017-05-17,0.0,28.2,15.05,80.0,Satisfactory
Amritsar,2017-05-18,0.0,27.91,14.9,87.0,Satisfactory
Amritsar,2017-05-19,0.0,28.04,15.07,93.0,Satisfactory
Amritsar,2017-05-20,0.0,28.0,15.1,98.0,Satisfactory
Amritsar,2017-05-21,0.0,28.2,15.07,89.0,Satisfactory
Amritsar,2017-05-22,0.0,28.17,15.23,56.0,Satisfactory
Amritsar,2017-05-23,0.0,28.1,15.35,56.0,Satisfactory
Amritsar,2017-05-24,0.0,28.02,15.19,79.0,Satisfactory
Amritsar,2017-05-25,0.0,28.08,15.34,270.0,Poor
Amritsar,2017-05-26,0.0,28.01,15.02,48.0,Good
Amritsar,2017-05-27,0.0,27.94,14.94,35.0,Good
Amritsar,2017-05-28,0.0,27.84,14.63,34.0,Good
Amritsar,2017-05-29,0.0,27.86,14.75,26.0,Good
Amritsar,2017-05-30,0.0,27.7,14.04,44.0,Good
Amritsar,2017-05-31,0.0,27.7,14.09,67.0,Satisfactory
Amritsar,2017-06-01,0.0,28.28,15.07,62.0,Satisfactory
Amritsar,2017-06-03,0.0,27.95,14.49,107.0,Moderate
Amritsar,2017-06-04,0.0,27.85,14.2,108.0,Moderate
Amritsar,2017-06-05,0.0,42.87,36.62,125.0,Moderate
Amritsar,2017-06-06,0.0,27.61,13.43,197.0,Moderate
Amritsar,2017-06-07,0.0,41.2,31.09,143.0,Moderate
Amritsar,2017-06-08,0.0,27.67,14.02,64.0,Satisfactory
Amritsar,2017-06-09,0.0,27.69,13.56,85.0,Satisfactory
Amritsar,2017-06-10,0.0,27.71,13.59,83.0,Satisfactory
Amritsar,2017-06-11,0.0,27.74,13.79,70.0,Satisfactory
Amritsar,2017-06-12,0.0,27.81,13.84,65.0,Satisfactory
Amritsar,2017-06-14,0.0,27.6,13.47,75.0,Satisfactory
Amritsar,2017-06-15,0.0,27.68,13.51,88.0,Satisfactory
Amritsar,2017-06-16,0.0,27.75,13.66,73.0,Satisfactory
Amritsar,2017-06-17,0.0,27.7,13.5,97.0,Satisfactory
Amritsar,2017-06-18,0.0,27.7,13.51,80.0,Satisfactory
Amritsar,2017-06-19,0.0,27.58,13.17,103.0,Moderate
Amritsar,2017-06-20,0.0,27.57,13.01,81.0,Satisfactory
Amritsar,2017-06-21,0.0,27.62,13.01,76.0,Satisfactory
Amritsar,2017-06-22,0.0,27.7,13.14,76.0,Satisfactory
Amritsar,2017-06-23,0.0,27.55,12.88,86.0,Satisfactory
Amritsar,2017-06-24,0.0,27.55,13.03,100.0,Satisfactory
Amritsar,2017-06-25,0.0,27.53,12.95,104.0,Moderate
Amritsar,2017-06-26,0.0,27.48,12.87,103.0,Moderate
Amritsar,2017-06-27,0.0,27.51,12.84,100.0,Satisfactory
Amritsar,2017-06-28,0.0,27.67,12.96,81.0,Satisfactory
Amritsar,2017-06-29,0.0,27.78,13.12,74.0,Satisfactory
Amritsar,2017-06-30,0.0,17.09,12.3,90.0,Satisfactory
Amritsar,2017-07-01,0.0,12.22,23.33,92.0,Satisfactory
Amritsar,2017-07-02,0.0,11.48,21.85,94.0,Satisfactory
Amritsar,2017-07-03,0.0,11.52,22.57,91.0,Satisfactory
Amritsar,2017-07-04,0.0,11.55,12.64,91.0,Satisfactory
Amritsar,2017-07-05,0.0,11.44,12.15,101.0,Moderate
Amritsar,2017-07-06,0.0,11.32,6.95,88.0,Satisfactory
Amritsar,2017-07-07,0.0,11.42,8.56,89.0,Satisfactory
Amritsar,2017-07-08,0.0,10.82,12.85,104.0,Moderate
Amritsar,2017-07-11,0.0,11.28,11.72,87.0,Satisfactory
Amritsar,2017-07-12,0.0,11.15,9.42,97.0,Satisfactory
Amritsar,2017-07-13,0.0,11.36,10.8,93.0,Satisfactory
Amritsar,2017-07-14,0.0,11.56,32.47,100.0,Satisfactory
Amritsar,2017-07-15,0.0,12.17,28.82,96.0,Satisfactory
Amritsar,2017-07-16,0.0,12.72,24.44,100.0,Satisfactory
Amritsar,2017-07-17,0.0,11.61,25.65,97.0,Satisfactory
Amritsar,2017-07-18,0.0,11.5,14.4,99.0,Satisfactory
Amritsar,2017-07-19,0.0,11.62,21.54,99.0,Satisfactory
Amritsar,2017-07-20,0.0,11.67,18.17,110.0,Moderate
Amritsar,2017-07-21,0.0,12.32,16.88,100.0,Satisfactory
Amritsar,2017-07-22,0.0,13.81,16.72,99.0,Satisfactory
Amritsar,2017-07-23,0.0,12.45,19.68,101.0,Moderate
Amritsar,2017-07-24,0.0,11.66,17.86,101.0,Moderate
Amritsar,2017-07-25,0.0,11.93,20.08,102.0,Moderate
Amritsar,2017-07-26,0.0,12.18,12.96,102.0,Moderate
Amritsar,2017-07-30,0.0,20.11,59.44,158.0,Moderate
Amritsar,2017-07-31,0.0,13.07,40.0,84.0,Satisfactory
Amritsar,2017-08-01,0.0,17.78,37.33,110.0,Moderate
Amritsar,2017-08-11,0.81,8.08,14.66,141.0,Moderate
Amritsar,2017-08-12,0.66,8.14,14.79,177.0,Moderate
Amritsar,2017-08-13,0.66,8.16,18.44,215.0,Poor
Amritsar,2017-08-14,0.67,10.2,15.67,139.0,Moderate
Amritsar,2017-08-15,0.78,11.41,14.14,92.0,Satisfactory
Amritsar,2017-08-16,0.78,10.81,14.03,120.0,Moderate
Amritsar,2017-08-17,0.8,10.46,11.98,146.0,Moderate
Amritsar,2017-08-18,0.77,10.79,8.86,176.0,Moderate
Amritsar,2017-08-19,0.68,10.59,8.75,156.0,Moderate
Amritsar,2017-08-20,0.61,11.29,8.85,85.0,Satisfactory
Amritsar,2017-08-21,0.7,11.48,9.19,94.0,Satisfactory
Amritsar,2017-08-22,0.66,11.11,8.84,74.0,Satisfactory
Amritsar,2017-08-23,0.61,10.79,8.4,82.0,Satisfactory
Amritsar,2017-08-24,0.65,11.95,7.75,101.0,Moderate
Amritsar,2017-08-25,0.67,12.13,8.41,106.0,Moderate
Amritsar,2017-08-26,0.69,11.97,8.44,69.0,Satisfactory
Amritsar,2017-08-27,0.7,11.01,8.33,82.0,Satisfactory
Amritsar,2017-08-28,0.68,10.73,7.76,94.0,Satisfactory
Amritsar,2017-08-29,0.71,10.48,8.03,67.0,Satisfactory
Amritsar,2017-08-30,0.86,10.16,8.16,61.0,Satisfactory
Amritsar,2017-08-31,0.72,10.15,7.73,80.0,Satisfactory
Amritsar,2017-09-01,0.59,11.0,7.65,70.0,Satisfactory
Amritsar,2017-09-02,0.7,10.74,12.53,62.0,Satisfactory
Amritsar,2017-09-03,0.74,10.72,17.58,77.0,Satisfactory
Amritsar,2017-09-04,0.69,10.52,17.77,92.0,Satisfactory
Amritsar,2017-09-05,0.75,10.6,16.82,90.0,Satisfactory
Amritsar,2017-09-06,0.82,10.41,16.73,117.0,Moderate
Amritsar,2017-09-07,0.85,10.28,17.06,118.0,Moderate
Amritsar,2017-09-08,0.81,10.5,19.62,119.0,Moderate
Amritsar,2017-09-09,0.81,10.96,18.45,131.0,Moderate
Amritsar,2017-09-10,0.75,10.68,18.5,142.0,Moderate
Amritsar,2017-09-11,0.7,10.76,18.53,97.0,Satisfactory
Amritsar,2017-09-12,0.95,13.18,17.95,125.0,Moderate
Amritsar,2017-09-13,0.83,18.04,17.15,159.0,Moderate
Amritsar,2017-09-14,0.74,18.68,18.77,161.0,Moderate
Amritsar,2017-09-15,0.8,18.75,17.69,154.0,Moderate
Amritsar,2017-09-16,0.77,19.45,17.54,136.0,Moderate
Amritsar,2017-09-17,0.85,23.81,17.3,137.0,Moderate
Amritsar,2017-09-18,0.93,25.83,36.24,173.0,Moderate
Amritsar,2017-09-19,0.79,18.3,16.17,202.0,Poor
Amritsar,2017-09-20,0.82,18.0,15.66,189.0,Moderate
Amritsar,2017-09-21,0.81,18.16,16.14,196.0,Moderate
Amritsar,2017-09-22,0.9,18.15,15.82,198.0,Moderate
Amritsar,2017-09-23,0.65,17.74,14.81,154.0,Moderate
Amritsar,2017-09-24,0.72,17.13,15.28,108.0,Moderate
Amritsar,2017-09-25,0.97,14.95,14.27,170.0,Moderate
Amritsar,2017-09-26,0.98,13.62,12.45,225.0,Poor
Amritsar,2017-09-27,0.88,11.1,9.49,216.0,Poor
Amritsar,2017-09-28,0.86,12.24,8.96,199.0,Moderate
Amritsar,2017-10-20,1.08,60.89,40.11,463.0,Severe
Amritsar,2017-10-21,1.17,48.33,32.77,320.0,Very Poor
Amritsar,2017-10-22,1.25,50.88,35.42,338.0,Very Poor
Amritsar,2017-10-23,1.17,54.25,41.72,395.0,Very Poor
Amritsar,2017-10-24,1.03,56.56,40.37,229.0,Poor
Amritsar,2017-10-25,1.37,67.83,46.16,239.0,Poor
Amritsar,2017-10-26,1.19,62.82,41.42,318.0,Very Poor
Amritsar,2017-10-27,1.13,62.45,39.46,308.0,Very Poor
Amritsar,2017-10-28,1.42,66.54,39.01,338.0,Very Poor
Amritsar,2017-10-29,1.3,67.53,39.44,356.0,Very Poor
Amritsar,2017-10-30,1.37,67.76,39.07,341.0,Very Poor
Amritsar,2017-10-31,1.45,70.6,41.44,271.0,Poor
Amritsar,2017-11-01,1.11,66.67,39.11,304.0,Very Poor
Amritsar,2017-11-02,1.15,62.85,32.27,314.0,Very Poor
Amritsar,2017-11-03,1.31,62.9,29.28,317.0,Very Poor
Amritsar,2017-11-04,1.87,68.55,37.42,318.0,Very Poor
Amritsar,2017-11-05,1.79,12.81,17.91,319.0,Very Poor
Amritsar,2017-11-06,1.77,28.02,42.09,321.0,Very Poor
Amritsar,2017-11-07,1.9,26.67,30.81,252.0,Poor
Amritsar,2017-11-08,1.89,30.33,28.37,235.0,Poor
Amritsar,2017-11-09,2.13,34.51,21.98,248.0,Poor
Amritsar,2017-11-10,2.0,33.64,21.68,295.0,Poor
Amritsar,2017-11-11,2.27,42.69,24.95,317.0,Very Poor
Amritsar,2017-11-12,1.89,32.33,29.61,328.0,Very Poor
Amritsar,2017-11-13,1.8,22.98,20.89,311.0,Very Poor
Amritsar,2017-11-14,1.3,14.01,5.2,234.0,Poor
Amritsar,2017-11-15,0.66,15.25,13.71,128.0,Moderate
Amritsar,2017-11-16,1.05,12.81,41.92,131.0,Moderate
Amritsar,2017-11-17,1.4,11.88,31.94,262.0,Poor
Amritsar,2017-11-18,0.97,12.53,7.07,200.0,Moderate
Amritsar,2017-11-19,1.05,10.81,12.22,206.0,Poor
Amritsar,2017-11-20,1.38,11.28,31.96,314.0,Very Poor
Amritsar,2017-11-21,1.17,14.86,46.82,307.0,Very Poor
Amritsar,2017-11-22,1.87,13.14,47.59,318.0,Very Poor
Amritsar,2017-11-23,1.74,13.34,48.8,288.0,Poor
Amritsar,2017-11-24,2.31,12.55,49.18,302.0,Very Poor
Amritsar,2017-11-25,2.44,10.58,50.9,322.0,Very Poor
Amritsar,2017-11-26,2.5,9.65,50.56,316.0,Very Poor
Amritsar,2017-11-27,2.52,14.69,45.09,313.0,Very Poor
Amritsar,2017-11-28,2.65,15.91,41.77,306.0,Very Poor
Amritsar,2017-11-29,3.08,12.51,30.53,317.0,Very Poor
Amritsar,2017-11-30,2.91,9.54,33.22,323.0,Very Poor
Amritsar,2017-12-01,2.47,8.46,35.25,324.0,Very Poor
Amritsar,2017-12-02,1.96,6.57,23.9,296.0,Poor
Amritsar,2017-12-03,2.31,3.21,14.57,309.0,Very Poor
Amritsar,2017-12-04,1.48,2.19,7.36,266.0,Poor
Amritsar,2017-12-05,1.39,1.0,3.08,227.0,Poor
Amritsar,2017-12-07,2.41,9.95,49.15,185.0,Moderate
Amritsar,2017-12-08,2.83,3.11,20.28,298.0,Poor
Amritsar,2017-12-09,2.15,2.67,19.17,304.0,Very Poor
Amritsar,2017-12-10,3.83,2.49,18.62,277.0,Poor
Amritsar,2017-12-11,3.75,3.09,13.03,162.0,Moderate
Amritsar,2017-12-12,2.82,1.73,10.07,127.0,Moderate
Amritsar,2017-12-13,1.7,0.5,16.09,116.0,Moderate
Amritsar,2017-12-14,0.86,0.57,16.29,126.0,Moderate
Amritsar,2017-12-15,0.87,0.06,18.12,113.0,Moderate
Amritsar,2017-12-16,0.7,0.08,19.43,114.0,Moderate
Amritsar,2017-12-17,1.39,0.15,20.54,133.0,Moderate
Amritsar,2017-12-18,1.74,0.17,21.39,142.0,Moderate
Amritsar,2017-12-19,0.86,0.36,22.07,126.0,Moderate
Amritsar,2017-12-20,1.2,0.67,23.33,230.0,Poor
Amritsar,2017-12-21,0.96,4.86,42.63,227.0,Poor
Amritsar,2017-12-22,1.53,3.37,25.53,143.0,Moderate
Amritsar,2017-12-23,2.16,3.42,26.12,122.0,Moderate
Amritsar,2017-12-24,1.71,3.66,28.36,197.0,Moderate
Amritsar,2017-12-25,1.41,3.76,28.77,235.0,Poor
Amritsar,2017-12-26,1.22,3.62,28.1,315.0,Very Poor
Amritsar,2017-12-27,1.37,3.81,28.78,335.0,Very Poor
Amritsar,2017-12-28,1.24,3.32,26.62,298.0,Poor
Amritsar,2017-12-29,1.63,3.34,27.47,233.0,Poor
Amritsar,2017-12-30,2.0,3.51,28.81,283.0,Poor
Amritsar,2017-12-31,2.11,3.78,30.4,321.0,Very Poor
Amritsar,2018-01-01,1.7,3.71,30.43,331.0,Very Poor
Amritsar,2018-01-02,1.74,3.93,31.25,331.0,Very Poor
Amritsar,2018-01-03,1.42,3.65,29.9,232.0,Poor
Amritsar,2018-01-13,1.66,14.23,78.17,237.0,Poor
Amritsar,2018-01-14,1.92,16.76,94.18,310.0,Very Poor
Amritsar,2018-01-15,1.36,15.85,86.72,170.0,Moderate
Amritsar,2018-01-16,1.44,14.3,79.22,152.0,Moderate
Amritsar,2018-01-17,1.25,14.02,77.4,144.0,Moderate
Amritsar,2018-01-18,1.2,14.16,78.11,165.0,Moderate
Amritsar,2018-01-19,1.23,14.11,77.61,126.0,Moderate
Amritsar,2018-01-20,1.24,13.97,76.93,129.0,Moderate
Amritsar,2018-01-21,1.2,13.92,76.91,149.0,Moderate
Amritsar,2018-01-22,1.1,13.85,77.1,125.0,Moderate
Amritsar,2018-01-23,0.82,14.05,78.77,123.0,Moderate
Amritsar,2018-01-24,0.68,14.0,78.52,115.0,Moderate
Amritsar,2018-01-25,1.98,14.09,79.24,127.0,Moderate
Amritsar,2018-01-26,1.26,14.09,79.01,118.0,Moderate
Amritsar,2018-01-27,1.04,12.37,60.24,132.0,Moderate
Amritsar,2018-01-28,0.92,13.71,34.3,124.0,Moderate
Amritsar,2018-01-29,0.94,14.12,45.86,127.0,Moderate
Amritsar,2018-01-30,0.92,17.18,47.57,142.0,Moderate
Amritsar,2018-01-31,0.92,16.33,53.42,150.0,Moderate
Amritsar,2018-02-01,0.94,16.33,54.79,159.0,Moderate
Amritsar,2018-02-02,0.82,15.06,59.83,149.0,Moderate
Amritsar,2018-02-03,0.77,15.15,65.5,168.0,Moderate
Amritsar,2018-02-04,0.66,14.1,70.81,165.0,Moderate
Amritsar,2018-02-05,0.64,9.31,57.73,152.0,Moderate
Amritsar,2018-02-06,0.63,4.74,49.52,130.0,Moderate
Amritsar,2018-02-07,0.64,3.53,42.42,130.0,Moderate
Amritsar,2018-02-08,0.61,4.75,49.05,141.0,Moderate
Amritsar,2018-02-09,0.64,4.9,49.28,138.0,Moderate
Amritsar,2018-02-10,0.63,12.93,61.48,145.0,Moderate
Amritsar,2018-02-11,0.59,16.18,48.94,147.0,Moderate
Amritsar,2018-02-12,0.52,14.94,35.24,123.0,Moderate
Amritsar,2018-02-13,0.44,12.94,28.35,66.0,Satisfactory
Amritsar,2018-02-14,0.53,13.41,33.5,58.0,Satisfactory
Amritsar,2018-02-15,0.59,13.14,33.41,77.0,Satisfactory
Amritsar,2018-02-16,1.53,13.4,30.42,129.0,Moderate
Amritsar,2018-02-17,0.76,10.71,9.04,137.0,Moderate
Amritsar,2018-02-18,0.72,11.03,11.58,133.0,Moderate
Amritsar,2018-02-19,0.71,11.08,13.27,139.0,Moderate
Amritsar,2018-02-20,0.66,10.95,13.13,162.0,Moderate
Amritsar,2018-02-21,0.67,10.82,9.71,154.0,Moderate
Amritsar,2018-02-22,0.61,11.57,10.2,124.0,Moderate
Amritsar,2018-02-23,0.61,11.79,13.52,123.0,Moderate
Amritsar,2018-02-24,0.54,11.45,10.8,114.0,Moderate
Amritsar,2018-02-27,0.55,10.57,9.93,119.0,Moderate
Amritsar,2018-02-28,0.47,10.55,9.32,133.0,Moderate
Amritsar,2018-03-01,0.56,10.5,9.46,132.0,Moderate
Amritsar,2018-03-02,0.62,10.14,7.56,79.0,Satisfactory
Amritsar,2018-03-03,0.65,10.21,8.99,73.0,Satisfactory
Amritsar,2018-03-04,0.74,9.78,9.64,64.0,Satisfactory
Amritsar,2018-03-05,0.71,8.68,6.09,69.0,Satisfactory
Amritsar,2018-03-06,0.63,7.06,4.86,73.0,Satisfactory
Amritsar,2018-03-07,0.69,7.05,9.45,133.0,Moderate
Amritsar,2018-03-08,0.75,7.13,10.5,132.0,Moderate
Amritsar,2018-03-09,0.69,7.18,9.14,112.0,Moderate
Amritsar,2018-03-10,0.69,7.76,9.03,91.0,Satisfactory
Amritsar,2018-03-11,0.64,7.97,9.54,110.0,Moderate
Amritsar,2018-03-12,0.57,7.78,8.7,128.0,Moderate
Amritsar,2018-03-13,0.88,8.69,8.0,140.0,Moderate
Amritsar,2018-03-14,0.92,9.31,8.52,125.0,Moderate
Amritsar,2018-03-15,1.31,8.26,6.89,119.0,Moderate
Amritsar,2018-03-16,0.78,9.66,13.74,88.0,Satisfactory
Amritsar,2018-03-17,0.76,9.95,14.15,93.0,Satisfactory
Amritsar,2018-03-18,0.89,9.99,15.46,112.0,Moderate
Amritsar,2018-03-19,0.84,9.1,14.56,138.0,Moderate
Amritsar,2018-03-20,0.75,8.69,12.76,124.0,Moderate
Amritsar,2018-03-21,0.84,5.64,4.88,106.0,Moderate
Amritsar,2018-03-22,0.86,5.64,4.94,72.0,Satisfactory
Amritsar,2018-04-06,0.24,9.33,17.53,126.0,Moderate
Amritsar,2018-04-07,0.26,9.03,17.85,110.0,Moderate
Amritsar,2018-04-08,0.24,9.05,17.43,112.0,Moderate
Amritsar,2018-04-09,0.62,7.14,11.57,138.0,Moderate
Amritsar,2018-04-10,0.99,6.23,2.45,96.0,Satisfactory
Amritsar,2018-04-11,0.94,8.43,4.58,77.0,Satisfactory
Amritsar,2018-04-12,0.82,25.24,237.27,72.0,Satisfactory
Amritsar,2018-04-13,0.81,4.8,25.06,83.0,Satisfactory
Amritsar,2018-04-14,0.78,4.94,22.42,107.0,Moderate
Amritsar,2018-04-15,0.96,6.1,21.13,128.0,Moderate
Amritsar,2018-04-16,0.94,6.35,16.37,122.0,Moderate
Amritsar,2018-04-17,0.92,9.61,16.99,99.0,Satisfactory
Amritsar,2018-04-18,0.81,4.14,4.89,85.0,Satisfactory
Amritsar,2018-04-19,1.16,6.96,9.02,117.0,Moderate
Amritsar,2018-04-20,0.92,8.2,9.46,94.0,Satisfactory
Amritsar,2018-04-21,0.62,8.02,8.67,66.0,Satisfactory
Amritsar,2018-04-22,0.6,8.01,8.81,78.0,Satisfactory
Amritsar,2018-04-23,0.75,7.88,8.82,94.0,Satisfactory
Amritsar,2018-04-24,0.64,7.81,8.64,119.0,Moderate
Amritsar,2018-04-25,0.55,7.89,9.24,148.0,Moderate
Amritsar,2018-04-26,0.75,6.99,8.67,119.0,Moderate
Amritsar,2018-04-27,0.72,8.01,9.99,138.0,Moderate
Amritsar,2018-04-28,0.51,8.19,10.58,156.0,Moderate
Amritsar,2018-04-29,0.64,8.22,10.58,136.0,Moderate
Amritsar,2018-04-30,0.74,8.19,10.64,149.0,Moderate
Amritsar,2018-05-01,0.87,7.87,11.04,157.0,Moderate
Amritsar,2018-05-02,2.31,6.78,10.25,161.0,Moderate
Amritsar,2018-05-03,0.89,5.24,8.35,120.0,Moderate
Amritsar,2018-05-04,0.8,5.14,8.24,104.0,Moderate
Amritsar,2018-05-05,0.95,5.14,8.23,123.0,Moderate
Amritsar,2018-05-06,0.79,5.13,8.22,131.0,Moderate
Amritsar,2018-05-07,0.62,5.13,8.26,95.0,Satisfactory
Amritsar,2018-05-08,0.53,5.13,8.21,82.0,Satisfactory
Amritsar,2018-05-09,0.57,5.13,8.25,100.0,Satisfactory
Amritsar,2018-05-10,0.7,5.14,8.25,178.0,Moderate
Amritsar,2018-05-11,0.7,5.13,8.24,252.0,Poor
Amritsar,2018-05-12,0.68,5.13,8.26,273.0,Poor
Amritsar,2018-05-13,0.54,5.13,8.22,153.0,Moderate
Amritsar,2018-05-14,0.61,5.13,8.22,102.0,Moderate
Amritsar,2018-05-15,0.64,5.13,8.23,128.0,Moderate
Amritsar,2018-05-16,0.66,5.11,8.27,127.0,Moderate
Amritsar,2018-05-17,0.63,5.07,8.35,167.0,Moderate
Amritsar,2018-05-18,0.66,5.04,8.41,206.0,Poor
Amritsar,2018-05-19,0.59,5.11,8.25,149.0,Moderate
Amritsar,2018-05-20,0.69,5.02,8.47,131.0,Moderate
Amritsar,2018-05-21,0.61,4.99,8.61,127.0,Moderate
Amritsar,2018-05-22,0.63,5.07,8.4,252.0,Poor
Amritsar,2018-05-23,0.58,5.11,8.31,134.0,Moderate
Amritsar,2018-05-24,0.63,5.1,8.33,102.0,Moderate
Amritsar,2018-05-25,0.58,5.01,8.56,114.0,Moderate
Amritsar,2018-05-26,0.53,5.08,8.34,132.0,Moderate
Amritsar,2018-05-27,0.48,5.09,8.3,134.0,Moderate
Amritsar,2018-05-28,0.97,5.11,8.24,225.0,Poor
Amritsar,2018-05-29,0.98,5.07,8.36,196.0,Moderate
Amritsar,2018-05-30,0.74,4.99,8.69,113.0,Moderate
Amritsar,2018-05-31,0.92,6.42,22.51,130.0,Moderate
Amritsar,2018-06-01,1.56,1.51,8.55,254.0,Poor
Amritsar,2018-06-02,1.26,1.6,8.57,200.0,Moderate
Amritsar,2018-06-03,1.24,1.58,8.4,164.0,Moderate
Amritsar,2018-06-04,1.8,3.7,9.97,174.0,Moderate
Amritsar,2018-06-05,1.23,4.87,9.6,164.0,Moderate
Amritsar,2018-06-08,2.1,5.39,29.71,148.0,Moderate
Amritsar,2018-06-09,0.75,4.36,6.05,133.0,Moderate
Amritsar,2018-06-13,2.82,9.52,13.99,221.0,Poor
Amritsar,2018-06-19,0.0,5.6,15.08,154.0,Moderate
Amritsar,2018-06-28,1.34,6.09,16.14,86.0,Satisfactory
Amritsar,2018-07-06,0.16,5.47,9.12,101.0,Moderate
Amritsar,2018-07-07,0.18,6.76,9.3,107.0,Moderate
Amritsar,2018-07-08,0.46,6.75,9.2,95.0,Satisfactory
Amritsar,2018-07-09,0.15,6.88,9.17,93.0,Satisfactory
Amritsar,2018-07-10,0.23,7.33,10.8,88.0,Satisfactory
Amritsar,2018-07-11,0.47,7.42,10.06,81.0,Satisfactory
Amritsar,2018-07-16,0.0,7.55,9.41,49.0,Good
Amritsar,2018-07-17,0.0,7.6,9.35,49.0,Good
Amritsar,2018-07-18,0.0,7.69,8.82,55.0,Satisfactory
Amritsar,2018-07-20,0.41,6.96,8.06,67.0,Satisfactory
Amritsar,2018-07-21,0.42,4.69,5.99,64.0,Satisfactory
Amritsar,2018-07-22,0.34,4.71,6.06,54.0,Satisfactory
Amritsar,2018-07-23,0.36,4.71,6.02,50.0,Good
Amritsar,2018-07-24,0.37,6.2,5.21,74.0,Satisfactory
Amritsar,2018-07-25,0.37,6.7,4.85,54.0,Satisfactory
Amritsar,2018-07-26,0.13,6.71,4.83,50.0,Good
Amritsar,2018-07-28,0.24,5.32,6.7,25.0,Good
Amritsar,2018-07-29,0.37,5.31,6.65,46.0,Good
Amritsar,2018-07-30,0.33,5.31,6.6,68.0,Satisfactory
Amritsar,2018-07-31,0.3,5.34,6.63,59.0,Satisfactory
Amritsar,2018-08-01,0.17,5.77,7.14,71.0,Satisfactory
Amritsar,2018-08-02,0.5,7.14,8.58,62.0,Satisfactory
Amritsar,2018-08-03,0.23,7.08,8.94,67.0,Satisfactory
Amritsar,2018-08-04,0.14,5.64,8.67,126.0,Moderate
Amritsar,2018-08-20,0.32,6.17,10.14,61.0,Satisfactory
Amritsar,2018-08-21,1.01,6.42,12.06,42.0,Good
Amritsar,2018-08-23,0.0,7.26,12.01,40.0,Good
Amritsar,2018-08-24,0.0,6.29,13.39,39.0,Good
Amritsar,2018-08-29,0.0,3.62,11.74,98.0,Satisfactory
Amritsar,2018-08-30,0.0,4.86,10.68,86.0,Satisfactory
Amritsar,2018-08-31,0.0,5.98,9.68,72.0,Satisfactory
Amritsar,2018-09-01,0.0,11.87,18.0,78.0,Satisfactory
Amritsar,2018-09-04,0.0,7.67,11.55,39.0,Good
Amritsar,2018-09-05,0.0,5.99,10.75,53.0,Satisfactory
Amritsar,2018-09-06,0.0,5.36,8.52,70.0,Satisfactory
Amritsar,2018-09-07,0.0,4.69,7.29,72.0,Satisfactory
Amritsar,2018-09-08,0.0,4.47,7.84,40.0,Good
Amritsar,2018-09-09,0.0,4.37,10.65,33.0,Good
Amritsar,2018-09-10,0.0,4.34,10.85,36.0,Good
Amritsar,2018-09-11,0.0,10.81,15.46,45.0,Good
Amritsar,2018-09-12,0.0,13.52,14.9,46.0,Good
Amritsar,2018-09-13,0.0,9.91,10.91,56.0,Satisfactory
Amritsar,2018-09-14,0.0,9.42,11.35,77.0,Satisfactory
Amritsar,2018-09-15,0.0,9.31,11.61,38.0,Good
Amritsar,2018-09-16,0.0,9.31,11.37,39.0,Good
Amritsar,2018-09-17,0.0,9.5,11.48,48.0,Good
Amritsar,2018-09-18,0.0,9.32,11.79,63.0,Satisfactory
Amritsar,2018-09-19,0.0,9.42,11.69,76.0,Satisfactory
Amritsar,2018-09-20,0.0,9.68,11.32,84.0,Satisfactory
Amritsar,2018-09-21,0.0,9.81,11.04,86.0,Satisfactory
Amritsar,2018-09-22,0.0,9.66,10.85,52.0,Satisfactory
Amritsar,2018-09-23,0.02,7.38,3.94,32.0,Good
Amritsar,2018-09-24,0.0,6.7,0.79,22.0,Good
Amritsar,2018-09-25,0.0,4.63,1.41,20.0,Good
Amritsar,2018-09-26,0.0,4.17,1.41,56.0,Satisfactory
Amritsar,2018-09-27,0.06,6.58,4.82,91.0,Satisfactory
Amritsar,2018-09-28,0.0,12.22,11.77,94.0,Satisfactory
Amritsar,2018-09-29,0.0,11.18,14.45,67.0,Satisfactory
Amritsar,2018-09-30,0.0,10.97,14.12,68.0,Satisfactory
Amritsar,2018-10-01,0.0,11.08,14.79,100.0,Satisfactory
Amritsar,2018-10-02,0.0,10.88,15.03,119.0,Moderate
Amritsar,2018-10-03,0.0,10.64,14.44,122.0,Moderate
Amritsar,2018-10-04,0.0,10.07,18.87,104.0,Moderate
Amritsar,2018-10-05,0.0,9.51,17.17,78.0,Satisfactory
Amritsar,2018-10-06,0.0,9.8,15.89,83.0,Satisfactory
Amritsar,2018-10-07,0.0,9.96,15.38,133.0,Moderate
Amritsar,2018-10-08,0.0,11.46,12.72,157.0,Moderate
Amritsar,2018-10-09,0.0,13.5,10.99,106.0,Moderate
Amritsar,2018-10-10,0.0,16.85,14.43,93.0,Satisfactory
Amritsar,2018-10-11,0.0,24.05,21.74,146.0,Moderate
Amritsar,2018-10-12,0.0,25.23,27.25,129.0,Moderate
Amritsar,2018-10-13,0.0,24.88,26.32,150.0,Moderate
Amritsar,2018-10-14,0.0,24.71,26.49,209.0,Poor
Amritsar,2018-10-15,0.09,20.99,23.23,203.0,Poor
Amritsar,2018-10-16,0.0,17.99,18.58,145.0,Moderate
Amritsar,2018-10-17,0.0,18.55,19.97,106.0,Moderate
Amritsar,2018-10-18,0.01,18.81,20.95,118.0,Moderate
Amritsar,2018-10-19,0.0,18.72,22.89,106.0,Moderate
Amritsar,2018-10-20,0.0,18.52,25.08,96.0,Satisfactory
Amritsar,2018-10-21,0.01,17.11,29.28,115.0,Moderate
Amritsar,2018-10-22,0.0,16.11,29.53,145.0,Moderate
Amritsar,2018-10-23,0.0,14.59,23.73,137.0,Moderate
Amritsar,2018-10-24,0.01,14.69,24.41,152.0,Moderate
Amritsar,2018-10-25,0.0,16.05,26.8,119.0,Moderate
Amritsar,2018-10-26,0.01,15.65,27.04,107.0,Moderate
Amritsar,2018-10-27,0.0,15.68,26.26,124.0,Moderate
Amritsar,2018-10-28,0.0,16.09,28.65,122.0,Moderate
Amritsar,2018-10-29,0.02,15.28,26.18,138.0,Moderate
Amritsar,2018-10-30,0.0,12.92,20.66,144.0,Moderate
Amritsar,2018-10-31,0.01,13.69,22.59,140.0,Moderate
Amritsar,2018-11-01,0.0,13.08,21.4,251.0,Poor
Amritsar,2018-11-02,0.01,12.48,21.19,137.0,Moderate
Amritsar,2018-11-03,0.0,13.46,27.79,112.0,Moderate
Amritsar,2018-11-04,0.0,15.0,32.62,124.0,Moderate
Amritsar,2018-11-06,0.0,14.88,38.29,74.0,Satisfactory
Amritsar,2018-11-07,0.32,16.74,43.28,146.0,Moderate
Amritsar,2018-11-08,1.13,14.69,32.62,237.0,Poor
Amritsar,2018-11-09,0.81,14.92,38.15,124.0,Moderate
Amritsar,2018-11-10,0.01,9.8,38.02,114.0,Moderate
Amritsar,2018-11-11,0.0,8.94,34.95,158.0,Moderate
Amritsar,2018-11-12,0.0,9.23,37.24,120.0,Moderate
Amritsar,2018-11-13,0.0,9.46,38.7,101.0,Moderate
Amritsar,2018-11-14,0.0,9.12,36.97,129.0,Moderate
Amritsar,2018-11-16,0.0,8.49,35.8,115.0,Moderate
Amritsar,2018-11-17,0.0,9.03,38.24,156.0,Moderate
Amritsar,2018-11-18,0.0,9.08,38.26,158.0,Moderate
Amritsar,2018-11-19,0.01,7.38,29.8,117.0,Moderate
Amritsar,2018-11-20,0.01,6.7,27.98,125.0,Moderate
Amritsar,2018-11-21,0.01,6.87,28.7,140.0,Moderate
Amritsar,2018-11-22,0.0,8.48,34.1,306.0,Very Poor
Amritsar,2018-11-23,0.0,7.14,31.23,134.0,Moderate
Amritsar,2018-11-24,0.0,7.63,33.26,91.0,Satisfactory
Amritsar,2018-11-25,0.0,8.69,36.7,121.0,Moderate
Amritsar,2018-11-26,0.01,8.12,33.08,135.0,Moderate
Amritsar,2018-11-27,0.0,8.73,36.36,132.0,Moderate
Amritsar,2018-11-28,0.0,8.06,33.88,127.0,Moderate
Amritsar,2018-11-29,0.01,8.5,33.27,130.0,Moderate
Amritsar,2018-11-30,0.0,8.06,31.37,135.0,Moderate
Amritsar,2018-12-01,0.01,9.16,36.7,125.0,Moderate
Amritsar,2018-12-02,0.0,9.19,38.0,109.0,Moderate
Amritsar,2018-12-03,0.01,8.6,33.28,101.0,Moderate
Amritsar,2018-12-04,0.02,7.04,26.18,115.0,Moderate
Amritsar,2018-12-05,0.01,8.51,33.08,127.0,Moderate
Amritsar,2018-12-06,0.0,11.49,43.85,139.0,Moderate
Amritsar,2018-12-07,0.0,8.88,33.89,130.0,Moderate
Amritsar,2018-12-08,0.01,9.95,37.59,131.0,Moderate
Amritsar,2018-12-09,0.0,10.41,41.33,144.0,Moderate
Amritsar,2018-12-10,0.01,10.68,41.71,131.0,Moderate
Amritsar,2018-12-11,0.01,10.39,40.65,94.0,Satisfactory
Amritsar,2018-12-12,0.01,9.81,39.35,91.0,Satisfactory
Amritsar,2018-12-13,0.0,10.47,41.28,90.0,Satisfactory
Amritsar,2018-12-14,0.02,7.94,30.82,99.0,Satisfactory
Amritsar,2018-12-15,0.0,7.68,30.34,87.0,Satisfactory
Amritsar,2018-12-16,0.0,7.89,31.61,102.0,Moderate
Amritsar,2018-12-17,0.02,7.86,31.59,118.0,Moderate
Amritsar,2018-12-18,0.01,9.06,35.39,138.0,Moderate
Amritsar,2018-12-19,0.01,10.04,37.44,160.0,Moderate
Amritsar,2018-12-20,0.02,9.44,35.26,143.0,Moderate
Amritsar,2018-12-21,0.0,9.47,37.83,110.0,Moderate
Amritsar,2018-12-22,0.02,8.44,29.75,126.0,Moderate
Amritsar,2018-12-23,0.0,7.31,20.86,127.0,Moderate
Amritsar,2018-12-24,0.01,7.2,22.13,149.0,Moderate
Amritsar,2018-12-25,0.0,6.71,22.59,137.0,Moderate
Amritsar,2018-12-26,0.01,7.13,24.35,144.0,Moderate
Amritsar,2018-12-27,0.01,8.02,27.11,154.0,Moderate
Amritsar,2018-12-28,0.01,7.86,27.48,131.0,Moderate
Amritsar,2018-12-29,0.0,10.92,37.03,200.0,Moderate
Amritsar,2018-12-30,0.0,9.42,32.62,174.0,Moderate
Amritsar,2018-12-31,0.05,9.96,33.79,184.0,Moderate
Amritsar,2019-01-01,0.17,6.61,21.67,170.0,Moderate
Amritsar,2019-01-02,0.05,9.43,19.65,176.0,Moderate
Amritsar,2019-01-03,0.01,9.29,27.8,131.0,Moderate
Amritsar,2019-01-04,0.0,9.37,32.28,81.0,Satisfactory
Amritsar,2019-01-05,0.0,8.38,29.28,77.0,Satisfactory
Amritsar,2019-01-06,0.0,8.89,31.28,70.0,Satisfactory
Amritsar,2019-01-07,0.0,8.11,27.86,69.0,Satisfactory
Amritsar,2019-01-08,0.02,7.37,25.9,64.0,Satisfactory
Amritsar,2019-01-09,0.04,5.7,21.51,75.0,Satisfactory
Amritsar,2019-01-10,0.03,6.57,25.32,98.0,Satisfactory
Amritsar,2019-01-11,0.0,7.93,28.99,101.0,Moderate
Amritsar,2019-01-12,0.0,8.42,24.15,118.0,Moderate
Amritsar,2019-01-13,0.0,15.16,36.82,83.0,Satisfactory
Amritsar,2019-01-14,0.0,12.34,28.07,80.0,Satisfactory
Amritsar,2019-01-15,0.0,12.91,30.98,73.0,Satisfactory
Amritsar,2019-01-16,0.0,14.45,35.91,133.0,Moderate
Amritsar,2019-01-17,0.0,9.91,28.05,135.0,Moderate
Amritsar,2019-01-18,0.0,6.53,25.3,131.0,Moderate
Amritsar,2019-01-19,0.0,6.53,26.75,56.0,Satisfactory
Amritsar,2019-01-20,0.0,7.2,26.29,54.0,Satisfactory
Amritsar,2019-01-21,0.0,9.36,18.29,50.0,Good
Amritsar,2019-01-22,0.0,6.91,18.35,48.0,Good
Amritsar,2019-01-23,0.0,4.58,20.46,42.0,Good
Amritsar,2019-01-25,0.0,6.75,23.99,142.0,Moderate
Amritsar,2019-01-26,0.0,6.84,26.97,122.0,Moderate
Amritsar,2019-01-27,0.0,6.8,24.26,76.0,Satisfactory
Amritsar,2019-01-28,0.0,6.01,21.57,90.0,Satisfactory
Amritsar,2019-01-29,0.0,6.6,22.23,98.0,Satisfactory
Amritsar,2019-01-30,0.0,6.33,22.67,113.0,Moderate
Amritsar,2019-01-31,0.0,5.05,16.6,83.0,Satisfactory
Amritsar,2019-02-01,0.0,3.98,13.56,58.0,Satisfactory
Amritsar,2019-02-02,0.0,1.55,15.32,62.0,Satisfactory
Amritsar,2019-02-03,0.0,2.18,13.39,84.0,Satisfactory
Amritsar,2019-02-04,0.0,2.33,14.99,113.0,Moderate
Amritsar,2019-02-05,0.0,3.36,15.21,146.0,Moderate
Amritsar,2019-02-06,0.0,4.22,14.76,154.0,Moderate
Amritsar,2019-02-07,0.0,4.11,14.65,98.0,Satisfactory
Amritsar,2019-02-08,0.0,3.83,12.28,71.0,Satisfactory
Amritsar,2019-02-09,0.0,4.63,15.88,59.0,Satisfactory
Amritsar,2019-02-10,0.0,5.45,18.54,126.0,Moderate
Amritsar,2019-02-11,0.01,5.83,18.15,132.0,Moderate
Amritsar,2019-02-12,0.01,7.3,19.13,121.0,Moderate
Amritsar,2019-02-13,0.0,7.32,19.67,164.0,Moderate
Amritsar,2019-02-14,0.01,6.89,16.36,119.0,Moderate
Amritsar,2019-02-15,0.0,5.34,14.11,51.0,Satisfactory
Amritsar,2019-02-16,0.0,5.4,13.75,62.0,Satisfactory
Amritsar,2019-02-17,0.0,5.38,15.41,99.0,Satisfactory
Amritsar,2019-02-18,0.01,6.76,15.49,85.0,Satisfactory
Amritsar,2019-02-19,0.0,5.87,17.56,44.0,Good
Amritsar,2019-02-20,0.0,4.93,17.47,79.0,Satisfactory
Amritsar,2019-02-21,0.0,5.01,16.96,60.0,Satisfactory
Amritsar,2019-02-22,0.0,5.01,18.64,92.0,Satisfactory
Amritsar,2019-02-23,0.0,4.98,20.52,78.0,Satisfactory
Amritsar,2019-02-24,0.0,4.97,22.04,120.0,Moderate
Amritsar,2019-02-25,0.0,5.07,22.06,128.0,Moderate
Amritsar,2019-02-26,0.5,7.37,15.32,96.0,Satisfactory
Amritsar,2019-02-27,0.36,8.96,13.73,74.0,Satisfactory
Amritsar,2019-02-28,0.86,8.61,9.66,82.0,Satisfactory
Amritsar,2019-03-01,0.51,9.16,10.54,109.0,Moderate
Amritsar,2019-03-02,0.0,9.03,9.87,76.0,Satisfactory
Amritsar,2019-03-03,0.1,7.85,12.18,46.0,Good
Amritsar,2019-03-04,0.21,6.13,16.42,48.0,Good
Amritsar,2019-03-06,0.43,11.89,19.22,111.0,Moderate
Amritsar,2019-03-07,0.46,10.05,13.91,135.0,Moderate
Amritsar,2019-03-08,0.72,18.93,7.4,96.0,Satisfactory
Amritsar,2019-03-09,0.6,36.48,24.41,77.0,Satisfactory
Amritsar,2019-03-10,0.86,12.04,7.98,99.0,Satisfactory
Amritsar,2019-03-11,0.67,8.38,10.68,85.0,Satisfactory
Amritsar,2019-03-12,0.8,9.69,11.79,60.0,Satisfactory
Amritsar,2019-03-13,0.72,12.98,20.84,114.0,Moderate
Amritsar,2019-03-14,0.43,10.83,12.85,106.0,Moderate
Amritsar,2019-03-15,0.57,11.21,11.91,74.0,Satisfactory
Amritsar,2019-03-16,0.6,10.45,10.72,71.0,Satisfactory
Amritsar,2019-03-17,0.86,10.15,10.48,119.0,Moderate
Amritsar,2019-03-18,0.62,9.6,11.9,136.0,Moderate
Amritsar,2019-03-19,0.67,17.76,24.78,142.0,Moderate
Amritsar,2019-03-20,0.33,8.25,16.47,86.0,Satisfactory
Amritsar,2019-03-21,0.5,8.96,16.42,61.0,Satisfactory
Amritsar,2019-03-22,0.42,11.02,19.48,69.0,Satisfactory
Amritsar,2019-03-23,0.67,10.61,16.2,82.0,Satisfactory
Amritsar,2019-03-24,0.61,9.38,14.85,71.0,Satisfactory
Amritsar,2019-03-25,0.76,9.26,14.9,89.0,Satisfactory
Amritsar,2019-03-26,0.76,9.54,15.14,95.0,Satisfactory
Amritsar,2019-03-27,0.88,27.77,26.09,148.0,Moderate
Amritsar,2019-03-28,0.72,25.56,26.89,230.0,Poor
Amritsar,2019-03-29,0.74,15.67,16.56,139.0,Moderate
Amritsar,2019-03-30,0.47,5.71,10.8,135.0,Moderate
Amritsar,2019-03-31,0.42,10.74,13.03,83.0,Satisfactory
Amritsar,2019-04-01,0.75,25.8,35.03,87.0,Satisfactory
Amritsar,2019-04-02,0.53,92.54,81.76,118.0,Moderate
Amritsar,2019-04-03,0.76,126.12,138.35,139.0,Moderate
Amritsar,2019-04-04,0.73,42.74,66.24,110.0,Moderate
Amritsar,2019-04-05,0.83,32.63,66.81,167.0,Moderate
Amritsar,2019-04-06,0.77,9.58,22.71,182.0,Moderate
Amritsar,2019-04-07,0.56,9.14,20.28,122.0,Moderate
Amritsar,2019-04-08,0.32,10.6,22.68,90.0,Satisfactory
Amritsar,2019-04-09,0.98,10.49,19.69,122.0,Moderate
Amritsar,2019-04-10,0.76,10.73,17.95,114.0,Moderate
Amritsar,2019-04-11,0.94,11.7,17.4,97.0,Satisfactory
Amritsar,2019-04-12,0.61,12.46,15.89,89.0,Satisfactory
Amritsar,2019-04-13,0.82,10.67,17.82,78.0,Satisfactory
Amritsar,2019-04-14,1.11,12.85,19.46,93.0,Satisfactory
Amritsar,2019-04-15,0.62,11.81,18.11,111.0,Moderate
Amritsar,2019-04-16,0.69,9.8,14.0,126.0,Moderate
Amritsar,2019-04-17,0.59,8.87,12.97,65.0,Satisfactory
Amritsar,2019-04-18,0.62,10.11,16.91,58.0,Satisfactory
Amritsar,2019-04-19,0.93,12.32,19.0,87.0,Satisfactory
Amritsar,2019-04-20,1.21,12.44,15.44,101.0,Moderate
Amritsar,2019-04-21,1.02,12.46,15.45,124.0,Moderate
Amritsar,2019-04-22,0.93,12.46,15.45,158.0,Moderate
Amritsar,2019-04-23,1.52,12.46,15.45,129.0,Moderate
Amritsar,2019-04-24,0.39,11.09,17.48,149.0,Moderate
Amritsar,2019-04-25,1.04,9.5,16.89,91.0,Satisfactory
Amritsar,2019-04-26,0.8,8.41,13.76,82.0,Satisfactory
Amritsar,2019-04-27,0.78,8.41,13.76,93.0,Satisfactory
Amritsar,2019-04-28,0.96,8.41,13.76,125.0,Moderate
Amritsar,2019-04-29,1.0,10.79,16.09,129.0,Moderate
Amritsar,2019-04-30,0.63,13.15,18.39,124.0,Moderate
Amritsar,2019-05-01,1.0,11.63,17.41,106.0,Moderate
Amritsar,2019-05-02,0.5,10.42,16.64,109.0,Moderate
Amritsar,2019-05-03,0.89,10.42,16.64,97.0,Satisfactory
Amritsar,2019-05-04,0.87,34.44,28.21,97.0,Satisfactory
Amritsar,2019-05-05,0.94,62.39,69.8,114.0,Moderate
Amritsar,2019-05-06,1.03,43.0,64.12,147.0,Moderate
Amritsar,2019-05-07,0.97,50.39,38.61,119.0,Moderate
Amritsar,2019-05-08,1.29,129.46,72.44,120.0,Moderate
Amritsar,2019-05-09,0.83,67.89,29.71,147.0,Moderate
Amritsar,2019-05-10,0.96,78.96,31.61,198.0,Moderate
Amritsar,2019-05-11,1.07,30.65,15.08,244.0,Poor
Amritsar,2019-05-12,0.79,49.09,18.64,116.0,Moderate
Amritsar,2019-05-13,1.03,18.23,12.11,174.0,Moderate
Amritsar,2019-05-14,0.82,7.22,10.57,99.0,Satisfactory
Amritsar,2019-05-15,0.8,6.89,9.09,112.0,Moderate
Amritsar,2019-05-16,0.66,76.27,39.57,101.0,Moderate
Amritsar,2019-05-17,0.73,11.92,14.91,99.0,Satisfactory
Amritsar,2019-05-18,1.06,7.88,9.74,76.0,Satisfactory
Amritsar,2019-05-19,0.9,7.51,9.31,100.0,Satisfactory
Amritsar,2019-05-20,0.84,6.88,10.04,102.0,Moderate
Amritsar,2019-05-21,0.76,37.7,30.3,90.0,Satisfactory
Amritsar,2019-05-22,1.09,52.8,47.67,106.0,Moderate
Amritsar,2019-05-23,0.76,50.53,63.38,108.0,Moderate
Amritsar,2019-05-24,0.91,14.65,11.18,79.0,Satisfactory
Amritsar,2019-05-25,0.89,9.65,8.36,71.0,Satisfactory
Amritsar,2019-05-26,1.0,9.16,8.64,77.0,Satisfactory
Amritsar,2019-05-27,0.99,12.53,13.58,77.0,Satisfactory
Amritsar,2019-05-28,0.86,36.31,32.18,81.0,Satisfactory
Amritsar,2019-05-29,1.42,33.68,22.68,100.0,Satisfactory
Amritsar,2019-05-30,0.94,36.81,27.38,123.0,Moderate
Amritsar,2019-05-31,1.19,26.23,20.02,122.0,Moderate
Amritsar,2019-06-01,0.84,22.5,13.55,121.0,Moderate
Amritsar,2019-06-02,1.2,16.26,11.27,124.0,Moderate
Amritsar,2019-06-03,0.39,14.2,10.54,135.0,Moderate
Amritsar,2019-06-04,0.58,17.73,7.91,148.0,Moderate
Amritsar,2019-06-05,0.68,19.86,9.43,104.0,Moderate
Amritsar,2019-06-06,0.53,21.43,9.22,103.0,Moderate
Amritsar,2019-06-07,0.7,18.25,9.41,79.0,Satisfactory
Amritsar,2019-06-08,0.86,14.95,9.65,90.0,Satisfactory
Amritsar,2019-06-09,1.09,11.16,10.66,94.0,Satisfactory
Amritsar,2019-06-10,0.73,12.81,10.5,98.0,Satisfactory
Amritsar,2019-06-11,0.69,39.57,22.83,113.0,Moderate
Amritsar,2019-06-12,0.62,20.25,13.75,122.0,Moderate
Amritsar,2019-06-13,0.55,14.48,11.14,101.0,Moderate
Amritsar,2019-06-14,0.61,10.57,10.38,98.0,Satisfactory
Amritsar,2019-06-15,1.17,13.4,11.13,126.0,Moderate
Amritsar,2019-06-16,0.79,10.13,10.76,106.0,Moderate
Amritsar,2019-06-17,0.78,13.83,11.16,104.0,Moderate
Amritsar,2019-06-18,0.56,14.85,9.73,91.0,Satisfactory
Amritsar,2019-06-19,0.76,11.57,8.66,153.0,Moderate
Amritsar,2019-06-20,0.84,13.32,8.29,121.0,Moderate
Amritsar,2019-06-21,1.01,19.54,11.89,81.0,Satisfactory
Amritsar,2019-06-22,0.77,38.17,16.42,94.0,Satisfactory
Amritsar,2019-06-23,0.75,38.58,8.14,100.0,Satisfactory
Amritsar,2019-06-24,0.77,38.81,8.09,96.0,Satisfactory
Amritsar,2019-06-25,0.59,33.5,7.71,65.0,Satisfactory
Amritsar,2019-06-26,0.42,30.49,8.78,66.0,Satisfactory
Amritsar,2019-06-27,0.29,32.47,10.12,100.0,Satisfactory
Amritsar,2019-06-28,0.72,19.73,10.55,94.0,Satisfactory
Amritsar,2019-06-29,0.43,19.41,10.47,127.0,Moderate
Amritsar,2019-06-30,0.37,19.41,10.6,126.0,Moderate
Amritsar,2019-07-01,0.49,19.43,10.58,93.0,Satisfactory
Amritsar,2019-07-02,0.46,19.23,10.73,86.0,Satisfactory
Amritsar,2019-07-03,0.38,19.09,10.62,98.0,Satisfactory
Amritsar,2019-07-04,0.38,19.43,10.8,105.0,Moderate
Amritsar,2019-07-05,0.47,18.97,10.65,77.0,Satisfactory
Amritsar,2019-07-06,0.37,19.88,10.16,73.0,Satisfactory
Amritsar,2019-07-07,0.59,18.25,8.8,59.0,Satisfactory
Amritsar,2019-07-08,0.47,16.02,9.07,67.0,Satisfactory
Amritsar,2019-07-09,0.45,3.77,9.21,69.0,Satisfactory
Amritsar,2019-07-10,0.34,11.78,16.7,89.0,Satisfactory
Amritsar,2019-07-11,0.24,24.11,27.4,146.0,Moderate
Amritsar,2019-07-12,0.48,33.67,25.05,110.0,Moderate
Amritsar,2019-07-13,0.3,49.94,15.78,142.0,Moderate
Amritsar,2019-07-14,0.2,83.09,26.07,60.0,Satisfactory
Amritsar,2019-07-15,0.32,63.6,18.92,51.0,Satisfactory
Amritsar,2019-07-16,0.3,14.76,10.18,73.0,Satisfactory
Amritsar,2019-07-17,0.29,11.47,10.4,52.0,Satisfactory
Amritsar,2019-07-18,0.39,22.79,20.49,53.0,Satisfactory
Amritsar,2019-07-19,0.4,13.26,14.02,64.0,Satisfactory
Amritsar,2019-07-20,0.53,12.08,11.3,61.0,Satisfactory
Amritsar,2019-07-21,0.47,11.57,10.68,60.0,Satisfactory
Amritsar,2019-07-22,0.31,11.33,10.4,71.0,Satisfactory
Amritsar,2019-07-23,0.17,10.22,9.49,75.0,Satisfactory
Amritsar,2019-07-24,0.38,10.2,9.53,79.0,Satisfactory
Amritsar,2019-07-25,0.27,10.16,9.31,70.0,Satisfactory
Amritsar,2019-07-26,0.5,10.66,9.94,46.0,Good
Amritsar,2019-07-27,0.43,10.72,10.97,55.0,Satisfactory
Amritsar,2019-07-28,0.63,11.87,13.84,55.0,Satisfactory
Amritsar,2019-07-29,0.26,11.88,14.06,51.0,Satisfactory
Amritsar,2019-07-30,0.08,13.78,14.3,48.0,Good
Amritsar,2019-07-31,0.35,10.51,9.96,47.0,Good
Amritsar,2019-08-01,0.51,10.46,10.22,47.0,Good
Amritsar,2019-08-02,0.1,10.23,9.41,42.0,Good
Amritsar,2019-08-03,0.54,10.23,9.82,45.0,Good
Amritsar,2019-08-04,0.54,10.07,9.07,67.0,Satisfactory
Amritsar,2019-08-05,0.24,10.09,9.13,59.0,Satisfactory
Amritsar,2019-08-06,0.28,10.12,9.18,56.0,Satisfactory
Amritsar,2019-08-07,0.5,10.06,8.96,52.0,Satisfactory
Amritsar,2019-08-08,0.48,10.13,8.96,61.0,Satisfactory
Amritsar,2019-08-09,0.15,10.27,9.28,54.0,Satisfactory
Amritsar,2019-08-10,0.51,10.06,9.3,43.0,Good
Amritsar,2019-08-11,0.49,10.12,9.0,53.0,Satisfactory
Amritsar,2019-08-12,0.27,10.05,9.02,54.0,Satisfactory
Amritsar,2019-08-13,0.28,10.08,8.87,53.0,Satisfactory
Amritsar,2019-08-14,0.76,10.42,9.02,50.0,Good
Amritsar,2019-08-15,0.62,10.72,9.19,58.0,Satisfactory
Amritsar,2019-08-16,0.57,10.72,9.19,50.0,Good
Amritsar,2019-08-17,0.42,10.72,9.19,44.0,Good
Amritsar,2019-08-18,0.56,10.72,9.19,39.0,Good
Amritsar,2019-08-19,0.29,10.68,9.16,45.0,Good
Amritsar,2019-08-20,0.53,10.72,9.19,48.0,Good
Amritsar,2019-08-21,0.29,10.76,9.07,68.0,Satisfactory
Amritsar,2019-08-22,0.22,10.92,8.91,77.0,Satisfactory
Amritsar,2019-08-23,0.24,11.05,8.83,69.0,Satisfactory
Amritsar,2019-08-24,0.28,11.03,8.87,77.0,Satisfactory
Amritsar,2019-08-27,0.55,11.17,9.14,68.0,Satisfactory
Amritsar,2019-08-28,0.18,11.12,8.95,84.0,Satisfactory
Amritsar,2019-08-29,0.3,11.18,9.47,64.0,Satisfactory
Amritsar,2019-08-30,0.47,12.7,11.54,60.0,Satisfactory
Amritsar,2019-08-31,0.61,11.58,19.49,70.0,Satisfactory
Amritsar,2019-09-01,0.38,11.05,8.82,80.0,Satisfactory
Amritsar,2019-09-02,0.57,11.09,8.92,54.0,Satisfactory
Amritsar,2019-09-03,1.49,11.06,8.81,79.0,Satisfactory
Amritsar,2019-09-04,0.82,11.07,8.81,144.0,Moderate
Amritsar,2019-09-05,0.68,11.07,8.81,64.0,Satisfactory
Amritsar,2019-09-06,0.94,11.07,8.81,55.0,Satisfactory
Amritsar,2019-09-07,1.0,11.08,8.77,70.0,Satisfactory
Amritsar,2019-09-08,0.84,11.66,12.06,68.0,Satisfactory
Amritsar,2019-09-09,1.17,12.24,16.01,70.0,Satisfactory
Amritsar,2019-09-10,0.94,9.68,11.7,81.0,Satisfactory
Amritsar,2019-09-11,0.3,9.48,11.2,77.0,Satisfactory
Amritsar,2019-09-12,0.86,9.46,10.7,79.0,Satisfactory
Amritsar,2019-09-13,1.13,9.48,10.91,84.0,Satisfactory
Amritsar,2019-09-14,1.52,9.51,14.37,103.0,Moderate
Amritsar,2019-09-15,0.67,9.61,10.58,85.0,Satisfactory
Amritsar,2019-09-16,0.47,10.34,17.21,79.0,Satisfactory
Amritsar,2019-09-17,0.09,9.59,11.66,56.0,Satisfactory
Amritsar,2019-09-18,0.35,9.55,10.94,75.0,Satisfactory
Amritsar,2019-09-19,1.37,9.65,11.3,91.0,Satisfactory
Amritsar,2019-09-20,1.29,9.29,11.15,97.0,Satisfactory
Amritsar,2019-09-21,1.42,9.45,11.05,90.0,Satisfactory
Amritsar,2019-09-22,0.69,9.62,10.93,87.0,Satisfactory
Amritsar,2019-09-23,0.51,9.5,10.91,66.0,Satisfactory
Amritsar,2019-09-24,0.6,9.34,10.56,61.0,Satisfactory
Amritsar,2019-09-25,1.17,9.46,10.91,87.0,Satisfactory
Amritsar,2019-09-26,0.96,9.51,10.88,146.0,Moderate
Amritsar,2019-09-27,0.81,9.32,10.44,96.0,Satisfactory
Amritsar,2019-09-28,0.68,9.41,10.49,60.0,Satisfactory
Amritsar,2019-09-29,0.57,9.34,10.51,63.0,Satisfactory
Amritsar,2019-09-30,0.56,9.32,10.54,48.0,Good
Amritsar,2019-10-01,0.62,9.36,10.58,57.0,Satisfactory
Amritsar,2019-10-02,0.82,9.41,10.66,67.0,Satisfactory
Amritsar,2019-10-03,0.58,9.29,10.32,84.0,Satisfactory
Amritsar,2019-10-04,0.09,9.32,10.56,55.0,Satisfactory
Amritsar,2019-10-05,0.21,8.98,10.3,60.0,Satisfactory
Amritsar,2019-10-06,0.32,30.09,12.09,86.0,Satisfactory
Amritsar,2019-10-07,0.23,30.69,11.41,94.0,Satisfactory
Amritsar,2019-10-08,0.28,31.13,11.35,132.0,Moderate
Amritsar,2019-10-09,0.33,37.76,12.56,81.0,Satisfactory
Amritsar,2019-10-10,0.31,30.77,11.64,77.0,Satisfactory
Amritsar,2019-10-11,0.33,30.03,12.05,154.0,Moderate
Amritsar,2019-10-12,0.2,34.63,11.5,155.0,Moderate
Amritsar,2019-10-13,0.28,29.97,11.33,179.0,Moderate
Amritsar,2019-10-14,0.4,30.9,12.01,205.0,Poor
Amritsar,2019-10-15,0.48,30.38,11.41,104.0,Moderate
Amritsar,2019-10-16,0.34,30.31,11.4,117.0,Moderate
Amritsar,2019-10-17,0.47,30.47,11.65,95.0,Satisfactory
Amritsar,2019-10-18,0.39,30.37,11.53,94.0,Satisfactory
Amritsar,2019-10-19,0.63,30.36,11.53,58.0,Satisfactory
Amritsar,2019-10-20,0.52,30.36,11.51,87.0,Satisfactory
Amritsar,2019-10-21,0.54,30.36,11.51,110.0,Moderate
Amritsar,2019-10-22,0.54,29.79,14.51,147.0,Moderate
Amritsar,2019-10-23,0.46,28.99,18.14,227.0,Poor
Amritsar,2019-10-24,0.36,31.4,11.56,179.0,Moderate
Amritsar,2019-10-25,0.87,31.44,13.12,198.0,Moderate
Amritsar,2019-10-26,0.56,32.46,8.57,234.0,Poor
Amritsar,2019-10-27,0.79,32.83,9.11,212.0,Poor
Amritsar,2019-10-28,0.31,20.44,19.85,399.0,Very Poor
Amritsar,2019-10-29,0.46,13.06,10.03,309.0,Very Poor
Amritsar,2019-10-30,0.57,13.16,9.78,247.0,Poor
Amritsar,2019-10-31,0.31,13.1,10.01,321.0,Very Poor
Amritsar,2019-11-01,0.37,12.81,9.94,313.0,Very Poor
Amritsar,2019-11-02,0.52,12.97,9.91,313.0,Very Poor
Amritsar,2019-11-03,0.34,13.26,10.98,302.0,Very Poor
Amritsar,2019-11-04,0.71,12.38,10.64,288.0,Poor
Amritsar,2019-11-05,0.53,24.67,32.85,261.0,Poor
Amritsar,2019-11-06,0.48,12.99,9.95,254.0,Poor
Amritsar,2019-11-07,0.55,13.01,9.95,212.0,Poor
Amritsar,2019-11-08,0.8,13.03,10.04,54.0,Satisfactory
Amritsar,2019-11-09,0.78,13.0,10.04,72.0,Satisfactory
Amritsar,2019-11-10,0.41,13.05,10.24,140.0,Moderate
Amritsar,2019-11-11,0.8,13.06,10.25,160.0,Moderate
Amritsar,2019-11-12,0.78,12.92,10.31,285.0,Poor
Amritsar,2019-11-13,0.48,13.0,10.0,358.0,Very Poor
Amritsar,2019-11-14,0.56,12.99,10.09,334.0,Very Poor
Amritsar,2019-11-15,0.65,12.98,10.0,317.0,Very Poor
Amritsar,2019-11-16,0.36,13.0,9.91,259.0,Poor
Amritsar,2019-11-17,0.66,12.99,10.01,110.0,Moderate
Amritsar,2019-11-18,0.65,13.01,10.01,162.0,Moderate
Amritsar,2019-11-19,0.56,13.0,10.0,322.0,Very Poor
Amritsar,2019-11-20,0.47,13.0,9.98,235.0,Poor
Amritsar,2019-11-21,0.66,12.99,9.99,280.0,Poor
Amritsar,2019-11-22,0.59,13.0,10.01,157.0,Moderate
Amritsar,2019-11-23,0.67,13.0,9.99,85.0,Satisfactory
Amritsar,2019-11-24,0.67,13.01,9.99,74.0,Satisfactory
Amritsar,2019-11-25,0.48,13.0,9.99,108.0,Moderate
Amritsar,2019-11-26,0.48,13.08,10.03,113.0,Moderate
Amritsar,2019-11-27,0.63,13.0,10.02,64.0,Satisfactory
Amritsar,2019-11-28,0.65,13.04,9.85,44.0,Good
Amritsar,2019-11-29,0.74,9.12,10.32,47.0,Good
Amritsar,2019-11-30,0.64,5.02,10.15,60.0,Satisfactory
Amritsar,2019-12-01,0.71,4.93,10.06,89.0,Satisfactory
Amritsar,2019-12-02,0.5,5.01,9.93,145.0,Moderate
Amritsar,2019-12-03,0.59,5.1,10.05,183.0,Moderate
Amritsar,2019-12-04,0.16,5.34,10.6,220.0,Poor
Amritsar,2019-12-05,0.5,5.53,13.89,147.0,Moderate
Amritsar,2019-12-06,0.24,5.25,11.54,106.0,Moderate
Amritsar,2019-12-07,0.82,5.19,10.78,121.0,Moderate
Amritsar,2019-12-08,0.74,5.63,12.9,123.0,Moderate
Amritsar,2019-12-09,0.7,6.76,15.08,187.0,Moderate
Amritsar,2019-12-10,0.66,6.05,14.02,291.0,Poor
Amritsar,2019-12-11,0.54,5.63,12.72,245.0,Poor
Amritsar,2019-12-12,0.72,5.95,12.31,186.0,Moderate
Amritsar,2019-12-13,0.77,6.11,14.74,43.0,Good
Amritsar,2019-12-14,0.71,6.29,13.75,59.0,Satisfactory
Amritsar,2019-12-15,0.64,5.37,11.28,58.0,Satisfactory
Amritsar,2019-12-16,0.81,5.8,12.41,55.0,Satisfactory
Amritsar,2019-12-17,0.65,6.2,13.0,74.0,Satisfactory
Amritsar,2019-12-18,0.72,6.77,14.96,95.0,Satisfactory
Amritsar,2019-12-19,0.68,5.65,12.09,107.0,Moderate
Amritsar,2019-12-20,0.62,5.61,11.94,171.0,Moderate
Amritsar,2019-12-21,0.63,5.98,13.09,184.0,Moderate
Amritsar,2019-12-22,0.61,5.7,12.12,96.0,Satisfactory
Amritsar,2019-12-23,0.53,5.93,13.24,108.0,Moderate
Amritsar,2019-12-24,0.64,5.18,9.83,210.0,Poor
Amritsar,2019-12-25,0.74,5.3,10.53,141.0,Moderate
Amritsar,2019-12-26,0.8,4.87,10.62,91.0,Satisfactory
Amritsar,2019-12-27,0.73,5.17,10.73,126.0,Moderate
Amritsar,2019-12-28,0.64,5.07,10.78,156.0,Moderate
Amritsar,2019-12-29,0.75,5.15,10.88,193.0,Moderate
Amritsar,2019-12-30,0.4,4.97,10.78,155.0,Moderate
Amritsar,2019-12-31,0.59,5.04,10.0,111.0,Moderate
Amritsar,2020-01-01,0.42,5.1,10.38,184.0,Moderate
Amritsar,2020-01-02,0.3,8.93,10.44,196.0,Moderate
Amritsar,2020-01-03,0.62,11.99,10.03,160.0,Moderate
Amritsar,2020-01-04,0.11,11.99,10.02,221.0,Poor
Amritsar,2020-01-05,0.28,12.16,9.67,156.0,Moderate
Amritsar,2020-01-06,0.6,11.87,10.43,88.0,Satisfactory
Amritsar,2020-01-07,0.57,11.99,9.77,58.0,Satisfactory
Amritsar,2020-01-08,0.62,12.01,10.12,46.0,Good
Amritsar,2020-01-09,0.68,11.94,10.05,66.0,Satisfactory
Amritsar,2020-01-10,0.47,12.02,9.74,103.0,Moderate
Amritsar,2020-01-11,0.73,11.99,10.19,87.0,Satisfactory
Amritsar,2020-01-12,0.8,12.1,9.99,87.0,Satisfactory
Amritsar,2020-01-13,0.4,12.06,10.01,74.0,Satisfactory
Amritsar,2020-01-14,0.66,11.99,9.89,64.0,Satisfactory
Amritsar,2020-01-15,0.72,12.02,9.78,166.0,Moderate
Amritsar,2020-01-16,0.91,12.0,9.85,85.0,Satisfactory
Amritsar,2020-01-17,0.89,12.06,10.03,121.0,Moderate
Amritsar,2020-01-18,0.61,12.01,9.98,153.0,Moderate
Amritsar,2020-01-19,0.63,11.94,10.02,111.0,Moderate
Amritsar,2020-01-20,0.68,11.96,10.17,111.0,Moderate
Amritsar,2020-01-21,0.63,12.0,10.04,98.0,Satisfactory
Amritsar,2020-01-22,0.8,11.92,10.07,63.0,Satisfactory
Amritsar,2020-01-23,0.73,11.99,10.01,63.0,Satisfactory
Amritsar,2020-01-24,0.6,12.01,9.93,70.0,Satisfactory
Amritsar,2020-01-25,0.7,11.96,10.17,108.0,Moderate
Amritsar,2020-01-26,0.73,11.83,10.69,107.0,Moderate
Amritsar,2020-01-27,0.64,12.31,10.77,90.0,Satisfactory
Amritsar,2020-01-28,0.64,11.96,10.82,96.0,Satisfactory
Amritsar,2020-01-29,0.98,11.84,10.7,55.0,Satisfactory
Amritsar,2020-01-30,0.55,11.8,10.35,60.0,Satisfactory
Amritsar,2020-01-31,0.47,12.09,10.15,102.0,Moderate
Amritsar,2020-02-04,0.49,14.74,21.0,111.0,Moderate
Amritsar,2020-02-05,0.54,12.12,12.2,99.0,Satisfactory
Amritsar,2020-02-06,0.46,12.04,11.48,121.0,Moderate
Amritsar,2020-02-07,0.33,12.09,13.47,124.0,Moderate
Amritsar,2020-02-08,0.9,12.4,11.59,152.0,Moderate
Amritsar,2020-02-09,0.21,11.99,11.18,282.0,Poor
Amritsar,2020-02-10,1.03,12.03,10.13,144.0,Moderate
Amritsar,2020-02-11,0.3,12.02,10.4,190.0,Moderate
Amritsar,2020-02-12,0.5,12.36,13.17,133.0,Moderate
Amritsar,2020-02-13,0.76,12.13,11.27,112.0,Moderate
Amritsar,2020-02-14,0.66,11.82,10.48,107.0,Moderate
Amritsar,2020-02-15,0.78,11.92,10.41,106.0,Moderate
Amritsar,2020-02-16,0.44,12.04,10.43,132.0,Moderate
Amritsar,2020-02-17,0.87,12.09,11.42,139.0,Moderate
Amritsar,2020-02-18,0.74,12.19,11.48,128.0,Moderate
Amritsar,2020-02-19,0.53,11.95,10.83,127.0,Moderate
Amritsar,2020-02-20,0.76,12.12,10.75,124.0,Moderate
Amritsar,2020-02-21,0.81,12.0,11.36,92.0,Satisfactory
Amritsar,2020-02-22,0.68,16.9,25.44,94.0,Satisfactory
Amritsar,2020-02-23,0.72,14.03,19.65,101.0,Moderate
Amritsar,2020-02-24,0.63,12.57,12.86,113.0,Moderate
Amritsar,2020-02-25,0.76,12.23,13.05,121.0,Moderate
Amritsar,2020-02-26,0.31,12.55,14.77,134.0,Moderate
Amritsar,2020-02-27,1.33,12.37,13.89,127.0,Moderate
Amritsar,2020-02-28,0.64,12.18,11.73,128.0,Moderate
Amritsar,2020-02-29,0.62,12.12,12.31,108.0,Moderate
Amritsar,2020-03-01,0.83,12.16,12.55,76.0,Satisfactory
Amritsar,2020-03-02,0.78,12.02,11.96,92.0,Satisfactory
Amritsar,2020-03-03,0.61,11.77,11.38,101.0,Moderate
Amritsar,2020-03-04,0.44,11.8,10.82,118.0,Moderate
Amritsar,2020-03-05,0.72,11.84,11.96,97.0,Satisfactory
Amritsar,2020-03-06,0.74,12.0,11.14,68.0,Satisfactory
Amritsar,2020-03-07,0.82,12.16,11.2,59.0,Satisfactory
Amritsar,2020-03-08,0.82,12.1,11.41,70.0,Satisfactory
Amritsar,2020-03-09,0.82,12.14,11.81,75.0,Satisfactory
Amritsar,2020-03-10,0.73,12.29,12.66,96.0,Satisfactory
Amritsar,2020-03-11,0.62,11.88,13.18,107.0,Moderate
Amritsar,2020-03-13,0.78,11.8,11.62,72.0,Satisfactory
Amritsar,2020-03-14,0.7,11.71,11.98,69.0,Satisfactory
Amritsar,2020-03-15,0.73,12.15,12.99,79.0,Satisfactory
Amritsar,2020-03-16,0.68,11.97,12.39,95.0,Satisfactory
Amritsar,2020-03-17,0.72,12.02,10.31,106.0,Moderate
Amritsar,2020-03-18,0.64,11.93,10.48,110.0,Moderate
Amritsar,2020-03-19,0.62,11.98,10.28,107.0,Moderate
Amritsar,2020-03-20,0.48,12.0,10.97,111.0,Moderate
Amritsar,2020-03-21,0.68,12.03,11.47,96.0,Satisfactory
Amritsar,2020-03-22,0.7,11.98,11.39,93.0,Satisfactory
Amritsar,2020-03-23,0.84,11.93,10.34,78.0,Satisfactory
Amritsar,2020-03-24,1.27,12.09,10.94,86.0,Satisfactory
Amritsar,2020-03-25,0.86,11.96,10.79,64.0,Satisfactory
Amritsar,2020-03-26,0.73,11.84,11.82,66.0,Satisfactory
Amritsar,2020-03-27,0.73,12.79,13.83,71.0,Satisfactory
Amritsar,2020-03-28,0.76,12.33,12.76,54.0,Satisfactory
Amritsar,2020-03-29,0.76,12.19,11.56,60.0,Satisfactory
Amritsar,2020-03-30,0.71,12.07,11.05,67.0,Satisfactory
Amritsar,2020-03-31,0.78,11.97,10.68,69.0,Satisfactory
Amritsar,2020-04-01,0.77,12.1,10.29,65.0,Satisfactory
Amritsar,2020-04-02,0.78,11.74,10.82,63.0,Satisfactory
Amritsar,2020-04-03,0.76,12.16,10.69,61.0,Satisfactory
Amritsar,2020-04-04,0.69,12.01,10.84,58.0,Satisfactory
Amritsar,2020-04-05,0.69,11.93,10.78,60.0,Satisfactory
Amritsar,2020-04-12,0.85,12.03,11.21,45.0,Good
Amritsar,2020-04-13,0.59,12.12,11.55,52.0,Satisfactory
Amritsar,2020-04-14,0.64,12.09,10.67,59.0,Satisfactory
Amritsar,2020-04-15,0.73,15.16,18.96,68.0,Satisfactory
Amritsar,2020-04-16,0.73,14.86,17.01,61.0,Satisfactory
Amritsar,2020-04-17,0.7,12.66,11.4,45.0,Good
Amritsar,2020-04-18,0.8,12.4,11.43,43.0,Good
Amritsar,2020-04-19,0.82,12.74,11.33,44.0,Good
Amritsar,2020-04-20,0.68,11.95,12.25,51.0,Satisfactory
Amritsar,2020-04-21,0.79,12.24,13.03,47.0,Good
Amritsar,2020-04-22,0.74,12.69,14.02,48.0,Good
Amritsar,2020-04-23,0.84,12.8,16.84,56.0,Satisfactory
Amritsar,2020-04-24,0.67,12.53,16.25,68.0,Satisfactory
Amritsar,2020-04-25,0.77,13.38,16.48,74.0,Satisfactory
Amritsar,2020-04-26,0.69,12.11,15.44,60.0,Satisfactory
Amritsar,2020-04-27,0.75,19.36,32.33,51.0,Satisfactory
Amritsar,2020-04-28,0.79,14.54,21.57,56.0,Satisfactory
Amritsar,2020-04-29,0.76,14.53,19.19,72.0,Satisfactory
Amritsar,2020-04-30,0.76,13.57,17.26,102.0,Moderate
Amritsar,2020-05-01,0.78,12.8,14.93,118.0,Moderate
Amritsar,2020-05-02,0.63,12.73,16.36,118.0,Moderate
Amritsar,2020-05-03,0.78,13.06,18.66,91.0,Satisfactory
Amritsar,2020-05-04,0.81,12.8,16.05,61.0,Satisfactory
Amritsar,2020-05-05,0.73,12.13,14.69,77.0,Satisfactory
Amritsar,2020-05-06,0.82,12.35,12.39,75.0,Satisfactory
Amritsar,2020-05-07,0.73,18.62,26.95,60.0,Satisfactory
Amritsar,2020-05-08,0.83,15.15,24.27,71.0,Satisfactory
Amritsar,2020-05-09,0.75,13.86,18.78,87.0,Satisfactory
Amritsar,2020-05-10,0.7,12.41,13.69,94.0,Satisfactory
Amritsar,2020-05-11,0.67,12.66,15.65,75.0,Satisfactory
Amritsar,2020-05-12,0.82,13.27,16.79,61.0,Satisfactory
Amritsar,2020-05-13,0.74,12.96,15.63,67.0,Satisfactory
Amritsar,2020-05-14,0.61,12.57,15.84,95.0,Satisfactory
Amritsar,2020-05-15,0.91,12.76,15.94,52.0,Satisfactory
Amritsar,2020-05-16,0.75,12.49,14.83,61.0,Satisfactory
Amritsar,2020-05-17,0.75,12.66,15.98,75.0,Satisfactory
Amritsar,2020-05-18,0.67,12.49,17.48,76.0,Satisfactory
Amritsar,2020-05-19,0.69,12.55,14.96,65.0,Satisfactory
Amritsar,2020-05-20,0.69,12.84,15.0,68.0,Satisfactory
Amritsar,2020-05-21,0.68,12.53,15.55,80.0,Satisfactory
Amritsar,2020-05-22,0.62,12.35,13.29,115.0,Moderate
Amritsar,2020-05-23,0.48,11.97,12.8,106.0,Moderate
Amritsar,2020-05-24,0.61,12.15,11.41,74.0,Satisfactory
Amritsar,2020-05-25,0.76,12.27,10.6,69.0,Satisfactory
Amritsar,2020-05-26,0.97,12.29,10.31,81.0,Satisfactory
Amritsar,2020-05-27,0.56,11.95,10.97,77.0,Satisfactory
Amritsar,2020-05-28,0.49,12.14,10.33,81.0,Satisfactory
Amritsar,2020-05-29,0.73,11.92,11.22,67.0,Satisfactory
Amritsar,2020-05-30,0.66,12.57,14.87,63.0,Satisfactory
Amritsar,2020-05-31,0.63,14.22,22.14,48.0,Good
Amritsar,2020-06-01,0.71,17.15,39.8,43.0,Good
Amritsar,2020-06-02,0.68,13.99,21.62,65.0,Satisfactory
Amritsar,2020-06-03,0.58,12.08,12.54,478.0,Severe
Amritsar,2020-06-04,0.74,13.01,15.08,193.0,Moderate
Amritsar,2020-06-05,0.72,14.25,21.48,56.0,Satisfactory
Amritsar,2020-06-06,0.77,13.12,15.84,41.0,Good
Amritsar,2020-06-07,0.59,12.77,15.1,42.0,Good
Amritsar,2020-06-08,0.59,12.57,13.52,51.0,Satisfactory
Amritsar,2020-06-09,0.57,12.1,11.23,77.0,Satisfactory
Amritsar,2020-06-10,0.55,12.21,10.65,80.0,Satisfactory
Amritsar,2020-06-11,0.72,11.99,9.4,79.0,Satisfactory
Amritsar,2020-06-12,0.71,12.01,9.17,89.0,Satisfactory
Amritsar,2020-06-13,0.65,11.93,8.31,104.0,Moderate
Amritsar,2020-06-14,0.69,12.06,8.01,87.0,Satisfactory
Amritsar,2020-06-15,0.75,12.0,7.97,103.0,Moderate
Amritsar,2020-06-16,0.68,13.83,16.04,110.0,Moderate
Amritsar,2020-06-17,0.73,15.21,26.2,117.0,Moderate
Amritsar,2020-06-18,0.74,13.91,18.43,117.0,Moderate
Amritsar,2020-06-19,0.62,12.34,12.63,131.0,Moderate
Amritsar,2020-06-20,0.71,23.22,53.34,120.0,Moderate
Amritsar,2020-06-21,0.7,17.99,33.92,120.0,Moderate
Amritsar,2020-06-22,0.68,14.43,18.72,72.0,Satisfactory
Amritsar,2020-06-23,0.67,12.64,12.03,125.0,Moderate
Amritsar,2020-06-24,0.59,12.08,9.97,130.0,Moderate
Amritsar,2020-06-25,0.74,11.94,10.71,59.0,Satisfactory
Amritsar,2020-06-26,0.66,13.71,18.01,83.0,Satisfactory
Amritsar,2020-06-27,0.66,14.07,20.8,74.0,Satisfactory
Amritsar,2020-06-28,0.63,13.25,17.9,85.0,Satisfactory
Amritsar,2020-06-29,0.67,14.94,19.83,49.0,Good
Amritsar,2020-06-30,0.69,13.29,15.97,66.0,Satisfactory
Amritsar,2020-07-01,0.59,17.73,15.11,78.0,Satisfactory
Bengaluru,2015-03-21,3.89,28.02,27.0,91.0,Satisfactory
Bengaluru,2015-03-22,11.29,23.19,22.39,120.0,Moderate
Bengaluru,2015-03-23,9.95,27.76,26.35,154.0,Moderate
Bengaluru,2015-03-24,1.46,35.1,29.87,119.0,Moderate
Bengaluru,2015-03-25,10.05,27.13,23.57,232.0,Poor
Bengaluru,2015-03-26,1.44,34.71,32.07,132.0,Moderate
Bengaluru,2015-03-27,2.85,30.96,25.55,123.0,Moderate
Bengaluru,2015-03-28,8.07,28.74,17.99,152.0,Moderate
Bengaluru,2015-03-29,8.53,21.5,12.9,143.0,Moderate
Bengaluru,2015-03-30,1.46,26.96,16.23,80.0,Satisfactory
Bengaluru,2015-03-31,1.79,27.52,10.97,90.0,Satisfactory
Bengaluru,2015-04-01,9.6,31.37,8.83,151.0,Moderate
Bengaluru,2015-04-02,4.06,43.09,10.29,123.0,Moderate
Bengaluru,2015-04-03,5.34,26.04,5.99,178.0,Moderate
Bengaluru,2015-04-04,1.47,40.71,12.89,101.0,Moderate
Bengaluru,2015-04-05,9.58,26.22,9.0,160.0,Moderate
Bengaluru,2015-04-06,0.55,22.34,8.14,71.0,Satisfactory
Bengaluru,2015-04-07,2.3,17.78,7.14,76.0,Satisfactory
Bengaluru,2015-04-08,6.84,24.2,9.04,153.0,Moderate
Bengaluru,2015-04-09,5.82,29.83,8.72,80.0,Satisfactory
Bengaluru,2015-04-10,5.19,23.17,7.46,129.0,Moderate
Bengaluru,2015-04-11,1.7,30.95,7.09,107.0,Moderate
Bengaluru,2015-04-12,2.65,34.85,4.97,122.0,Moderate
Bengaluru,2015-04-13,2.23,34.3,8.53,85.0,Satisfactory
Bengaluru,2015-04-14,1.4,27.48,6.1,62.0,Satisfactory
Bengaluru,2015-04-15,5.45,15.15,4.86,177.0,Moderate
Bengaluru,2015-04-16,0.97,16.61,7.98,152.0,Moderate
Bengaluru,2015-04-17,12.93,38.54,6.64,210.0,Poor
Bengaluru,2015-04-18,3.84,21.02,5.98,170.0,Moderate
Bengaluru,2015-04-19,0.48,21.93,6.58,135.0,Moderate
Bengaluru,2015-04-20,4.58,24.78,7.91,118.0,Moderate
Bengaluru,2015-04-21,6.14,17.34,6.45,127.0,Moderate
Bengaluru,2015-04-23,3.65,18.77,6.84,44.0,Good
Bengaluru,2015-04-24,1.13,35.77,14.96,67.0,Satisfactory
Bengaluru,2015-04-25,3.1,17.93,8.42,44.0,Good
Bengaluru,2015-04-26,1.22,15.8,14.35,82.0,Satisfactory
Bengaluru,2015-04-27,1.26,13.92,7.74,156.0,Moderate
Bengaluru,2015-04-28,2.31,11.62,12.95,96.0,Satisfactory
Bengaluru,2015-04-29,1.34,11.4,17.71,72.0,Satisfactory
Bengaluru,2015-05-01,1.59,6.09,14.31,67.0,Satisfactory
Bengaluru,2015-05-02,4.44,21.03,14.24,217.0,Poor
Bengaluru,2015-05-03,1.32,14.62,15.2,64.0,Satisfactory
Bengaluru,2015-05-04,4.17,18.09,25.81,162.0,Moderate
Bengaluru,2015-05-05,0.0,5.94,20.7,75.0,Satisfactory
Bengaluru,2015-05-06,28.28,10.23,17.15,141.0,Moderate
Bengaluru,2015-05-07,0.5,15.4,20.41,70.0,Satisfactory
Bengaluru,2015-05-08,4.82,14.93,17.29,142.0,Moderate
Bengaluru,2015-05-09,23.56,17.12,24.35,140.0,Moderate
Bengaluru,2015-05-10,2.57,14.21,29.77,71.0,Satisfactory
Bengaluru,2015-05-11,0.3,15.84,29.38,66.0,Satisfactory
Bengaluru,2015-05-13,0.0,14.66,32.27,45.0,Good
Bengaluru,2015-05-14,1.19,14.28,33.12,61.0,Satisfactory
Bengaluru,2015-05-15,2.06,18.55,22.13,70.0,Satisfactory
Bengaluru,2015-05-16,1.19,24.08,32.24,59.0,Satisfactory
Bengaluru,2015-05-17,12.23,14.2,22.62,125.0,Moderate
Bengaluru,2015-05-18,12.77,13.27,22.49,106.0,Moderate
Bengaluru,2015-05-19,1.14,17.26,31.22,84.0,Satisfactory
Bengaluru,2015-05-20,1.26,15.5,32.48,57.0,Satisfactory
Bengaluru,2015-05-21,1.21,13.64,17.97,56.0,Satisfactory
Bengaluru,2015-05-22,10.68,12.62,17.88,140.0,Moderate
Bengaluru,2015-05-23,17.21,11.58,23.45,156.0,Moderate
Bengaluru,2015-05-24,9.13,5.01,17.13,156.0,Moderate
Bengaluru,2015-05-25,4.19,3.25,18.69,111.0,Moderate
Bengaluru,2015-05-26,4.21,0.28,12.85,158.0,Moderate
Bengaluru,2015-05-27,4.79,2.77,11.83,93.0,Satisfactory
Bengaluru,2015-05-28,1.22,4.91,41.16,97.0,Satisfactory
Bengaluru,2015-05-29,1.4,4.88,22.5,94.0,Satisfactory
Bengaluru,2015-05-30,4.52,5.61,14.82,147.0,Moderate
Bengaluru,2015-05-31,2.84,2.89,6.62,100.0,Satisfactory
Bengaluru,2015-06-01,1.7,2.34,14.12,101.0,Moderate
Bengaluru,2015-06-02,1.77,2.31,9.28,84.0,Satisfactory
Bengaluru,2015-06-03,1.52,2.21,19.98,84.0,Satisfactory
Bengaluru,2015-06-04,1.4,1.93,6.39,74.0,Satisfactory
Bengaluru,2015-06-05,5.65,18.87,14.61,130.0,Moderate
Bengaluru,2015-06-06,1.78,30.36,30.73,74.0,Satisfactory
Bengaluru,2015-06-07,4.45,28.0,25.18,74.0,Satisfactory
Bengaluru,2015-06-08,3.93,23.12,22.65,162.0,Moderate
Bengaluru,2015-06-09,1.4,25.86,20.8,55.0,Satisfactory
Bengaluru,2015-06-10,1.96,21.15,22.16,72.0,Satisfactory
Bengaluru,2015-06-11,1.54,20.88,17.32,66.0,Satisfactory
Bengaluru,2015-06-12,1.89,5.29,13.35,81.0,Satisfactory
Bengaluru,2015-06-13,3.21,7.02,10.75,94.0,Satisfactory
Bengaluru,2015-06-14,2.36,7.86,9.61,128.0,Moderate
Bengaluru,2015-06-15,1.56,8.92,13.12,86.0,Satisfactory
Bengaluru,2015-06-16,3.74,9.22,10.09,136.0,Moderate
Bengaluru,2015-06-17,2.0,7.0,11.09,67.0,Satisfactory
Bengaluru,2015-06-18,1.3,8.31,18.7,45.0,Good
Bengaluru,2015-06-19,1.54,8.08,19.0,70.0,Satisfactory
Bengaluru,2015-06-20,2.89,7.31,14.48,93.0,Satisfactory
Bengaluru,2015-06-21,3.84,6.89,15.95,166.0,Moderate
Bengaluru,2015-06-22,4.29,27.31,16.04,183.0,Moderate
Bengaluru,2015-06-23,2.08,10.32,7.27,107.0,Moderate
Bengaluru,2015-06-24,5.48,8.75,5.61,140.0,Moderate
Bengaluru,2015-06-25,2.83,7.95,5.38,107.0,Moderate
Bengaluru,2015-06-26,1.75,7.5,6.1,70.0,Satisfactory
Bengaluru,2015-06-27,15.98,6.4,5.23,165.0,Moderate
Bengaluru,2015-06-28,2.03,6.3,4.38,160.0,Moderate
Bengaluru,2015-06-29,5.28,7.68,7.02,209.0,Poor
Bengaluru,2015-06-30,5.01,8.47,8.39,166.0,Moderate
Bengaluru,2015-07-01,6.96,6.34,6.34,187.0,Moderate
Bengaluru,2015-07-02,2.58,6.42,11.59,162.0,Moderate
Bengaluru,2015-07-03,7.52,5.96,5.11,185.0,Moderate
Bengaluru,2015-07-04,15.9,5.76,5.99,141.0,Moderate
Bengaluru,2015-07-05,20.81,4.74,7.66,225.0,Poor
Bengaluru,2015-07-06,26.99,26.67,8.79,309.0,Very Poor
Bengaluru,2015-07-07,2.86,10.45,7.83,136.0,Moderate
Bengaluru,2015-07-08,7.24,34.37,8.71,139.0,Moderate
Bengaluru,2015-07-09,3.42,19.3,10.04,161.0,Moderate
Bengaluru,2015-07-10,15.1,21.54,10.1,160.0,Moderate
Bengaluru,2015-07-11,2.42,20.9,10.66,127.0,Moderate
Bengaluru,2015-07-12,2.11,10.15,9.83,71.0,Satisfactory
Bengaluru,2015-07-13,27.06,10.8,12.22,246.0,Poor
Bengaluru,2015-07-14,10.62,10.17,11.7,250.0,Poor
Bengaluru,2015-07-15,9.91,6.08,17.43,176.0,Moderate
Bengaluru,2015-07-16,3.56,10.88,15.73,176.0,Moderate
Bengaluru,2015-07-17,1.62,9.89,10.76,55.0,Satisfactory
Bengaluru,2015-07-18,18.69,11.23,8.46,156.0,Moderate
Bengaluru,2015-07-19,12.18,10.88,7.65,195.0,Moderate
Bengaluru,2015-07-20,9.82,10.46,10.26,197.0,Moderate
Bengaluru,2015-07-21,9.35,10.76,11.45,223.0,Poor
Bengaluru,2015-07-22,16.7,9.67,9.91,182.0,Moderate
Bengaluru,2015-07-23,9.44,10.06,11.26,245.0,Poor
Bengaluru,2015-07-24,16.46,9.15,9.48,268.0,Poor
Bengaluru,2015-07-25,2.89,10.06,10.0,51.0,Satisfactory
Bengaluru,2015-07-26,2.42,8.39,11.03,49.0,Good
Bengaluru,2015-07-27,14.36,8.42,8.83,157.0,Moderate
Bengaluru,2015-07-28,12.51,9.14,10.76,128.0,Moderate
Bengaluru,2015-07-29,1.5,29.6,12.67,66.0,Satisfactory
Bengaluru,2015-07-30,1.86,11.73,11.52,105.0,Moderate
Bengaluru,2015-07-31,1.09,11.91,10.27,49.0,Good
Bengaluru,2015-08-01,9.97,10.3,20.21,97.0,Satisfactory
Bengaluru,2015-08-02,37.73,9.26,9.54,257.0,Poor
Bengaluru,2015-08-03,25.13,10.08,11.41,139.0,Moderate
Bengaluru,2015-08-04,9.92,10.75,10.66,95.0,Satisfactory
Bengaluru,2015-08-05,48.07,10.66,11.85,106.0,Moderate
Bengaluru,2015-08-06,3.15,33.49,18.38,89.0,Satisfactory
Bengaluru,2015-08-07,1.16,26.16,10.02,44.0,Good
Bengaluru,2015-08-08,20.25,23.31,8.46,97.0,Satisfactory
Bengaluru,2015-08-09,8.78,18.3,7.32,187.0,Moderate
Bengaluru,2015-08-10,1.82,23.95,8.21,83.0,Satisfactory
Bengaluru,2015-08-11,29.0,24.12,7.98,129.0,Moderate
Bengaluru,2015-08-12,29.16,22.52,7.44,128.0,Moderate
Bengaluru,2015-08-13,34.69,22.0,6.61,217.0,Poor
Bengaluru,2015-08-14,35.05,23.64,14.73,277.0,Poor
Bengaluru,2015-08-15,16.67,18.87,13.63,176.0,Moderate
Bengaluru,2015-08-16,9.03,23.05,17.39,206.0,Poor
Bengaluru,2015-08-17,14.55,50.58,19.5,238.0,Poor
Bengaluru,2015-08-18,21.83,38.79,19.73,229.0,Poor
Bengaluru,2015-08-19,9.91,39.19,17.92,236.0,Poor
Bengaluru,2015-08-20,1.31,30.68,34.35,92.0,Satisfactory
Bengaluru,2015-08-21,11.68,33.06,17.51,100.0,Satisfactory
Bengaluru,2015-08-22,1.14,24.16,15.97,97.0,Satisfactory
Bengaluru,2015-08-23,26.54,23.28,11.64,59.0,Satisfactory
Bengaluru,2015-08-24,1.16,27.77,15.11,96.0,Satisfactory
Bengaluru,2015-08-25,4.29,17.67,16.49,123.0,Moderate
Bengaluru,2015-08-26,1.43,15.18,12.18,77.0,Satisfactory
Bengaluru,2015-08-27,2.4,35.39,20.81,57.0,Satisfactory
Bengaluru,2015-08-28,1.96,26.37,21.16,63.0,Satisfactory
Bengaluru,2015-08-29,9.97,33.75,13.86,174.0,Moderate
Bengaluru,2015-08-30,2.76,26.46,5.53,121.0,Moderate
Bengaluru,2015-08-31,5.77,33.9,6.47,92.0,Satisfactory
Bengaluru,2015-09-01,5.26,33.29,7.25,81.0,Satisfactory
Bengaluru,2015-09-02,1.19,26.12,9.49,43.0,Good
Bengaluru,2015-09-03,1.42,31.79,12.59,52.0,Satisfactory
Bengaluru,2015-09-04,1.76,37.51,15.89,72.0,Satisfactory
Bengaluru,2015-09-05,1.47,54.9,17.6,73.0,Satisfactory
Bengaluru,2015-09-06,22.81,26.75,11.7,208.0,Poor
Bengaluru,2015-09-07,9.83,32.04,12.0,179.0,Moderate
Bengaluru,2015-09-08,1.78,37.31,10.95,93.0,Satisfactory
Bengaluru,2015-09-09,13.22,36.19,11.14,60.0,Satisfactory
Bengaluru,2015-09-10,1.2,36.3,12.29,65.0,Satisfactory
Bengaluru,2015-09-11,3.19,34.24,13.42,60.0,Satisfactory
Bengaluru,2015-09-12,22.32,30.49,13.1,167.0,Moderate
Bengaluru,2015-09-13,19.24,21.98,11.85,141.0,Moderate
Bengaluru,2015-09-14,18.85,31.7,12.44,175.0,Moderate
Bengaluru,2015-09-15,1.06,23.78,11.66,41.0,Good
Bengaluru,2015-09-16,18.66,24.19,12.06,81.0,Satisfactory
Bengaluru,2015-09-17,1.7,19.64,9.78,52.0,Satisfactory
Bengaluru,2015-09-18,1.01,23.94,8.71,31.0,Good
Bengaluru,2015-09-19,8.24,24.56,8.98,144.0,Moderate
Bengaluru,2015-09-20,1.27,20.84,9.42,64.0,Satisfactory
Bengaluru,2015-09-21,2.15,36.84,15.32,51.0,Satisfactory
Bengaluru,2015-09-22,2.21,35.72,22.83,82.0,Satisfactory
Bengaluru,2015-09-23,2.13,37.81,27.93,85.0,Satisfactory
Bengaluru,2015-09-24,2.39,34.28,22.47,89.0,Satisfactory
Bengaluru,2015-09-25,3.05,30.44,21.03,139.0,Moderate
Bengaluru,2015-09-26,2.68,22.01,17.22,157.0,Moderate
Bengaluru,2015-09-27,2.26,45.07,20.53,155.0,Moderate
Bengaluru,2015-09-28,2.0,76.12,30.35,94.0,Satisfactory
Bengaluru,2015-09-29,2.09,41.39,33.02,100.0,Satisfactory
Bengaluru,2015-09-30,2.71,29.39,31.34,117.0,Moderate
Bengaluru,2015-10-01,1.95,30.38,30.71,136.0,Moderate
Bengaluru,2015-10-02,1.82,26.74,26.84,96.0,Satisfactory
Bengaluru,2015-10-03,1.67,19.73,19.24,101.0,Moderate
Bengaluru,2015-10-04,2.21,23.54,16.51,128.0,Moderate
Bengaluru,2015-10-05,1.96,31.01,23.13,92.0,Satisfactory
Bengaluru,2015-10-06,1.7,24.52,19.67,98.0,Satisfactory
Bengaluru,2015-10-07,1.63,24.3,19.92,102.0,Moderate
Bengaluru,2015-10-08,1.21,27.54,19.19,69.0,Satisfactory
Bengaluru,2015-10-09,1.54,26.87,20.31,54.0,Satisfactory
Bengaluru,2015-10-10,2.66,27.22,21.36,101.0,Moderate
Bengaluru,2015-10-11,3.38,33.5,19.3,110.0,Moderate
Bengaluru,2015-10-12,1.72,32.02,27.34,54.0,Satisfactory
Bengaluru,2015-10-13,1.62,38.88,38.97,77.0,Satisfactory
Bengaluru,2015-10-14,2.5,39.7,58.6,144.0,Moderate
Bengaluru,2015-10-15,1.47,44.56,71.63,90.0,Satisfactory
Bengaluru,2015-10-16,2.12,42.06,51.64,98.0,Satisfactory
Bengaluru,2015-10-17,6.11,27.48,33.93,173.0,Moderate
Bengaluru,2015-10-18,3.03,35.87,37.25,140.0,Moderate
Bengaluru,2015-10-19,1.5,21.37,27.41,76.0,Satisfactory
Bengaluru,2015-10-20,3.91,5.65,22.4,164.0,Moderate
Bengaluru,2015-10-21,1.14,20.88,21.57,88.0,Satisfactory
Bengaluru,2015-10-22,1.31,33.92,24.25,97.0,Satisfactory
Bengaluru,2015-10-23,1.12,33.78,28.3,110.0,Moderate
Bengaluru,2015-10-24,1.06,34.86,26.15,89.0,Satisfactory
Bengaluru,2015-10-26,1.19,37.44,26.73,74.0,Satisfactory
Bengaluru,2015-10-27,8.22,51.9,32.0,157.0,Moderate
Bengaluru,2015-10-28,1.18,26.15,24.21,95.0,Satisfactory
Bengaluru,2015-10-29,1.15,44.06,22.68,70.0,Satisfactory
Bengaluru,2015-10-30,3.63,31.65,15.26,110.0,Moderate
Bengaluru,2015-10-31,2.63,49.74,23.3,191.0,Moderate
Bengaluru,2015-11-01,1.13,18.44,15.14,49.0,Good
Bengaluru,2015-11-02,1.36,23.29,18.2,54.0,Satisfactory
Bengaluru,2015-11-03,1.34,34.87,20.58,58.0,Satisfactory
Bengaluru,2015-11-04,3.56,27.02,12.07,65.0,Satisfactory
Bengaluru,2015-11-05,1.24,61.87,17.33,70.0,Satisfactory
Bengaluru,2015-11-06,1.21,32.2,13.89,67.0,Satisfactory
Bengaluru,2015-11-07,1.22,27.73,15.85,60.0,Satisfactory
Bengaluru,2015-11-10,1.48,12.63,6.81,51.0,Satisfactory
Bengaluru,2015-11-11,1.07,22.21,8.59,49.0,Good
Bengaluru,2015-11-12,1.82,21.57,8.2,146.0,Moderate
Bengaluru,2015-11-13,2.09,27.79,21.5,61.0,Satisfactory
Bengaluru,2015-11-14,1.56,21.94,29.94,130.0,Moderate
Bengaluru,2015-11-18,1.99,25.0,15.47,126.0,Moderate
Bengaluru,2015-11-19,1.73,41.96,16.44,103.0,Moderate
Bengaluru,2015-11-20,1.72,23.93,12.14,74.0,Satisfactory
Bengaluru,2015-11-21,0.94,21.28,13.13,66.0,Satisfactory
Bengaluru,2015-11-22,0.83,13.92,10.57,61.0,Satisfactory
Bengaluru,2015-11-23,1.35,24.04,16.37,75.0,Satisfactory
Bengaluru,2015-11-24,1.36,26.98,20.64,85.0,Satisfactory
Bengaluru,2015-11-25,2.48,32.75,28.8,141.0,Moderate
Bengaluru,2015-11-26,1.52,55.4,29.33,90.0,Satisfactory
Bengaluru,2015-11-27,2.18,32.33,26.64,126.0,Moderate
Bengaluru,2015-11-28,2.3,32.75,28.1,147.0,Moderate
Bengaluru,2015-11-29,1.55,19.08,21.21,87.0,Satisfactory
Bengaluru,2015-11-30,1.13,21.4,22.22,56.0,Satisfactory
Bengaluru,2015-12-01,1.63,21.81,25.86,88.0,Satisfactory
Bengaluru,2015-12-02,1.7,22.0,24.04,67.0,Satisfactory
Bengaluru,2015-12-03,1.47,37.08,33.56,74.0,Satisfactory
Bengaluru,2015-12-04,2.03,52.45,32.95,105.0,Moderate
Bengaluru,2015-12-05,1.72,51.77,33.02,103.0,Moderate
Bengaluru,2015-12-07,1.88,46.07,34.42,65.0,Satisfactory
Bengaluru,2015-12-08,1.81,45.43,44.41,102.0,Moderate
Bengaluru,2015-12-09,1.84,46.15,39.78,94.0,Satisfactory
Bengaluru,2015-12-10,1.92,51.46,35.58,86.0,Satisfactory
Bengaluru,2015-12-11,2.07,26.38,41.05,89.0,Satisfactory
Bengaluru,2015-12-12,1.78,20.93,57.62,99.0,Satisfactory
Bengaluru,2015-12-13,1.68,12.64,42.88,92.0,Satisfactory
Bengaluru,2015-12-14,1.33,11.98,27.66,85.0,Satisfactory
Bengaluru,2015-12-15,1.44,14.1,22.28,83.0,Satisfactory
Bengaluru,2015-12-16,1.93,20.54,37.1,92.0,Satisfactory
Bengaluru,2015-12-17,1.55,22.39,40.72,95.0,Satisfactory
Bengaluru,2015-12-18,2.67,29.2,57.36,103.0,Moderate
Bengaluru,2015-12-19,2.08,21.95,49.4,105.0,Moderate
Bengaluru,2015-12-20,1.44,26.04,43.97,97.0,Satisfactory
Bengaluru,2015-12-21,1.18,30.54,53.53,102.0,Moderate
Bengaluru,2015-12-22,1.32,34.27,65.66,104.0,Moderate
Bengaluru,2015-12-23,1.62,36.34,55.38,96.0,Satisfactory
Bengaluru,2015-12-24,1.29,44.44,56.16,114.0,Moderate
Bengaluru,2015-12-25,1.25,24.77,51.22,110.0,Moderate
Bengaluru,2015-12-26,1.2,18.88,42.79,109.0,Moderate
Bengaluru,2015-12-27,1.54,14.76,42.69,115.0,Moderate
Bengaluru,2015-12-28,1.77,41.98,56.3,149.0,Moderate
Bengaluru,2015-12-29,1.58,24.83,54.12,122.0,Moderate
Bengaluru,2015-12-30,0.85,21.42,59.75,91.0,Satisfactory
Bengaluru,2015-12-31,1.49,26.49,61.97,131.0,Moderate
Bengaluru,2016-01-01,0.69,14.68,51.73,101.0,Moderate
Bengaluru,2016-01-02,0.76,16.05,73.09,92.0,Satisfactory
Bengaluru,2016-01-03,0.96,16.37,77.77,108.0,Moderate
Bengaluru,2016-01-04,0.89,14.18,77.07,109.0,Moderate
Bengaluru,2016-01-05,0.85,16.97,79.43,114.0,Moderate
Bengaluru,2016-01-06,0.93,16.71,68.5,121.0,Moderate
Bengaluru,2016-01-07,0.79,26.13,53.25,116.0,Moderate
Bengaluru,2016-01-08,0.66,22.84,51.09,117.0,Moderate
Bengaluru,2016-01-09,0.79,21.32,64.04,143.0,Moderate
Bengaluru,2016-01-10,0.8,11.01,46.46,168.0,Moderate
Bengaluru,2016-01-11,0.78,10.72,39.43,122.0,Moderate
Bengaluru,2016-01-12,1.3,12.27,39.55,122.0,Moderate
Bengaluru,2016-01-13,1.02,12.06,55.91,146.0,Moderate
Bengaluru,2016-01-14,0.84,19.63,70.58,152.0,Moderate
Bengaluru,2016-01-16,1.02,16.11,83.2,130.0,Moderate
Bengaluru,2016-01-17,0.78,10.83,110.24,253.0,Poor
Bengaluru,2016-01-18,0.97,16.09,77.38,219.0,Poor
Bengaluru,2016-01-19,0.98,20.9,72.62,146.0,Moderate
Bengaluru,2016-01-20,0.97,28.94,45.06,170.0,Moderate
Bengaluru,2016-01-21,0.93,43.57,34.63,117.0,Moderate
Bengaluru,2016-01-22,1.15,26.58,41.69,113.0,Moderate
Bengaluru,2016-01-23,1.08,16.27,29.72,146.0,Moderate
Bengaluru,2016-01-24,0.99,14.08,35.97,102.0,Moderate
Bengaluru,2016-01-25,1.23,19.55,51.13,98.0,Satisfactory
Bengaluru,2016-01-26,1.04,17.79,45.69,104.0,Moderate
Bengaluru,2016-01-27,1.05,20.6,41.42,91.0,Satisfactory
Bengaluru,2016-01-28,1.16,53.81,36.42,118.0,Moderate
Bengaluru,2016-01-29,1.12,22.43,36.39,175.0,Moderate
Bengaluru,2016-01-30,1.21,20.22,37.09,149.0,Moderate
Bengaluru,2016-01-31,1.32,33.27,48.59,183.0,Moderate
Bengaluru,2016-02-01,1.85,30.23,55.88,184.0,Moderate
Bengaluru,2016-02-02,1.39,27.39,55.92,156.0,Moderate
Bengaluru,2016-02-03,1.9,23.28,62.78,153.0,Moderate
Bengaluru,2016-02-04,1.6,22.79,49.76,141.0,Moderate
Bengaluru,2016-02-05,1.37,21.72,49.34,139.0,Moderate
Bengaluru,2016-02-06,1.81,19.25,45.84,154.0,Moderate
Bengaluru,2016-02-07,3.28,19.97,84.52,199.0,Moderate
Bengaluru,2016-02-08,1.59,18.87,46.99,182.0,Moderate
Bengaluru,2016-02-09,2.19,20.89,59.41,175.0,Moderate
Bengaluru,2016-02-10,2.2,20.63,46.66,191.0,Moderate
Bengaluru,2016-02-11,2.06,17.12,45.44,203.0,Poor
Bengaluru,2016-02-12,1.7,19.85,49.77,154.0,Moderate
Bengaluru,2016-02-13,1.69,17.34,56.54,160.0,Moderate
Bengaluru,2016-02-14,1.46,15.09,43.41,136.0,Moderate
Bengaluru,2016-02-15,1.73,40.86,35.08,107.0,Moderate
Bengaluru,2016-02-16,1.51,27.19,23.5,88.0,Satisfactory
Bengaluru,2016-02-17,1.66,24.05,24.34,105.0,Moderate
Bengaluru,2016-02-19,1.51,25.75,26.16,117.0,Moderate
Bengaluru,2016-02-20,1.47,29.92,30.94,113.0,Moderate
Bengaluru,2016-02-21,1.45,29.87,34.98,115.0,Moderate
Bengaluru,2016-02-22,1.57,29.34,32.23,145.0,Moderate
Bengaluru,2016-02-23,1.12,30.6,32.14,177.0,Moderate
Bengaluru,2016-02-24,0.94,28.79,38.67,198.0,Moderate
Bengaluru,2016-02-25,0.73,27.07,37.3,165.0,Moderate
Bengaluru,2016-02-26,0.94,24.1,28.51,124.0,Moderate
Bengaluru,2016-02-27,0.81,5.47,41.88,88.0,Satisfactory
Bengaluru,2016-02-28,0.79,4.09,47.36,88.0,Satisfactory
Bengaluru,2016-02-29,1.01,3.83,30.64,105.0,Moderate
Bengaluru,2016-03-01,0.84,13.53,42.55,118.0,Moderate
Bengaluru,2016-03-02,0.56,22.47,33.44,132.0,Moderate
Bengaluru,2016-03-03,0.58,22.73,31.09,121.0,Moderate
Bengaluru,2016-03-04,0.62,21.95,38.09,136.0,Moderate
Bengaluru,2016-03-05,1.68,23.49,31.96,153.0,Moderate
Bengaluru,2016-03-06,0.77,23.84,22.73,135.0,Moderate
Bengaluru,2016-03-07,0.58,23.77,24.23,111.0,Moderate
Bengaluru,2016-03-08,1.41,23.93,41.83,135.0,Moderate
Bengaluru,2016-03-09,0.97,33.25,47.14,123.0,Moderate
Bengaluru,2016-03-10,1.51,31.23,43.2,146.0,Moderate
Bengaluru,2016-03-11,1.03,33.7,36.11,155.0,Moderate
Bengaluru,2016-03-12,0.86,26.04,26.64,144.0,Moderate
Bengaluru,2016-03-13,0.57,21.27,21.86,149.0,Moderate
Bengaluru,2016-03-14,0.79,23.37,33.09,158.0,Moderate
Bengaluru,2016-03-15,1.28,24.7,36.46,175.0,Moderate
Bengaluru,2016-03-16,1.19,36.52,39.12,139.0,Moderate
Bengaluru,2016-03-17,0.89,29.15,25.76,145.0,Moderate
Bengaluru,2016-03-18,0.96,26.55,18.32,151.0,Moderate
Bengaluru,2016-03-19,1.22,29.65,32.29,158.0,Moderate
Bengaluru,2016-03-20,1.2,27.35,14.6,253.0,Poor
Bengaluru,2016-03-21,0.91,32.86,59.53,264.0,Poor
Bengaluru,2016-03-22,0.98,32.7,62.46,155.0,Moderate
Bengaluru,2016-03-23,0.52,29.53,46.26,137.0,Moderate
Bengaluru,2016-03-24,0.92,24.5,34.43,119.0,Moderate
Bengaluru,2016-03-25,0.9,22.9,28.33,137.0,Moderate
Bengaluru,2016-03-26,2.11,32.86,29.32,149.0,Moderate
Bengaluru,2016-03-27,0.82,42.56,30.19,156.0,Moderate
Bengaluru,2016-03-28,0.86,50.0,35.15,123.0,Moderate
Bengaluru,2016-03-29,0.87,24.05,23.54,118.0,Moderate
Bengaluru,2016-03-30,0.86,22.67,25.51,107.0,Moderate
Bengaluru,2016-03-31,0.82,23.75,32.46,111.0,Moderate
Bengaluru,2016-04-01,0.87,23.19,35.55,106.0,Moderate
Bengaluru,2016-04-02,0.62,29.64,36.29,112.0,Moderate
Bengaluru,2016-04-03,1.0,19.18,26.49,110.0,Moderate
Bengaluru,2016-04-04,0.85,45.69,39.97,114.0,Moderate
Bengaluru,2016-04-05,1.11,22.62,50.15,118.0,Moderate
Bengaluru,2016-04-06,1.18,28.88,52.29,154.0,Moderate
Bengaluru,2016-04-07,1.19,23.17,17.79,179.0,Moderate
Bengaluru,2016-04-08,1.03,19.5,17.37,102.0,Moderate
Bengaluru,2016-04-09,1.13,18.87,38.54,170.0,Moderate
Bengaluru,2016-04-10,1.03,16.4,19.45,112.0,Moderate
Bengaluru,2016-04-11,1.86,20.63,19.05,138.0,Moderate
Bengaluru,2016-04-12,1.25,17.27,14.71,121.0,Moderate
Bengaluru,2016-04-13,0.81,30.91,30.43,118.0,Moderate
Bengaluru,2016-04-14,1.08,25.67,31.64,171.0,Moderate
Bengaluru,2016-04-15,1.07,26.03,18.99,156.0,Moderate
Bengaluru,2016-04-16,1.02,26.81,10.08,140.0,Moderate
Bengaluru,2016-04-17,0.78,24.31,9.89,114.0,Moderate
Bengaluru,2016-04-18,1.37,25.84,16.09,138.0,Moderate
Bengaluru,2016-04-19,1.87,25.01,12.86,137.0,Moderate
Bengaluru,2016-04-20,1.65,25.6,19.53,134.0,Moderate
Bengaluru,2016-04-21,0.64,22.65,13.97,119.0,Moderate
Bengaluru,2016-04-22,0.94,26.41,10.21,98.0,Satisfactory
Bengaluru,2016-04-23,0.98,27.43,19.84,107.0,Moderate
Bengaluru,2016-04-24,2.09,20.86,19.55,150.0,Moderate
Bengaluru,2016-04-25,0.71,25.49,16.25,94.0,Satisfactory
Bengaluru,2016-04-26,0.72,24.94,21.35,85.0,Satisfactory
Bengaluru,2016-04-27,1.53,19.65,22.96,115.0,Moderate
Bengaluru,2016-04-28,0.6,18.06,22.55,74.0,Satisfactory
Bengaluru,2016-04-29,0.67,17.12,23.05,88.0,Satisfactory
Bengaluru,2016-04-30,0.82,17.48,20.19,86.0,Satisfactory
Bengaluru,2016-05-01,0.49,16.11,23.12,87.0,Satisfactory
Bengaluru,2016-05-02,0.62,19.71,28.17,99.0,Satisfactory
Bengaluru,2016-05-03,0.6,20.1,43.48,80.0,Satisfactory
Bengaluru,2016-05-04,0.55,16.71,32.02,102.0,Moderate
Bengaluru,2016-05-05,0.66,17.66,34.28,76.0,Satisfactory
Bengaluru,2016-05-06,1.15,16.79,19.03,59.0,Satisfactory
Bengaluru,2016-05-07,0.69,17.82,34.02,67.0,Satisfactory
Bengaluru,2016-05-08,0.6,16.68,75.84,107.0,Moderate
Bengaluru,2016-05-09,0.6,16.5,26.1,95.0,Satisfactory
Bengaluru,2016-05-10,0.99,16.75,20.91,72.0,Satisfactory
Bengaluru,2016-05-11,0.88,16.13,12.56,91.0,Satisfactory
Bengaluru,2016-05-12,0.67,19.08,14.44,88.0,Satisfactory
Bengaluru,2016-05-13,0.72,23.06,10.89,86.0,Satisfactory
Bengaluru,2016-05-16,0.91,19.96,18.35,50.0,Good
Bengaluru,2016-05-17,0.61,11.28,21.65,74.0,Satisfactory
Bengaluru,2016-05-18,0.47,36.19,23.46,47.0,Good
Bengaluru,2016-05-19,0.56,7.22,5.53,46.0,Good
Bengaluru,2016-05-20,0.52,7.84,10.54,48.0,Good
Bengaluru,2016-05-21,0.42,8.66,8.91,35.0,Good
Bengaluru,2016-05-22,1.08,9.56,9.86,83.0,Satisfactory
Bengaluru,2016-05-23,0.78,9.71,11.01,173.0,Moderate
Bengaluru,2016-05-24,0.42,10.37,6.83,50.0,Good
Bengaluru,2016-05-25,0.43,24.05,8.52,37.0,Good
Bengaluru,2016-05-26,0.49,21.54,8.02,33.0,Good
Bengaluru,2016-05-27,0.43,21.52,7.12,38.0,Good
Bengaluru,2016-05-28,0.43,21.36,7.81,38.0,Good
Bengaluru,2016-05-29,0.49,17.98,7.3,27.0,Good
Bengaluru,2016-05-30,0.76,30.8,14.57,26.0,Good
Bengaluru,2016-05-31,0.65,56.94,25.1,47.0,Good
Bengaluru,2016-06-01,0.4,75.14,31.6,49.0,Good
Bengaluru,2016-06-02,0.43,29.71,18.64,43.0,Good
Bengaluru,2016-06-17,0.97,38.77,18.94,28.0,Good
Bengaluru,2016-06-18,3.8,34.41,20.46,156.0,Moderate
Bengaluru,2016-06-19,4.02,31.78,15.29,195.0,Moderate
Bengaluru,2016-06-20,2.12,37.12,21.69,137.0,Moderate
Bengaluru,2016-06-21,0.47,36.79,15.81,71.0,Satisfactory
Bengaluru,2016-06-22,0.33,32.55,17.61,77.0,Satisfactory
Bengaluru,2016-06-23,1.61,32.35,16.91,143.0,Moderate
Bengaluru,2016-06-24,5.43,30.59,17.15,181.0,Moderate
Bengaluru,2016-06-27,3.02,43.21,26.15,33.0,Good
Bengaluru,2016-06-28,3.63,45.56,23.71,151.0,Moderate
Bengaluru,2016-06-29,2.48,44.18,24.19,174.0,Moderate
Bengaluru,2016-06-30,3.55,37.66,20.42,154.0,Moderate
Bengaluru,2016-07-01,5.62,41.94,19.59,208.0,Poor
Bengaluru,2016-07-02,6.28,35.09,15.96,192.0,Moderate
Bengaluru,2016-07-03,7.87,29.15,20.82,238.0,Poor
Bengaluru,2016-07-04,4.04,32.37,23.11,160.0,Moderate
Bengaluru,2016-07-05,2.27,31.94,19.9,83.0,Satisfactory
Bengaluru,2016-07-06,0.42,32.42,13.18,56.0,Satisfactory
Bengaluru,2016-07-07,1.28,35.53,13.05,141.0,Moderate
Bengaluru,2016-07-08,0.57,28.85,18.6,43.0,Good
Bengaluru,2016-07-09,0.46,28.08,15.69,65.0,Satisfactory
Bengaluru,2016-07-10,0.38,25.57,8.98,30.0,Good
Bengaluru,2016-07-11,0.53,24.14,13.36,40.0,Good
Bengaluru,2016-07-12,1.51,17.58,11.15,54.0,Satisfactory
Bengaluru,2016-07-13,0.55,14.47,7.84,41.0,Good
Bengaluru,2016-07-14,0.61,18.34,14.43,42.0,Good
Bengaluru,2016-07-15,1.48,15.33,23.36,54.0,Satisfactory
Bengaluru,2016-07-17,0.74,12.73,20.74,70.0,Satisfactory
Bengaluru,2016-07-18,2.63,15.8,10.49,62.0,Satisfactory
Bengaluru,2016-07-19,5.8,18.58,10.06,308.0,Very Poor
Bengaluru,2016-07-28,0.91,15.8,10.29,36.0,Good
Bengaluru,2016-07-29,0.53,10.82,16.14,55.0,Satisfactory
Bengaluru,2016-07-30,0.47,13.48,10.3,58.0,Satisfactory
Bengaluru,2016-07-31,0.83,21.24,30.71,37.0,Good
Bengaluru,2016-08-01,0.58,2.09,30.36,72.0,Satisfactory
Bengaluru,2016-08-02,0.69,0.15,9.27,33.0,Good
Bengaluru,2016-08-03,0.63,0.68,18.42,53.0,Satisfactory
Bengaluru,2016-08-04,0.45,0.33,17.36,64.0,Satisfactory
Bengaluru,2016-08-12,45.96,40.88,8.97,46.0,Good
Bengaluru,2016-08-13,47.93,40.67,8.83,37.0,Good
Bengaluru,2016-08-14,3.59,40.59,14.87,38.0,Good
Bengaluru,2016-08-15,3.34,40.86,12.56,49.0,Good
Bengaluru,2016-08-16,0.56,40.69,12.41,71.0,Satisfactory
Bengaluru,2016-08-17,1.59,40.91,16.2,229.0,Poor
Bengaluru,2016-08-18,0.52,40.66,15.46,68.0,Satisfactory
Bengaluru,2016-08-19,0.47,40.69,18.34,64.0,Satisfactory
Bengaluru,2016-08-20,0.49,40.31,21.01,62.0,Satisfactory
Bengaluru,2016-08-21,0.41,40.82,17.24,66.0,Satisfactory
Bengaluru,2016-08-22,0.22,40.19,15.82,45.0,Good
Bengaluru,2016-08-23,0.38,40.51,16.31,66.0,Satisfactory
Bengaluru,2016-08-24,0.41,40.31,17.43,71.0,Satisfactory
Bengaluru,2016-08-25,0.59,41.23,18.74,75.0,Satisfactory
Bengaluru,2016-08-26,0.39,40.74,23.2,62.0,Satisfactory
Bengaluru,2016-08-27,0.55,40.27,22.46,77.0,Satisfactory
Bengaluru,2016-08-28,0.31,39.99,42.15,48.0,Good
Bengaluru,2016-08-29,0.77,40.64,20.93,47.0,Good
Bengaluru,2016-08-30,0.38,40.42,20.47,57.0,Satisfactory
Bengaluru,2016-08-31,0.42,40.41,19.08,49.0,Good
Bengaluru,2016-09-01,0.48,40.49,22.32,57.0,Satisfactory
Bengaluru,2016-09-02,0.48,40.36,21.96,74.0,Satisfactory
Bengaluru,2016-09-03,0.51,40.4,19.42,68.0,Satisfactory
Bengaluru,2016-09-04,0.38,40.42,20.08,71.0,Satisfactory
Bengaluru,2016-09-05,0.3,40.48,25.1,55.0,Satisfactory
Bengaluru,2016-09-06,0.43,40.36,32.8,59.0,Satisfactory
Bengaluru,2016-09-07,0.53,40.83,40.9,60.0,Satisfactory
Bengaluru,2016-09-08,0.5,40.73,59.8,55.0,Satisfactory
Bengaluru,2016-09-10,0.57,104.81,19.99,84.0,Satisfactory
Bengaluru,2016-09-11,0.36,43.84,21.18,64.0,Satisfactory
Bengaluru,2016-09-13,0.41,43.25,12.98,60.0,Satisfactory
Bengaluru,2016-09-14,0.52,43.42,21.47,60.0,Satisfactory
Bengaluru,2016-09-15,0.97,39.83,29.29,74.0,Satisfactory
Bengaluru,2016-09-16,0.89,13.14,32.53,66.0,Satisfactory
Bengaluru,2016-09-17,0.8,5.14,25.42,70.0,Satisfactory
Bengaluru,2016-09-19,0.25,24.8,30.0,58.0,Satisfactory
Bengaluru,2016-09-20,0.2,30.77,26.31,47.0,Good
Bengaluru,2016-09-21,0.38,55.78,26.08,40.0,Good
Bengaluru,2016-09-22,0.52,35.92,23.58,58.0,Satisfactory
Bengaluru,2016-09-23,0.46,120.07,21.48,76.0,Satisfactory
Bengaluru,2016-09-24,0.52,84.68,29.0,102.0,Moderate
Bengaluru,2016-09-26,0.71,49.59,33.42,90.0,Satisfactory
Bengaluru,2016-09-28,1.08,28.28,26.83,83.0,Satisfactory
Bengaluru,2016-09-29,1.13,36.38,26.2,114.0,Moderate
Bengaluru,2016-09-30,0.46,55.12,17.34,150.0,Moderate
Bengaluru,2016-10-01,0.51,55.14,22.49,124.0,Moderate
Bengaluru,2016-10-04,0.49,55.41,24.24,111.0,Moderate
Bengaluru,2016-10-05,1.45,56.1,20.54,101.0,Moderate
Bengaluru,2016-10-06,0.55,55.42,20.33,89.0,Satisfactory
Bengaluru,2016-10-07,0.73,55.17,24.67,103.0,Moderate
Bengaluru,2016-10-08,0.56,38.9,25.65,91.0,Satisfactory
Bengaluru,2016-10-09,1.11,15.05,27.68,83.0,Satisfactory
Bengaluru,2016-10-10,0.85,15.09,26.66,129.0,Moderate
Bengaluru,2016-10-11,0.73,15.11,24.16,78.0,Satisfactory
Bengaluru,2016-10-12,1.08,15.12,28.0,75.0,Satisfactory
Bengaluru,2016-10-13,1.97,15.12,31.42,141.0,Moderate
Bengaluru,2016-10-14,0.51,15.13,25.35,69.0,Satisfactory
Bengaluru,2016-10-15,0.2,15.02,39.16,58.0,Satisfactory
Bengaluru,2016-10-17,0.52,14.45,38.07,85.0,Satisfactory
Bengaluru,2016-10-18,0.73,14.91,33.94,183.0,Moderate
Bengaluru,2016-10-20,0.37,15.14,38.24,75.0,Satisfactory
Bengaluru,2016-10-21,1.12,19.99,35.42,132.0,Moderate
Bengaluru,2016-10-22,0.75,39.56,33.75,176.0,Moderate
Bengaluru,2016-10-23,1.2,24.4,38.05,184.0,Moderate
Bengaluru,2016-10-24,1.18,23.24,41.96,127.0,Moderate
Bengaluru,2016-10-25,1.64,33.13,36.1,163.0,Moderate
Bengaluru,2016-10-26,1.16,40.67,44.78,164.0,Moderate
Bengaluru,2016-10-27,0.83,37.52,46.57,132.0,Moderate
Bengaluru,2016-10-28,0.8,34.9,46.43,116.0,Moderate
Bengaluru,2016-10-29,3.1,35.3,44.4,174.0,Moderate
Bengaluru,2016-10-30,2.97,41.04,38.53,188.0,Moderate
Bengaluru,2016-10-31,0.55,38.42,34.8,88.0,Satisfactory
Bengaluru,2016-11-01,0.28,37.58,30.89,51.0,Satisfactory
Bengaluru,2016-11-02,0.42,36.28,39.54,57.0,Satisfactory
Bengaluru,2016-11-03,1.37,37.76,41.17,82.0,Satisfactory
Bengaluru,2016-11-04,0.85,36.05,37.52,88.0,Satisfactory
Bengaluru,2016-11-05,1.16,28.78,29.98,111.0,Moderate
Bengaluru,2016-11-06,0.7,27.28,27.4,90.0,Satisfactory
Bengaluru,2016-11-07,0.83,29.92,31.23,78.0,Satisfactory
Bengaluru,2016-11-08,0.83,29.57,32.63,94.0,Satisfactory
Bengaluru,2016-11-09,0.62,28.86,28.38,95.0,Satisfactory
Bengaluru,2016-11-10,0.76,27.67,30.8,112.0,Moderate
Bengaluru,2016-11-11,0.73,29.6,41.03,124.0,Moderate
Bengaluru,2016-11-12,0.72,30.49,37.57,122.0,Moderate
Bengaluru,2016-11-13,0.63,39.82,38.81,99.0,Satisfactory
Bengaluru,2016-11-14,0.37,31.52,36.67,44.0,Good
Bengaluru,2016-11-15,0.91,14.03,25.66,38.0,Good
Bengaluru,2016-11-16,1.9,24.15,25.46,102.0,Moderate
Bengaluru,2016-11-17,0.99,34.63,34.52,189.0,Moderate
Bengaluru,2016-11-18,0.57,24.55,30.86,101.0,Moderate
Bengaluru,2016-11-19,0.62,24.89,26.23,86.0,Satisfactory
Bengaluru,2016-11-21,0.69,31.02,44.31,120.0,Moderate
Bengaluru,2016-11-22,3.0,39.39,31.76,101.0,Moderate
Bengaluru,2016-11-23,2.6,39.88,39.92,335.0,Very Poor
Bengaluru,2016-11-24,1.05,19.16,32.55,140.0,Moderate
Bengaluru,2016-11-25,1.22,17.7,33.94,133.0,Moderate
Bengaluru,2016-11-26,0.89,17.32,36.46,113.0,Moderate
Bengaluru,2016-11-27,0.85,17.2,37.49,117.0,Moderate
Bengaluru,2016-11-28,0.67,27.25,38.97,124.0,Moderate
Bengaluru,2016-11-29,0.81,27.55,37.55,120.0,Moderate
Bengaluru,2016-11-30,1.88,26.58,31.49,160.0,Moderate
Bengaluru,2016-12-01,0.87,27.97,26.72,114.0,Moderate
Bengaluru,2016-12-02,0.72,30.0,26.06,103.0,Moderate
Bengaluru,2016-12-03,0.82,37.49,30.35,67.0,Satisfactory
Bengaluru,2016-12-04,1.66,28.44,23.2,125.0,Moderate
Bengaluru,2016-12-05,2.95,29.23,30.2,209.0,Poor
Bengaluru,2016-12-06,1.7,27.6,44.45,200.0,Moderate
Bengaluru,2016-12-07,0.65,26.04,44.74,101.0,Moderate
Bengaluru,2016-12-08,0.69,26.6,43.67,85.0,Satisfactory
Bengaluru,2016-12-09,1.19,24.42,40.56,163.0,Moderate
Bengaluru,2016-12-10,0.46,24.0,37.24,75.0,Satisfactory
Bengaluru,2016-12-11,1.76,32.37,42.15,132.0,Moderate
Bengaluru,2016-12-12,1.46,28.36,25.22,119.0,Moderate
Bengaluru,2016-12-13,0.97,37.1,22.25,342.0,Very Poor
Bengaluru,2016-12-14,0.54,25.14,23.41,104.0,Moderate
Bengaluru,2016-12-15,1.15,27.42,37.05,93.0,Satisfactory
Bengaluru,2016-12-16,1.39,36.2,37.38,134.0,Moderate
Bengaluru,2016-12-17,1.63,23.44,38.93,103.0,Moderate
Bengaluru,2016-12-18,0.79,28.81,40.15,90.0,Satisfactory
Bengaluru,2016-12-19,0.73,20.01,40.9,97.0,Satisfactory
Bengaluru,2016-12-20,0.71,18.42,35.67,93.0,Satisfactory
Bengaluru,2016-12-21,0.46,16.41,24.18,74.0,Satisfactory
Bengaluru,2016-12-22,0.28,17.54,30.67,75.0,Satisfactory
Bengaluru,2016-12-23,0.74,17.39,72.51,100.0,Satisfactory
Bengaluru,2016-12-24,0.62,18.3,79.24,112.0,Moderate
Bengaluru,2016-12-25,0.71,17.31,46.39,114.0,Moderate
Bengaluru,2016-12-26,0.84,17.08,49.47,104.0,Moderate
Bengaluru,2016-12-27,0.7,16.9,41.33,90.0,Satisfactory
Bengaluru,2016-12-28,0.2,17.07,20.7,84.0,Satisfactory
Bengaluru,2016-12-29,0.46,16.91,30.07,76.0,Satisfactory
Bengaluru,2016-12-30,0.57,17.46,44.47,93.0,Satisfactory
Bengaluru,2016-12-31,0.74,17.59,47.25,106.0,Moderate
Bengaluru,2017-01-02,0.68,17.62,40.94,83.0,Satisfactory
Bengaluru,2017-01-03,0.74,19.41,49.02,87.0,Satisfactory
Bengaluru,2017-01-04,0.76,24.85,38.48,91.0,Satisfactory
Bengaluru,2017-01-05,0.63,25.09,36.01,85.0,Satisfactory
Bengaluru,2017-01-06,0.59,24.47,39.13,88.0,Satisfactory
Bengaluru,2017-01-07,0.79,25.17,40.87,106.0,Moderate
Bengaluru,2017-01-08,0.67,25.52,33.21,95.0,Satisfactory
Bengaluru,2017-01-09,0.86,24.41,44.61,87.0,Satisfactory
Bengaluru,2017-01-10,0.61,24.92,37.38,130.0,Moderate
Bengaluru,2017-01-11,1.02,25.29,47.35,132.0,Moderate
Bengaluru,2017-01-12,0.68,26.47,44.12,110.0,Moderate
Bengaluru,2017-01-13,0.55,26.04,26.86,91.0,Satisfactory
Bengaluru,2017-01-14,0.0,24.76,13.26,78.0,Satisfactory
Bengaluru,2017-01-15,0.0,23.31,11.83,71.0,Satisfactory
Bengaluru,2017-01-16,0.53,23.82,34.1,66.0,Satisfactory
Bengaluru,2017-01-17,1.3,23.88,52.33,94.0,Satisfactory
Bengaluru,2017-01-18,0.67,22.76,47.26,117.0,Moderate
Bengaluru,2017-01-19,1.03,23.03,42.72,87.0,Satisfactory
Bengaluru,2017-01-20,0.6,24.05,47.16,85.0,Satisfactory
Bengaluru,2017-01-21,0.61,23.84,67.51,98.0,Satisfactory
Bengaluru,2017-01-23,0.71,22.23,67.63,111.0,Moderate
Bengaluru,2017-01-24,5.28,23.95,45.39,100.0,Satisfactory
Bengaluru,2017-01-25,6.42,23.3,41.5,168.0,Moderate
Bengaluru,2017-01-26,7.32,24.99,28.01,182.0,Moderate
Bengaluru,2017-01-27,8.19,27.95,46.38,174.0,Moderate
Bengaluru,2017-01-30,7.54,24.82,40.89,230.0,Poor
Bengaluru,2017-01-31,1.55,24.8,40.55,97.0,Satisfactory
Bengaluru,2017-02-01,1.87,23.83,43.93,101.0,Moderate
Bengaluru,2017-02-02,6.34,22.26,58.2,94.0,Satisfactory
Bengaluru,2017-02-03,15.93,22.29,43.39,207.0,Poor
Bengaluru,2017-02-04,14.89,22.38,19.23,270.0,Poor
Bengaluru,2017-02-05,11.68,20.54,19.93,269.0,Poor
Bengaluru,2017-02-06,15.22,21.39,45.2,273.0,Poor
Bengaluru,2017-02-07,12.47,20.74,64.19,238.0,Poor
Bengaluru,2017-02-08,9.04,20.2,45.34,200.0,Moderate
Bengaluru,2017-02-09,0.58,21.68,45.51,69.0,Satisfactory
Bengaluru,2017-02-10,0.66,20.99,41.63,77.0,Satisfactory
Bengaluru,2017-02-11,1.01,21.44,51.47,109.0,Moderate
Bengaluru,2017-02-12,0.68,22.83,57.48,80.0,Satisfactory
Bengaluru,2017-02-13,0.5,23.08,44.34,59.0,Satisfactory
Bengaluru,2017-02-14,0.87,28.08,49.0,71.0,Satisfactory
Bengaluru,2017-02-15,1.08,24.68,64.96,83.0,Satisfactory
Bengaluru,2017-02-16,1.25,23.65,70.5,83.0,Satisfactory
Bengaluru,2017-02-17,1.4,22.85,70.87,95.0,Satisfactory
Bengaluru,2017-02-18,1.08,22.95,80.24,96.0,Satisfactory
Bengaluru,2017-02-19,1.13,22.5,102.78,92.0,Satisfactory
Bengaluru,2017-02-20,1.14,22.25,95.12,90.0,Satisfactory
Bengaluru,2017-02-21,0.86,21.94,75.14,104.0,Moderate
Bengaluru,2017-02-22,1.11,21.67,51.89,106.0,Moderate
Bengaluru,2017-02-23,0.38,22.22,49.76,99.0,Satisfactory
Bengaluru,2017-02-24,0.4,21.92,47.21,83.0,Satisfactory
Bengaluru,2017-02-25,0.34,22.93,35.46,75.0,Satisfactory
Bengaluru,2017-02-26,0.39,24.05,32.39,73.0,Satisfactory
Bengaluru,2017-02-27,0.46,22.87,38.99,70.0,Satisfactory
Bengaluru,2017-02-28,0.46,22.97,43.09,71.0,Satisfactory
Bengaluru,2017-03-01,0.36,107.53,72.79,71.0,Satisfactory
Bengaluru,2017-03-02,0.38,24.18,51.16,75.0,Satisfactory
Bengaluru,2017-03-03,1.01,26.25,40.71,104.0,Moderate
Bengaluru,2017-03-04,0.53,26.53,41.35,57.0,Satisfactory
Bengaluru,2017-03-05,0.39,27.95,25.6,59.0,Satisfactory
Bengaluru,2017-03-06,0.35,31.01,29.12,54.0,Satisfactory
Bengaluru,2017-03-07,0.35,34.12,38.6,59.0,Satisfactory
Bengaluru,2017-03-08,0.79,30.12,41.89,102.0,Moderate
Bengaluru,2017-03-09,0.35,35.13,38.79,72.0,Satisfactory
Bengaluru,2017-03-10,0.21,42.48,22.5,66.0,Satisfactory
Bengaluru,2017-03-11,0.22,28.2,25.81,56.0,Satisfactory
Bengaluru,2017-03-12,0.13,26.09,28.21,66.0,Satisfactory
Bengaluru,2017-03-13,0.26,30.64,26.88,55.0,Satisfactory
Bengaluru,2017-03-14,0.46,34.32,25.17,69.0,Satisfactory
Bengaluru,2017-03-15,0.28,33.53,23.84,44.0,Good
Bengaluru,2017-03-16,0.21,26.96,23.73,54.0,Satisfactory
Bengaluru,2017-03-17,0.16,27.37,30.51,98.0,Satisfactory
Bengaluru,2017-03-18,0.78,25.99,30.75,99.0,Satisfactory
Bengaluru,2017-03-19,0.2,25.66,21.08,95.0,Satisfactory
Bengaluru,2017-03-20,0.3,26.78,29.11,87.0,Satisfactory
Bengaluru,2017-03-21,0.48,26.49,30.76,83.0,Satisfactory
Bengaluru,2017-03-22,0.55,23.98,32.28,74.0,Satisfactory
Bengaluru,2017-03-23,0.68,24.06,41.3,89.0,Satisfactory
Bengaluru,2017-03-24,0.48,20.33,39.52,140.0,Moderate
Bengaluru,2017-03-25,0.56,20.79,40.07,104.0,Moderate
Bengaluru,2017-03-26,0.3,22.33,35.29,99.0,Satisfactory
Bengaluru,2017-03-27,0.13,22.04,27.16,90.0,Satisfactory
Bengaluru,2017-03-28,0.25,25.2,30.4,82.0,Satisfactory
Bengaluru,2017-03-29,0.32,28.76,23.82,112.0,Moderate
Bengaluru,2017-03-30,0.14,25.74,27.69,90.0,Satisfactory
Bengaluru,2017-03-31,0.26,22.44,37.77,112.0,Moderate
Bengaluru,2017-04-01,0.51,24.02,37.78,124.0,Moderate
Bengaluru,2017-04-02,0.48,28.54,30.53,113.0,Moderate
Bengaluru,2017-04-03,0.68,26.81,41.21,117.0,Moderate
Bengaluru,2017-04-04,0.54,25.66,25.76,120.0,Moderate
Bengaluru,2017-04-05,0.44,27.27,20.83,94.0,Satisfactory
Bengaluru,2017-04-06,0.33,27.92,19.83,110.0,Moderate
Bengaluru,2017-04-07,0.46,28.02,24.61,94.0,Satisfactory
Bengaluru,2017-04-08,0.68,26.68,34.42,82.0,Satisfactory
Bengaluru,2017-04-09,0.48,25.78,28.32,75.0,Satisfactory
Bengaluru,2017-04-10,0.74,29.59,34.64,99.0,Satisfactory
Bengaluru,2017-04-11,0.44,28.14,34.13,99.0,Satisfactory
Bengaluru,2017-04-13,0.56,24.73,37.62,108.0,Moderate
Bengaluru,2017-04-14,0.55,24.12,39.64,107.0,Moderate
Bengaluru,2017-04-15,0.69,24.52,45.01,106.0,Moderate
Bengaluru,2017-04-17,0.44,31.55,27.93,86.0,Satisfactory
Bengaluru,2017-04-18,0.44,28.01,24.41,77.0,Satisfactory
Bengaluru,2017-04-19,0.52,31.93,25.49,92.0,Satisfactory
Bengaluru,2017-04-20,0.43,28.87,24.78,81.0,Satisfactory
Bengaluru,2017-04-21,0.47,35.77,24.41,75.0,Satisfactory
Bengaluru,2017-04-22,0.45,30.19,22.79,64.0,Satisfactory
Bengaluru,2017-04-23,0.08,27.92,23.6,50.0,Good
Bengaluru,2017-04-24,0.0,27.52,32.57,59.0,Satisfactory
Bengaluru,2017-04-25,0.19,28.23,31.4,66.0,Satisfactory
Bengaluru,2017-04-26,0.7,27.58,42.65,92.0,Satisfactory
Bengaluru,2017-04-27,0.67,28.45,38.94,87.0,Satisfactory
Bengaluru,2017-04-28,0.49,27.29,32.77,96.0,Satisfactory
Bengaluru,2017-04-29,0.44,28.89,39.84,139.0,Moderate
Bengaluru,2017-05-01,0.39,25.82,31.84,77.0,Satisfactory
Bengaluru,2017-05-02,0.35,26.1,41.08,60.0,Satisfactory
Bengaluru,2017-05-03,0.48,28.37,35.96,84.0,Satisfactory
Bengaluru,2017-05-04,0.47,22.96,43.35,94.0,Satisfactory
Bengaluru,2017-05-05,0.62,31.0,42.47,80.0,Satisfactory
Bengaluru,2017-05-06,0.49,31.4,37.46,89.0,Satisfactory
Bengaluru,2017-05-07,0.4,22.61,29.37,98.0,Satisfactory
Bengaluru,2017-05-08,0.43,29.12,31.17,82.0,Satisfactory
Bengaluru,2017-05-09,0.23,30.32,31.86,69.0,Satisfactory
Bengaluru,2017-05-10,0.18,31.83,32.79,41.0,Good
Bengaluru,2017-05-11,0.42,22.39,39.12,53.0,Satisfactory
Bengaluru,2017-05-12,0.52,11.61,23.23,68.0,Satisfactory
Bengaluru,2017-05-13,0.49,11.24,26.63,156.0,Moderate
Bengaluru,2017-05-14,0.54,18.05,30.63,101.0,Moderate
Bengaluru,2017-05-15,0.52,18.34,26.57,52.0,Satisfactory
Bengaluru,2017-05-16,0.36,17.72,29.5,56.0,Satisfactory
Bengaluru,2017-05-17,0.38,18.17,26.74,67.0,Satisfactory
Bengaluru,2017-05-18,0.66,15.07,27.92,70.0,Satisfactory
Bengaluru,2017-05-19,0.56,18.85,32.01,64.0,Satisfactory
Bengaluru,2017-05-20,0.37,23.79,37.75,50.0,Good
Bengaluru,2017-05-21,0.37,23.65,34.15,59.0,Satisfactory
Bengaluru,2017-05-22,0.33,23.78,33.06,44.0,Good
Bengaluru,2017-05-23,0.41,24.31,37.11,58.0,Satisfactory
Bengaluru,2017-05-24,0.33,23.85,30.27,62.0,Satisfactory
Bengaluru,2017-05-25,0.38,23.75,29.53,57.0,Satisfactory
Bengaluru,2017-05-26,0.41,23.65,26.78,66.0,Satisfactory
Bengaluru,2017-05-27,0.42,23.57,29.32,47.0,Good
Bengaluru,2017-05-28,0.28,23.46,25.4,41.0,Good
Bengaluru,2017-05-29,0.34,23.67,26.89,43.0,Good
Bengaluru,2017-05-30,0.26,23.64,25.22,46.0,Good
Bengaluru,2017-05-31,0.17,23.73,27.67,42.0,Good
Bengaluru,2017-06-01,0.68,23.75,31.62,54.0,Satisfactory
Bengaluru,2017-06-02,0.35,23.66,32.25,52.0,Satisfactory
Bengaluru,2017-06-03,0.3,23.86,33.91,42.0,Good
Bengaluru,2017-06-05,0.98,23.75,31.17,29.0,Good
Bengaluru,2017-06-06,0.85,23.64,30.17,54.0,Satisfactory
Bengaluru,2017-06-07,0.53,23.83,27.88,47.0,Good
Bengaluru,2017-06-08,0.59,23.61,25.47,51.0,Satisfactory
Bengaluru,2017-06-09,0.65,23.79,27.84,55.0,Satisfactory
Bengaluru,2017-06-10,0.61,23.65,31.35,54.0,Satisfactory
Bengaluru,2017-06-11,0.54,23.52,30.97,51.0,Satisfactory
Bengaluru,2017-06-12,0.58,23.68,28.24,45.0,Good
Bengaluru,2017-06-13,0.8,23.7,28.56,44.0,Good
Bengaluru,2017-06-14,0.63,23.66,29.47,59.0,Satisfactory
Bengaluru,2017-06-15,0.87,23.69,31.52,76.0,Satisfactory
Bengaluru,2017-06-16,0.62,23.91,31.25,65.0,Satisfactory
Bengaluru,2017-06-17,0.56,23.92,30.54,60.0,Satisfactory
Bengaluru,2017-06-18,0.63,23.74,26.38,57.0,Satisfactory
Bengaluru,2017-06-19,0.58,23.76,25.73,50.0,Good
Bengaluru,2017-06-20,0.61,23.87,25.75,53.0,Satisfactory
Bengaluru,2017-06-21,0.6,23.87,30.5,70.0,Satisfactory
Bengaluru,2017-06-22,0.62,23.97,26.66,60.0,Satisfactory
Bengaluru,2017-06-23,0.58,23.86,30.26,54.0,Satisfactory
Bengaluru,2017-06-24,0.55,35.99,45.04,60.0,Satisfactory
Bengaluru,2017-06-25,0.56,31.68,39.31,71.0,Satisfactory
Bengaluru,2017-06-26,1.16,31.96,37.52,138.0,Moderate
Bengaluru,2017-06-27,0.83,31.97,38.89,78.0,Satisfactory
Bengaluru,2017-06-28,0.6,32.02,34.73,82.0,Satisfactory
Bengaluru,2017-06-29,0.42,32.05,31.89,76.0,Satisfactory
Bengaluru,2017-06-30,0.69,31.99,33.89,76.0,Satisfactory
Bengaluru,2017-07-01,0.67,31.77,39.99,92.0,Satisfactory
Bengaluru,2017-07-02,1.64,90.01,68.84,160.0,Moderate
Bengaluru,2017-07-03,0.69,104.87,68.34,92.0,Satisfactory
Bengaluru,2017-07-08,0.69,29.43,32.94,108.0,Moderate
Bengaluru,2017-07-09,0.6,32.09,31.08,112.0,Moderate
Bengaluru,2017-07-10,0.63,32.39,29.55,102.0,Moderate
Bengaluru,2017-07-11,0.64,30.96,29.5,78.0,Satisfactory
Bengaluru,2017-07-12,0.68,27.05,26.82,67.0,Satisfactory
Bengaluru,2017-07-13,1.53,27.1,30.58,74.0,Satisfactory
Bengaluru,2017-07-14,0.67,26.36,30.3,72.0,Satisfactory
Bengaluru,2017-07-15,0.6,26.88,32.43,82.0,Satisfactory
Bengaluru,2017-07-16,0.52,26.78,31.1,61.0,Satisfactory
Bengaluru,2017-07-17,0.58,26.87,30.06,68.0,Satisfactory
Bengaluru,2017-07-18,0.62,26.88,29.79,68.0,Satisfactory
Bengaluru,2017-07-19,0.68,27.04,31.75,60.0,Satisfactory
Bengaluru,2017-07-20,0.65,26.84,31.34,61.0,Satisfactory
Bengaluru,2017-07-21,1.12,26.79,31.7,111.0,Moderate
Bengaluru,2017-07-22,1.35,27.12,33.19,132.0,Moderate
Bengaluru,2017-07-23,1.08,26.75,32.36,107.0,Moderate
Bengaluru,2017-07-24,1.08,26.97,31.45,109.0,Moderate
Bengaluru,2017-07-25,1.4,27.22,30.72,164.0,Moderate
Bengaluru,2017-07-26,0.59,26.72,30.53,85.0,Satisfactory
Bengaluru,2017-07-27,0.59,27.03,31.02,83.0,Satisfactory
Bengaluru,2017-07-28,1.17,26.46,28.74,122.0,Moderate
Bengaluru,2017-07-29,1.07,26.99,29.8,119.0,Moderate
Bengaluru,2017-07-30,1.07,26.87,29.57,94.0,Satisfactory
Bengaluru,2017-07-31,0.48,26.22,28.65,89.0,Satisfactory
Bengaluru,2017-08-01,1.5,24.62,26.22,136.0,Moderate
Bengaluru,2017-08-02,1.77,24.78,26.36,130.0,Moderate
Bengaluru,2017-08-03,2.95,24.54,25.46,160.0,Moderate
Bengaluru,2017-08-04,0.63,24.15,25.64,55.0,Satisfactory
Bengaluru,2017-08-05,1.27,24.57,27.5,106.0,Moderate
Bengaluru,2017-08-06,2.44,24.46,27.33,127.0,Moderate
Bengaluru,2017-08-07,2.91,24.53,27.76,176.0,Moderate
Bengaluru,2017-08-08,2.01,24.43,27.75,143.0,Moderate
Bengaluru,2017-08-09,0.95,24.68,29.38,74.0,Satisfactory
Bengaluru,2017-08-10,0.61,24.56,27.85,50.0,Good
Bengaluru,2017-08-11,0.68,24.42,32.5,56.0,Satisfactory
Bengaluru,2017-08-14,0.96,22.95,32.52,82.0,Satisfactory
Bengaluru,2017-08-15,0.64,24.17,29.7,70.0,Satisfactory
Bengaluru,2017-08-16,1.01,24.61,24.95,65.0,Satisfactory
Bengaluru,2017-08-17,1.25,24.71,29.56,70.0,Satisfactory
Bengaluru,2017-08-18,0.61,24.69,30.9,64.0,Satisfactory
Bengaluru,2017-08-19,0.68,24.52,27.62,57.0,Satisfactory
Bengaluru,2017-08-20,1.02,24.3,29.64,63.0,Satisfactory
Bengaluru,2017-08-21,0.95,24.48,28.09,48.0,Good
Bengaluru,2017-08-22,0.89,24.4,26.93,63.0,Satisfactory
Bengaluru,2017-08-23,0.85,24.3,26.59,62.0,Satisfactory
Bengaluru,2017-08-24,0.71,24.49,27.01,68.0,Satisfactory
Bengaluru,2017-08-25,0.57,24.22,25.15,172.0,Moderate
Bengaluru,2017-08-26,0.97,25.06,26.25,91.0,Satisfactory
Bengaluru,2017-08-27,0.67,24.2,26.08,39.0,Good
Bengaluru,2017-08-28,0.86,24.36,28.01,47.0,Good
Bengaluru,2017-08-29,1.01,24.61,28.51,57.0,Satisfactory
Bengaluru,2017-08-30,0.85,24.58,26.31,56.0,Satisfactory
Bengaluru,2017-08-31,0.77,24.78,26.74,69.0,Satisfactory
Bengaluru,2017-09-01,1.25,24.45,26.66,200.0,Moderate
Bengaluru,2017-09-02,0.82,24.44,31.99,135.0,Moderate
Bengaluru,2017-09-03,0.68,24.2,30.59,107.0,Moderate
Bengaluru,2017-09-04,0.77,24.42,30.16,74.0,Satisfactory
Bengaluru,2017-09-05,1.34,24.44,28.6,79.0,Satisfactory
Bengaluru,2017-09-06,0.63,24.13,28.55,101.0,Moderate
Bengaluru,2017-09-07,0.7,24.37,30.93,60.0,Satisfactory
Bengaluru,2017-09-08,0.91,24.37,30.75,75.0,Satisfactory
Bengaluru,2017-09-09,0.69,24.34,36.31,114.0,Moderate
Bengaluru,2017-09-12,0.73,25.28,39.09,68.0,Satisfactory
Bengaluru,2017-09-13,0.67,24.62,34.8,59.0,Satisfactory
Bengaluru,2017-09-14,0.94,24.2,29.42,63.0,Satisfactory
Bengaluru,2017-09-15,0.58,25.08,31.38,52.0,Satisfactory
Bengaluru,2017-09-16,0.37,24.21,31.42,49.0,Good
Bengaluru,2017-09-17,0.42,23.37,31.84,40.0,Good
Bengaluru,2017-09-18,0.42,23.92,28.46,43.0,Good
Bengaluru,2017-09-19,0.42,23.97,29.35,44.0,Good
Bengaluru,2017-09-20,0.47,24.05,28.47,52.0,Satisfactory
Bengaluru,2017-09-21,0.38,24.04,28.19,51.0,Satisfactory
Bengaluru,2017-09-22,0.35,24.05,27.46,51.0,Satisfactory
Bengaluru,2017-09-23,0.4,24.15,30.95,76.0,Satisfactory
Bengaluru,2017-09-24,0.49,24.18,35.09,76.0,Satisfactory
Bengaluru,2017-09-25,0.4,23.77,29.23,57.0,Satisfactory
Bengaluru,2017-09-26,0.48,23.87,29.13,65.0,Satisfactory
Bengaluru,2017-09-27,0.57,22.64,38.34,83.0,Satisfactory
Bengaluru,2017-09-28,0.32,21.83,24.81,56.0,Satisfactory
Bengaluru,2017-09-29,0.5,23.84,29.64,58.0,Satisfactory
Bengaluru,2017-09-30,0.45,23.87,26.24,61.0,Satisfactory
Bengaluru,2017-10-01,0.38,23.86,27.01,66.0,Satisfactory
Bengaluru,2017-10-02,0.52,23.89,25.68,69.0,Satisfactory
Bengaluru,2017-10-03,0.49,23.95,25.43,62.0,Satisfactory
Bengaluru,2017-10-04,0.57,23.88,24.72,125.0,Moderate
Bengaluru,2017-10-05,0.66,24.02,32.24,126.0,Moderate
Bengaluru,2017-10-06,0.6,24.05,28.49,80.0,Satisfactory
Bengaluru,2017-10-07,0.58,25.33,26.77,70.0,Satisfactory
Bengaluru,2017-10-08,0.58,26.27,22.5,104.0,Moderate
Bengaluru,2017-10-09,1.35,26.53,25.0,83.0,Satisfactory
Bengaluru,2017-10-10,2.02,26.4,29.03,130.0,Moderate
Bengaluru,2017-10-11,0.64,26.24,31.64,79.0,Satisfactory
Bengaluru,2017-10-12,0.57,26.64,30.86,71.0,Satisfactory
Bengaluru,2017-10-13,0.5,26.23,30.63,61.0,Satisfactory
Bengaluru,2017-10-14,0.48,26.16,28.07,67.0,Satisfactory
Bengaluru,2017-10-15,0.46,26.03,34.04,73.0,Satisfactory
Bengaluru,2017-10-16,0.43,26.29,29.07,58.0,Satisfactory
Bengaluru,2017-10-17,0.55,26.83,35.25,64.0,Satisfactory
Bengaluru,2017-10-18,0.62,26.76,41.73,98.0,Satisfactory
Bengaluru,2017-10-19,0.57,26.71,32.42,98.0,Satisfactory
Bengaluru,2017-10-20,0.58,26.81,40.38,177.0,Moderate
Bengaluru,2017-10-21,0.87,26.51,32.18,129.0,Moderate
Bengaluru,2017-10-22,0.79,26.26,31.05,79.0,Satisfactory
Bengaluru,2017-10-23,1.08,26.38,33.32,80.0,Satisfactory
Bengaluru,2017-10-24,1.26,26.59,44.63,94.0,Satisfactory
Bengaluru,2017-10-25,1.59,26.4,43.04,96.0,Satisfactory
Bengaluru,2017-10-26,1.22,26.39,39.14,75.0,Satisfactory
Bengaluru,2017-10-27,1.03,26.4,36.53,66.0,Satisfactory
Bengaluru,2017-10-28,1.55,26.62,39.18,80.0,Satisfactory
Bengaluru,2017-10-29,1.08,26.6,39.01,98.0,Satisfactory
Bengaluru,2017-10-30,0.77,26.61,32.5,102.0,Moderate
Bengaluru,2017-10-31,0.84,26.65,33.67,120.0,Moderate
Bengaluru,2017-11-01,0.48,26.39,24.85,141.0,Moderate
Bengaluru,2017-11-02,0.44,26.14,26.81,120.0,Moderate
Bengaluru,2017-11-03,0.56,26.64,29.41,159.0,Moderate
Bengaluru,2017-11-04,0.76,26.61,34.07,125.0,Moderate
Bengaluru,2017-11-05,0.69,26.44,29.05,59.0,Satisfactory
Bengaluru,2017-11-06,0.75,26.93,29.82,49.0,Good
Bengaluru,2017-11-07,0.82,26.82,33.64,68.0,Satisfactory
Bengaluru,2017-11-08,0.86,26.82,33.43,54.0,Satisfactory
Bengaluru,2017-11-09,0.97,26.77,37.65,70.0,Satisfactory
Bengaluru,2017-11-10,0.9,25.71,30.19,75.0,Satisfactory
Bengaluru,2017-11-11,0.99,26.5,36.09,77.0,Satisfactory
Bengaluru,2017-11-12,0.86,26.38,36.27,69.0,Satisfactory
Bengaluru,2017-11-13,0.74,26.54,32.51,65.0,Satisfactory
Bengaluru,2017-11-14,0.91,26.59,30.57,68.0,Satisfactory
Bengaluru,2017-11-15,0.93,26.72,27.55,66.0,Satisfactory
Bengaluru,2017-11-16,0.95,26.88,34.47,76.0,Satisfactory
Bengaluru,2017-11-17,0.89,26.65,30.34,81.0,Satisfactory
Bengaluru,2017-11-18,0.71,26.87,36.57,64.0,Satisfactory
Bengaluru,2017-11-19,0.92,26.56,39.44,68.0,Satisfactory
Bengaluru,2017-11-20,0.91,26.43,36.61,62.0,Satisfactory
Bengaluru,2017-11-21,0.89,26.4,34.1,60.0,Satisfactory
Bengaluru,2017-11-22,0.85,26.84,37.02,65.0,Satisfactory
Bengaluru,2017-11-23,0.98,27.21,42.75,87.0,Satisfactory
Bengaluru,2017-11-24,0.95,26.78,46.1,82.0,Satisfactory
Bengaluru,2017-12-06,0.89,25.89,44.52,83.0,Satisfactory
Bengaluru,2017-12-07,1.27,37.81,47.64,96.0,Satisfactory
Bengaluru,2017-12-08,1.05,68.36,66.21,120.0,Moderate
Bengaluru,2017-12-09,1.1,30.02,62.95,148.0,Moderate
Bengaluru,2017-12-10,1.06,42.43,57.89,133.0,Moderate
Bengaluru,2017-12-11,0.78,37.61,38.93,143.0,Moderate
Bengaluru,2017-12-12,0.57,54.97,33.87,86.0,Satisfactory
Bengaluru,2017-12-13,0.79,87.2,39.02,75.0,Satisfactory
Bengaluru,2017-12-14,0.94,56.03,43.69,86.0,Satisfactory
Bengaluru,2017-12-15,0.96,28.03,81.78,122.0,Moderate
Bengaluru,2017-12-19,0.97,65.03,50.27,112.0,Moderate
Bengaluru,2017-12-20,1.0,57.13,80.93,110.0,Moderate
Bengaluru,2017-12-21,0.95,49.98,115.11,131.0,Moderate
Bengaluru,2017-12-22,0.95,37.0,142.35,93.0,Satisfactory
Bengaluru,2017-12-23,0.9,80.1,61.7,91.0,Satisfactory
Bengaluru,2017-12-24,0.69,84.26,31.49,70.0,Satisfactory
Bengaluru,2017-12-25,0.71,72.53,29.62,91.0,Satisfactory
Bengaluru,2017-12-26,0.81,37.01,32.19,174.0,Moderate
Bengaluru,2017-12-27,0.91,9.77,44.73,99.0,Satisfactory
Bengaluru,2017-12-28,0.96,10.45,44.56,109.0,Moderate
Bengaluru,2017-12-29,1.13,9.6,48.73,85.0,Satisfactory
Bengaluru,2017-12-30,1.06,8.98,42.6,77.0,Satisfactory
Bengaluru,2018-01-10,0.89,45.45,29.81,75.0,Satisfactory
Bengaluru,2018-01-11,0.96,48.27,45.27,76.0,Satisfactory
Bengaluru,2018-01-12,1.35,42.34,36.51,115.0,Moderate
Bengaluru,2018-01-13,0.93,41.38,43.3,101.0,Moderate
Bengaluru,2018-01-14,1.29,36.21,44.87,118.0,Moderate
Bengaluru,2018-01-15,0.89,33.68,33.96,98.0,Satisfactory
Bengaluru,2018-01-16,0.92,36.95,41.68,92.0,Satisfactory
Bengaluru,2018-01-17,0.92,36.51,37.47,98.0,Satisfactory
Bengaluru,2018-01-18,1.01,34.11,39.62,100.0,Satisfactory
Bengaluru,2018-01-19,1.21,36.27,38.68,104.0,Moderate
Bengaluru,2018-01-20,1.16,40.27,38.67,122.0,Moderate
Bengaluru,2018-01-21,1.14,45.24,33.77,103.0,Moderate
Bengaluru,2018-01-22,1.14,50.22,34.14,96.0,Satisfactory
Bengaluru,2018-01-23,1.24,57.58,35.2,102.0,Moderate
Bengaluru,2018-01-24,1.19,68.02,44.92,104.0,Moderate
Bengaluru,2018-01-25,1.06,64.75,33.76,101.0,Moderate
Bengaluru,2018-01-26,0.94,57.65,32.42,98.0,Satisfactory
Bengaluru,2018-01-27,1.04,57.83,36.38,104.0,Moderate
Bengaluru,2018-01-28,0.89,58.16,30.66,109.0,Moderate
Bengaluru,2018-01-29,1.05,60.91,36.21,94.0,Satisfactory
Bengaluru,2018-01-30,0.99,70.16,32.79,99.0,Satisfactory
Bengaluru,2018-01-31,1.06,73.36,36.09,109.0,Moderate
Bengaluru,2018-02-01,1.08,81.64,49.14,94.0,Satisfactory
Bengaluru,2018-02-02,1.44,75.97,42.78,118.0,Moderate
Bengaluru,2018-02-03,1.04,75.86,33.25,88.0,Satisfactory
Bengaluru,2018-02-04,0.93,60.26,32.25,87.0,Satisfactory
Bengaluru,2018-02-05,0.95,74.39,32.53,81.0,Satisfactory
Bengaluru,2018-02-06,0.89,83.02,29.05,85.0,Satisfactory
Bengaluru,2018-02-07,0.94,89.31,30.04,79.0,Satisfactory
Bengaluru,2018-02-08,1.1,94.19,45.34,80.0,Satisfactory
Bengaluru,2018-02-09,1.01,98.39,43.01,95.0,Satisfactory
Bengaluru,2018-02-10,0.99,90.65,39.51,83.0,Satisfactory
Bengaluru,2018-02-11,0.88,62.54,23.84,76.0,Satisfactory
Bengaluru,2018-06-08,0.91,18.55,15.8,50.0,Good
Bengaluru,2018-06-15,1.01,54.13,23.54,83.0,Satisfactory
Bengaluru,2018-06-16,1.09,65.66,18.63,106.0,Moderate
Bengaluru,2018-06-17,1.06,65.85,15.39,55.0,Satisfactory
Bengaluru,2018-06-18,1.15,52.88,14.75,69.0,Satisfactory
Bengaluru,2018-06-19,1.06,39.88,12.51,81.0,Satisfactory
Bengaluru,2018-06-20,1.06,39.82,14.01,69.0,Satisfactory
Bengaluru,2018-06-21,1.02,39.87,20.26,64.0,Satisfactory
Bengaluru,2018-06-22,1.02,40.19,31.69,64.0,Satisfactory
Bengaluru,2018-06-23,1.03,43.21,23.67,66.0,Satisfactory
Bengaluru,2018-06-24,0.98,43.75,15.51,64.0,Satisfactory
Bengaluru,2018-06-25,1.01,39.41,14.77,87.0,Satisfactory
Bengaluru,2018-06-26,0.93,42.98,13.9,92.0,Satisfactory
Bengaluru,2018-06-27,1.02,42.71,15.17,60.0,Satisfactory
Bengaluru,2018-06-28,0.99,42.01,17.93,57.0,Satisfactory
Bengaluru,2018-06-29,0.99,37.54,17.94,51.0,Satisfactory
Bengaluru,2018-06-30,1.0,26.36,33.04,66.0,Satisfactory
Bengaluru,2018-07-01,0.89,26.09,22.68,72.0,Satisfactory
Bengaluru,2018-07-02,0.88,24.06,27.31,63.0,Satisfactory
Bengaluru,2018-07-03,0.87,20.48,20.07,63.0,Satisfactory
Bengaluru,2018-07-04,0.79,22.71,15.35,60.0,Satisfactory
Bengaluru,2018-07-05,0.82,21.44,17.48,61.0,Satisfactory
Bengaluru,2018-07-06,0.86,22.71,16.86,65.0,Satisfactory
Bengaluru,2018-07-07,0.76,22.06,17.49,56.0,Satisfactory
Bengaluru,2018-07-08,0.89,22.05,14.5,62.0,Satisfactory
Bengaluru,2018-07-09,0.88,22.46,18.16,66.0,Satisfactory
Bengaluru,2018-07-10,0.87,20.65,20.32,63.0,Satisfactory
Bengaluru,2018-07-11,0.9,22.12,16.23,78.0,Satisfactory
Bengaluru,2018-07-12,0.75,21.33,14.74,56.0,Satisfactory
Bengaluru,2018-07-13,0.78,23.13,15.78,53.0,Satisfactory
Bengaluru,2018-07-14,0.75,21.52,15.81,57.0,Satisfactory
Bengaluru,2018-07-15,0.71,20.98,12.25,62.0,Satisfactory
Bengaluru,2018-07-16,0.8,21.92,16.2,59.0,Satisfactory
Bengaluru,2018-07-17,0.82,23.5,15.05,60.0,Satisfactory
Bengaluru,2018-07-18,0.8,21.62,13.81,57.0,Satisfactory
Bengaluru,2018-07-19,0.86,20.52,16.04,59.0,Satisfactory
Bengaluru,2018-07-20,0.83,20.52,16.03,52.0,Satisfactory
Bengaluru,2018-07-21,0.83,20.49,17.69,59.0,Satisfactory
Bengaluru,2018-07-22,0.85,20.14,14.94,60.0,Satisfactory
Bengaluru,2018-07-23,0.87,21.94,18.69,65.0,Satisfactory
Bengaluru,2018-07-24,0.92,25.82,16.37,64.0,Satisfactory
Bengaluru,2018-07-25,0.94,23.36,18.57,59.0,Satisfactory
Bengaluru,2018-07-26,0.83,20.06,28.4,65.0,Satisfactory
Bengaluru,2018-07-27,0.76,18.75,21.86,68.0,Satisfactory
Bengaluru,2018-07-28,0.77,18.96,17.94,59.0,Satisfactory
Bengaluru,2018-07-29,0.79,20.18,15.62,66.0,Satisfactory
Bengaluru,2018-07-30,0.97,22.04,18.15,64.0,Satisfactory
Bengaluru,2018-07-31,0.75,22.48,19.01,62.0,Satisfactory
Bengaluru,2018-08-01,0.83,21.15,22.78,66.0,Satisfactory
Bengaluru,2018-08-02,0.83,20.75,19.33,68.0,Satisfactory
Bengaluru,2018-08-03,0.9,20.61,18.78,72.0,Satisfactory
Bengaluru,2018-08-04,0.9,20.08,18.82,77.0,Satisfactory
Bengaluru,2018-08-05,0.83,19.42,15.27,77.0,Satisfactory
Bengaluru,2018-08-06,0.78,19.36,18.0,67.0,Satisfactory
Bengaluru,2018-08-07,0.81,19.67,18.39,67.0,Satisfactory
Bengaluru,2018-08-08,0.87,19.55,20.05,60.0,Satisfactory
Bengaluru,2018-08-09,0.83,20.98,17.68,58.0,Satisfactory
Bengaluru,2018-08-10,0.79,19.74,16.8,60.0,Satisfactory
Bengaluru,2018-08-11,0.78,19.86,17.12,56.0,Satisfactory
Bengaluru,2018-08-12,0.77,18.86,13.53,57.0,Satisfactory
Bengaluru,2018-08-13,0.8,18.9,15.3,53.0,Satisfactory
Bengaluru,2018-08-14,0.89,18.01,17.12,60.0,Satisfactory
Bengaluru,2018-08-15,0.85,19.41,15.93,59.0,Satisfactory
Bengaluru,2018-08-16,0.68,20.34,16.13,52.0,Satisfactory
Bengaluru,2018-08-17,0.67,17.01,15.35,48.0,Good
Bengaluru,2018-08-18,0.73,17.14,15.9,57.0,Satisfactory
Bengaluru,2018-08-19,0.69,16.94,16.35,59.0,Satisfactory
Bengaluru,2018-08-20,0.74,19.27,18.52,53.0,Satisfactory
Bengaluru,2018-08-21,0.77,22.57,17.55,69.0,Satisfactory
Bengaluru,2018-08-22,0.78,21.02,17.29,65.0,Satisfactory
Bengaluru,2018-08-23,0.9,21.4,17.95,63.0,Satisfactory
Bengaluru,2018-08-24,0.82,21.91,18.94,62.0,Satisfactory
Bengaluru,2018-08-25,0.92,25.09,19.62,67.0,Satisfactory
Bengaluru,2018-08-26,0.93,23.73,18.03,70.0,Satisfactory
Bengaluru,2018-08-27,0.86,24.91,19.41,62.0,Satisfactory
Bengaluru,2018-08-28,0.81,22.82,18.83,64.0,Satisfactory
Bengaluru,2018-08-29,0.87,21.16,18.42,68.0,Satisfactory
Bengaluru,2018-08-30,0.79,19.65,17.92,68.0,Satisfactory
Bengaluru,2018-08-31,0.83,24.71,23.85,64.0,Satisfactory
Bengaluru,2018-09-01,0.8,22.74,18.76,68.0,Satisfactory
Bengaluru,2018-09-02,0.76,19.52,17.44,66.0,Satisfactory
Bengaluru,2018-09-03,0.87,18.8,20.87,63.0,Satisfactory
Bengaluru,2018-09-04,0.91,21.32,26.03,76.0,Satisfactory
Bengaluru,2018-09-05,0.85,20.18,21.06,78.0,Satisfactory
Bengaluru,2018-09-06,0.8,19.48,21.41,66.0,Satisfactory
Bengaluru,2018-09-07,0.79,19.09,20.41,70.0,Satisfactory
Bengaluru,2018-09-08,0.75,18.31,19.4,63.0,Satisfactory
Bengaluru,2018-09-09,0.82,19.12,23.74,64.0,Satisfactory
Bengaluru,2018-09-10,0.96,23.38,29.62,73.0,Satisfactory
Bengaluru,2018-09-11,0.95,24.82,34.78,90.0,Satisfactory
Bengaluru,2018-09-12,0.96,22.64,38.97,91.0,Satisfactory
Bengaluru,2018-09-13,0.99,26.39,38.83,88.0,Satisfactory
Bengaluru,2018-09-14,0.98,30.61,42.11,94.0,Satisfactory
Bengaluru,2018-09-15,0.95,26.97,40.13,77.0,Satisfactory
Bengaluru,2018-09-16,0.96,25.87,35.93,73.0,Satisfactory
Bengaluru,2018-09-17,0.83,23.55,30.55,74.0,Satisfactory
Bengaluru,2018-09-18,0.76,23.56,24.34,65.0,Satisfactory
Bengaluru,2018-09-19,0.76,20.72,23.2,65.0,Satisfactory
Bengaluru,2018-09-20,0.89,20.6,41.9,79.0,Satisfactory
Bengaluru,2018-09-21,0.8,21.57,33.38,87.0,Satisfactory
Bengaluru,2018-09-22,0.83,20.87,30.37,77.0,Satisfactory
Bengaluru,2018-09-23,0.85,24.26,38.12,87.0,Satisfactory
Bengaluru,2018-09-24,0.93,22.95,35.0,85.0,Satisfactory
Bengaluru,2018-09-25,0.99,20.27,40.97,78.0,Satisfactory
Bengaluru,2018-09-26,0.87,17.5,28.45,85.0,Satisfactory
Bengaluru,2018-09-27,0.94,14.07,30.94,80.0,Satisfactory
Bengaluru,2018-09-28,0.8,15.1,27.64,78.0,Satisfactory
Bengaluru,2018-09-29,0.79,13.5,25.67,75.0,Satisfactory
Bengaluru,2018-09-30,0.81,15.14,23.56,70.0,Satisfactory
Bengaluru,2018-10-01,0.87,14.76,25.53,82.0,Satisfactory
Bengaluru,2018-10-02,0.74,13.69,19.67,67.0,Satisfactory
Bengaluru,2018-10-03,0.76,13.57,20.76,65.0,Satisfactory
Bengaluru,2018-10-04,0.8,13.65,21.67,65.0,Satisfactory
Bengaluru,2018-10-05,0.78,14.61,19.47,62.0,Satisfactory
Bengaluru,2018-10-06,0.78,12.98,19.84,56.0,Satisfactory
Bengaluru,2018-10-07,0.74,14.74,23.91,62.0,Satisfactory
Bengaluru,2018-10-08,0.79,15.77,26.49,73.0,Satisfactory
Bengaluru,2018-10-09,0.85,14.37,32.27,80.0,Satisfactory
Bengaluru,2018-10-10,0.81,14.9,34.32,93.0,Satisfactory
Bengaluru,2018-10-11,0.99,15.2,43.63,110.0,Moderate
Bengaluru,2018-10-12,0.93,14.22,44.04,115.0,Moderate
Bengaluru,2018-10-13,0.9,16.09,41.95,167.0,Moderate
Bengaluru,2018-10-14,0.8,13.1,26.49,116.0,Moderate
Bengaluru,2018-10-15,0.88,14.07,28.25,88.0,Satisfactory
Bengaluru,2018-10-16,0.74,12.5,26.88,90.0,Satisfactory
Bengaluru,2018-10-17,0.75,11.95,22.81,75.0,Satisfactory
Bengaluru,2018-10-18,0.82,12.18,28.34,116.0,Moderate
Bengaluru,2018-10-19,0.74,12.0,21.84,81.0,Satisfactory
Bengaluru,2018-10-20,0.75,11.56,25.93,71.0,Satisfactory
Bengaluru,2018-10-21,0.74,12.67,30.1,88.0,Satisfactory
Bengaluru,2018-10-22,1.04,11.84,41.15,102.0,Moderate
Bengaluru,2018-10-23,1.16,13.07,43.25,119.0,Moderate
Bengaluru,2018-10-24,1.01,14.23,40.4,132.0,Moderate
Bengaluru,2018-10-25,1.02,16.93,36.95,110.0,Moderate
Bengaluru,2018-10-26,1.01,22.94,40.42,101.0,Moderate
Bengaluru,2018-10-27,1.03,20.03,45.83,107.0,Moderate
Bengaluru,2018-10-28,0.97,19.55,45.79,108.0,Moderate
Bengaluru,2018-10-29,1.12,18.69,56.14,103.0,Moderate
Bengaluru,2018-10-30,1.19,19.22,58.13,125.0,Moderate
Bengaluru,2018-10-31,1.06,20.09,42.16,107.0,Moderate
Bengaluru,2018-11-01,0.95,16.25,31.6,92.0,Satisfactory
Bengaluru,2018-11-02,0.96,16.35,24.14,84.0,Satisfactory
Bengaluru,2018-11-03,1.1,16.22,24.36,82.0,Satisfactory
Bengaluru,2018-11-04,0.82,15.52,22.91,74.0,Satisfactory
Bengaluru,2018-11-05,1.03,15.31,28.89,81.0,Satisfactory
Bengaluru,2018-11-06,1.12,15.25,30.42,110.0,Moderate
Bengaluru,2018-11-07,1.04,15.57,31.2,97.0,Satisfactory
Bengaluru,2018-11-08,0.99,15.34,32.99,144.0,Moderate
Bengaluru,2018-11-09,0.99,15.66,29.99,94.0,Satisfactory
Bengaluru,2018-11-10,1.05,17.41,35.38,96.0,Satisfactory
Bengaluru,2018-11-11,1.11,17.68,37.67,105.0,Moderate
Bengaluru,2018-11-12,1.38,18.69,47.6,113.0,Moderate
Bengaluru,2018-11-13,1.46,18.82,50.42,143.0,Moderate
Bengaluru,2018-11-14,1.57,21.93,56.64,143.0,Moderate
Bengaluru,2018-11-15,1.43,20.58,43.91,141.0,Moderate
Bengaluru,2018-11-16,1.05,18.74,28.79,88.0,Satisfactory
Bengaluru,2018-11-17,1.02,17.03,28.7,84.0,Satisfactory
Bengaluru,2018-11-18,1.01,16.24,20.87,91.0,Satisfactory
Bengaluru,2018-11-19,1.1,14.46,22.54,77.0,Satisfactory
Bengaluru,2018-11-20,1.09,15.63,28.52,77.0,Satisfactory
Bengaluru,2018-11-21,1.02,16.38,28.34,81.0,Satisfactory
Bengaluru,2018-11-22,1.03,15.83,24.12,73.0,Satisfactory
Bengaluru,2018-11-23,1.11,18.03,27.32,79.0,Satisfactory
Bengaluru,2018-11-24,1.04,19.59,29.96,144.0,Moderate
Bengaluru,2018-11-25,0.85,21.03,27.32,142.0,Moderate
Bengaluru,2018-11-26,0.83,21.13,30.65,124.0,Moderate
Bengaluru,2018-11-27,0.84,41.22,36.44,127.0,Moderate
Bengaluru,2018-11-28,0.89,21.36,29.98,127.0,Moderate
Bengaluru,2018-11-29,0.93,18.27,25.48,119.0,Moderate
Bengaluru,2018-11-30,0.89,20.64,28.44,94.0,Satisfactory
Bengaluru,2018-12-01,0.97,20.42,31.03,86.0,Satisfactory
Bengaluru,2018-12-02,0.79,18.89,24.59,92.0,Satisfactory
Bengaluru,2018-12-03,0.8,18.51,25.62,73.0,Satisfactory
Bengaluru,2018-12-04,0.89,18.98,26.42,75.0,Satisfactory
Bengaluru,2018-12-05,0.87,18.26,23.94,106.0,Moderate
Bengaluru,2018-12-06,0.9,17.66,29.76,87.0,Satisfactory
Bengaluru,2018-12-07,0.93,17.51,31.25,90.0,Satisfactory
Bengaluru,2018-12-08,0.78,15.46,33.48,119.0,Moderate
Bengaluru,2018-12-09,0.75,11.87,23.23,128.0,Moderate
Bengaluru,2018-12-10,1.04,15.23,30.66,157.0,Moderate
Bengaluru,2018-12-11,1.08,20.08,38.55,180.0,Moderate
Bengaluru,2018-12-12,1.05,19.75,40.02,179.0,Moderate
Bengaluru,2018-12-13,1.03,19.05,36.8,148.0,Moderate
Bengaluru,2018-12-14,0.97,18.13,36.41,103.0,Moderate
Bengaluru,2018-12-15,0.96,18.23,35.48,85.0,Satisfactory
Bengaluru,2018-12-16,0.98,16.93,40.02,112.0,Moderate
Bengaluru,2018-12-17,1.29,18.74,54.92,146.0,Moderate
Bengaluru,2018-12-18,1.72,24.42,63.57,225.0,Poor
Bengaluru,2018-12-19,1.11,21.56,47.79,142.0,Moderate
Bengaluru,2018-12-20,0.83,19.31,35.34,130.0,Moderate
Bengaluru,2018-12-21,0.99,18.56,38.9,116.0,Moderate
Bengaluru,2018-12-22,0.91,17.98,35.19,109.0,Moderate
Bengaluru,2018-12-23,0.82,16.35,23.96,87.0,Satisfactory
Bengaluru,2018-12-24,0.85,15.77,27.87,79.0,Satisfactory
Bengaluru,2018-12-25,0.93,16.55,33.44,103.0,Moderate
Bengaluru,2018-12-26,1.01,16.61,33.7,118.0,Moderate
Bengaluru,2018-12-27,0.9,16.37,31.17,117.0,Moderate
Bengaluru,2018-12-28,0.91,17.22,31.77,123.0,Moderate
Bengaluru,2018-12-29,0.89,17.7,31.32,124.0,Moderate
Bengaluru,2018-12-30,0.85,16.0,28.97,127.0,Moderate
Bengaluru,2018-12-31,1.02,16.72,37.46,123.0,Moderate
Bengaluru,2019-01-01,0.98,17.97,38.19,128.0,Moderate
Bengaluru,2019-01-02,1.06,20.45,39.73,103.0,Moderate
Bengaluru,2019-01-03,1.01,29.72,46.55,101.0,Moderate
Bengaluru,2019-01-04,1.09,24.95,45.87,106.0,Moderate
Bengaluru,2019-01-05,1.03,18.17,41.74,104.0,Moderate
Bengaluru,2019-01-06,0.89,22.58,35.73,115.0,Moderate
Bengaluru,2019-01-07,1.05,26.01,44.9,120.0,Moderate
Bengaluru,2019-01-08,1.06,26.12,49.33,120.0,Moderate
Bengaluru,2019-01-09,1.05,25.66,52.68,122.0,Moderate
Bengaluru,2019-01-10,0.94,30.88,53.48,120.0,Moderate
Bengaluru,2019-01-11,1.01,29.43,49.16,126.0,Moderate
Bengaluru,2019-01-12,1.04,28.56,49.28,132.0,Moderate
Bengaluru,2019-01-13,0.93,27.09,42.99,125.0,Moderate
Bengaluru,2019-01-14,1.02,26.18,47.07,111.0,Moderate
Bengaluru,2019-01-15,0.85,21.74,46.93,109.0,Moderate
Bengaluru,2019-01-16,0.98,24.59,48.15,113.0,Moderate
Bengaluru,2019-01-17,1.09,23.07,42.88,121.0,Moderate
Bengaluru,2019-01-18,1.02,14.87,34.15,152.0,Moderate
Bengaluru,2019-01-19,0.94,17.08,36.98,122.0,Moderate
Bengaluru,2019-01-20,0.79,14.47,32.59,106.0,Moderate
Bengaluru,2019-01-21,0.92,15.56,37.39,101.0,Moderate
Bengaluru,2019-01-22,1.06,17.27,42.87,145.0,Moderate
Bengaluru,2019-01-23,1.04,16.95,42.79,156.0,Moderate
Bengaluru,2019-01-24,0.87,15.78,33.87,130.0,Moderate
Bengaluru,2019-01-25,0.84,14.75,31.94,109.0,Moderate
Bengaluru,2019-01-26,0.87,15.32,30.06,102.0,Moderate
Bengaluru,2019-01-27,0.8,14.06,26.0,101.0,Moderate
Bengaluru,2019-01-28,0.73,12.92,26.16,99.0,Satisfactory
Bengaluru,2019-01-29,0.88,12.84,29.22,83.0,Satisfactory
Bengaluru,2019-01-30,1.01,13.12,35.51,107.0,Moderate
Bengaluru,2019-01-31,0.88,13.75,33.94,132.0,Moderate
Bengaluru,2019-02-01,0.87,14.68,37.21,109.0,Moderate
Bengaluru,2019-02-02,0.82,14.41,34.78,104.0,Moderate
Bengaluru,2019-02-03,0.8,13.75,28.58,101.0,Moderate
Bengaluru,2019-02-04,0.82,13.82,27.77,81.0,Satisfactory
Bengaluru,2019-02-05,0.86,13.77,29.41,92.0,Satisfactory
Bengaluru,2019-02-06,0.88,14.13,38.44,120.0,Moderate
Bengaluru,2019-02-07,0.94,15.02,36.87,146.0,Moderate
Bengaluru,2019-02-08,0.85,15.13,30.73,113.0,Moderate
Bengaluru,2019-02-09,1.25,16.47,40.49,134.0,Moderate
Bengaluru,2019-02-10,0.96,17.01,32.83,112.0,Moderate
Bengaluru,2019-02-11,0.81,15.25,28.6,80.0,Satisfactory
Bengaluru,2019-02-12,0.82,14.48,32.05,84.0,Satisfactory
Bengaluru,2019-02-13,0.9,15.25,34.53,96.0,Satisfactory
Bengaluru,2019-02-14,0.71,16.68,31.95,89.0,Satisfactory
Bengaluru,2019-02-15,0.87,17.04,32.12,103.0,Moderate
Bengaluru,2019-02-16,1.05,16.77,35.5,107.0,Moderate
Bengaluru,2019-02-17,0.99,17.77,33.19,123.0,Moderate
Bengaluru,2019-02-18,1.23,17.16,39.84,116.0,Moderate
Bengaluru,2019-02-19,0.95,18.13,33.16,116.0,Moderate
Bengaluru,2019-02-20,0.85,15.62,28.91,87.0,Satisfactory
Bengaluru,2019-02-21,0.96,12.47,35.7,85.0,Satisfactory
Bengaluru,2019-02-22,0.96,14.54,40.77,99.0,Satisfactory
Bengaluru,2019-02-23,1.03,15.39,50.05,105.0,Moderate
Bengaluru,2019-02-24,0.94,16.23,47.01,110.0,Moderate
Bengaluru,2019-02-25,1.0,16.7,46.39,103.0,Moderate
Bengaluru,2019-02-26,0.99,18.89,42.06,120.0,Moderate
Bengaluru,2019-02-27,0.93,18.55,33.49,115.0,Moderate
Bengaluru,2019-02-28,0.94,16.52,38.76,125.0,Moderate
Bengaluru,2019-03-01,1.05,19.94,44.64,143.0,Moderate
Bengaluru,2019-03-02,0.83,17.74,26.91,107.0,Moderate
Bengaluru,2019-03-03,0.86,15.49,30.74,114.0,Moderate
Bengaluru,2019-03-04,0.8,15.83,29.23,123.0,Moderate
Bengaluru,2019-03-05,1.11,15.93,31.26,118.0,Moderate
Bengaluru,2019-03-06,1.13,15.62,35.74,128.0,Moderate
Bengaluru,2019-03-07,1.44,17.42,47.25,152.0,Moderate
Bengaluru,2019-03-08,1.32,18.21,46.88,167.0,Moderate
Bengaluru,2019-03-09,1.01,18.98,27.19,151.0,Moderate
Bengaluru,2019-03-10,0.81,14.76,19.09,100.0,Satisfactory
Bengaluru,2019-03-11,0.75,13.93,21.93,91.0,Satisfactory
Bengaluru,2019-03-12,0.8,15.19,27.97,105.0,Moderate
Bengaluru,2019-03-13,0.89,15.2,34.27,113.0,Moderate
Bengaluru,2019-03-14,0.73,14.79,29.7,118.0,Moderate
Bengaluru,2019-03-15,0.89,14.38,35.68,106.0,Moderate
Bengaluru,2019-03-16,0.94,16.05,38.3,108.0,Moderate
Bengaluru,2019-03-17,0.87,15.63,34.1,115.0,Moderate
Bengaluru,2019-03-18,0.8,16.24,31.64,123.0,Moderate
Bengaluru,2019-03-19,0.82,16.07,30.9,113.0,Moderate
Bengaluru,2019-03-20,0.73,15.0,27.36,102.0,Moderate
Bengaluru,2019-03-21,0.87,15.24,27.84,120.0,Moderate
Bengaluru,2019-03-22,0.94,15.54,30.85,122.0,Moderate
Bengaluru,2019-03-23,0.97,15.49,34.12,119.0,Moderate
Bengaluru,2019-03-24,0.84,14.79,28.12,120.0,Moderate
Bengaluru,2019-03-25,0.84,15.64,34.13,97.0,Satisfactory
Bengaluru,2019-03-26,0.93,15.4,39.23,113.0,Moderate
Bengaluru,2019-03-27,1.08,14.3,40.26,129.0,Moderate
Bengaluru,2019-03-28,1.17,14.75,47.4,148.0,Moderate
Bengaluru,2019-03-29,1.14,16.13,40.64,149.0,Moderate
Bengaluru,2019-03-30,1.15,16.53,38.21,137.0,Moderate
Bengaluru,2019-03-31,0.9,17.21,32.37,135.0,Moderate
Bengaluru,2019-04-01,1.01,16.31,35.35,126.0,Moderate
Bengaluru,2019-04-02,1.03,17.78,40.91,136.0,Moderate
Bengaluru,2019-04-03,0.94,17.27,40.06,135.0,Moderate
Bengaluru,2019-04-04,0.94,17.41,32.87,127.0,Moderate
Bengaluru,2019-04-05,1.07,16.31,37.85,130.0,Moderate
Bengaluru,2019-04-06,0.95,16.86,32.46,130.0,Moderate
Bengaluru,2019-04-07,0.98,16.3,32.1,127.0,Moderate
Bengaluru,2019-04-08,0.95,17.15,34.46,125.0,Moderate
Bengaluru,2019-04-09,1.09,19.14,33.09,149.0,Moderate
Bengaluru,2019-04-10,1.13,18.58,36.58,123.0,Moderate
Bengaluru,2019-04-11,0.89,21.22,34.41,112.0,Moderate
Bengaluru,2019-04-12,0.95,18.23,36.1,130.0,Moderate
Bengaluru,2019-04-13,0.92,17.8,30.69,109.0,Moderate
Bengaluru,2019-04-14,0.78,15.09,27.4,106.0,Moderate
Bengaluru,2019-04-15,1.04,15.92,33.83,111.0,Moderate
Bengaluru,2019-04-16,0.99,15.47,33.94,115.0,Moderate
Bengaluru,2019-04-17,1.16,17.54,31.76,124.0,Moderate
Bengaluru,2019-04-18,1.09,17.34,32.17,127.0,Moderate
Bengaluru,2019-04-19,0.9,18.08,29.02,107.0,Moderate
Bengaluru,2019-04-20,1.02,16.99,31.84,122.0,Moderate
Bengaluru,2019-04-21,1.04,15.03,32.67,106.0,Moderate
Bengaluru,2019-04-22,1.1,19.12,31.25,107.0,Moderate
Bengaluru,2019-04-23,1.31,16.05,32.12,112.0,Moderate
Bengaluru,2019-04-24,1.22,16.2,33.95,108.0,Moderate
Bengaluru,2019-04-25,1.19,16.84,36.31,126.0,Moderate
Bengaluru,2019-04-26,1.08,18.21,33.66,144.0,Moderate
Bengaluru,2019-04-27,0.84,17.39,29.77,150.0,Moderate
Bengaluru,2019-04-28,1.0,17.46,30.6,141.0,Moderate
Bengaluru,2019-04-29,0.95,18.56,30.05,140.0,Moderate
Bengaluru,2019-04-30,0.92,17.41,23.6,124.0,Moderate
Bengaluru,2019-05-01,0.99,15.57,21.81,111.0,Moderate
Bengaluru,2019-05-02,0.86,14.92,21.41,103.0,Moderate
Bengaluru,2019-05-03,0.74,17.29,22.23,112.0,Moderate
Bengaluru,2019-05-04,0.85,18.79,25.08,120.0,Moderate
Bengaluru,2019-05-05,0.8,16.93,26.36,132.0,Moderate
Bengaluru,2019-05-06,0.8,17.25,27.54,131.0,Moderate
Bengaluru,2019-05-07,0.86,16.41,23.95,113.0,Moderate
Bengaluru,2019-05-08,0.88,15.29,25.0,87.0,Satisfactory
Bengaluru,2019-05-09,1.36,19.28,30.32,106.0,Moderate
Bengaluru,2019-05-10,0.94,18.45,29.13,120.0,Moderate
Bengaluru,2019-05-11,0.97,17.05,27.17,105.0,Moderate
Bengaluru,2019-05-12,1.06,16.1,26.85,101.0,Moderate
Bengaluru,2019-05-13,0.91,13.94,25.1,106.0,Moderate
Bengaluru,2019-05-14,0.92,15.95,24.31,88.0,Satisfactory
Bengaluru,2019-05-15,1.01,16.03,24.45,96.0,Satisfactory
Bengaluru,2019-05-16,1.23,16.51,34.47,102.0,Moderate
Bengaluru,2019-05-17,1.19,17.39,32.51,110.0,Moderate
Bengaluru,2019-05-18,1.19,19.2,35.15,121.0,Moderate
Bengaluru,2019-05-19,0.97,18.52,27.75,116.0,Moderate
Bengaluru,2019-05-20,1.06,18.13,29.22,109.0,Moderate
Bengaluru,2019-05-21,0.88,16.95,26.31,109.0,Moderate
Bengaluru,2019-05-22,1.11,16.3,28.98,107.0,Moderate
Bengaluru,2019-05-23,1.04,17.81,34.61,102.0,Moderate
Bengaluru,2019-05-24,0.89,16.8,27.67,92.0,Satisfactory
Bengaluru,2019-05-25,0.79,15.38,25.34,82.0,Satisfactory
Bengaluru,2019-05-26,0.69,13.51,26.04,91.0,Satisfactory
Bengaluru,2019-05-27,0.94,16.1,32.49,92.0,Satisfactory
Bengaluru,2019-05-28,0.92,16.8,25.31,92.0,Satisfactory
Bengaluru,2019-05-29,0.75,15.5,24.99,112.0,Moderate
Bengaluru,2019-05-30,0.79,14.98,22.93,98.0,Satisfactory
Bengaluru,2019-05-31,0.82,13.84,24.81,101.0,Moderate
Bengaluru,2019-06-01,1.04,13.43,27.09,89.0,Satisfactory
Bengaluru,2019-06-02,0.85,12.94,18.31,100.0,Satisfactory
Bengaluru,2019-06-03,0.9,12.08,23.54,98.0,Satisfactory
Bengaluru,2019-06-04,0.79,11.9,24.48,69.0,Satisfactory
Bengaluru,2019-06-05,0.75,10.02,23.56,78.0,Satisfactory
Bengaluru,2019-06-06,1.02,12.3,27.41,78.0,Satisfactory
Bengaluru,2019-06-07,0.92,15.21,31.44,102.0,Moderate
Bengaluru,2019-06-08,0.81,14.01,23.49,76.0,Satisfactory
Bengaluru,2019-06-09,0.66,12.94,17.7,66.0,Satisfactory
Bengaluru,2019-06-10,0.62,11.79,16.77,54.0,Satisfactory
Bengaluru,2019-06-11,0.72,13.18,16.85,50.0,Good
Bengaluru,2019-06-12,0.61,13.74,17.93,51.0,Satisfactory
Bengaluru,2019-06-13,0.66,12.46,17.76,50.0,Good
Bengaluru,2019-06-14,0.64,12.54,18.09,59.0,Satisfactory
Bengaluru,2019-06-15,0.68,12.52,20.9,69.0,Satisfactory
Bengaluru,2019-06-16,0.62,12.87,18.54,63.0,Satisfactory
Bengaluru,2019-06-17,0.7,13.23,21.68,61.0,Satisfactory
Bengaluru,2019-06-18,0.7,13.94,20.1,70.0,Satisfactory
Bengaluru,2019-06-19,0.78,12.07,20.9,74.0,Satisfactory
Bengaluru,2019-06-20,0.65,12.0,18.74,67.0,Satisfactory
Bengaluru,2019-06-21,0.74,12.55,20.66,64.0,Satisfactory
Bengaluru,2019-06-22,0.69,12.89,20.04,67.0,Satisfactory
Bengaluru,2019-06-23,0.67,12.11,20.19,66.0,Satisfactory
Bengaluru,2019-06-24,0.71,13.29,21.39,65.0,Satisfactory
Bengaluru,2019-06-25,0.76,13.05,23.04,65.0,Satisfactory
Bengaluru,2019-06-26,0.76,13.32,21.39,74.0,Satisfactory
Bengaluru,2019-06-27,0.72,12.55,21.17,72.0,Satisfactory
Bengaluru,2019-06-28,0.68,7.99,21.09,72.0,Satisfactory
Bengaluru,2019-06-29,0.72,9.02,24.27,79.0,Satisfactory
Bengaluru,2019-06-30,0.63,10.04,17.51,68.0,Satisfactory
Bengaluru,2019-07-01,0.71,9.92,18.8,65.0,Satisfactory
Bengaluru,2019-07-02,0.73,10.46,19.94,70.0,Satisfactory
Bengaluru,2019-07-03,0.7,8.4,18.61,64.0,Satisfactory
Bengaluru,2019-07-04,0.79,8.71,21.98,65.0,Satisfactory
Bengaluru,2019-07-05,0.7,11.62,19.92,63.0,Satisfactory
Bengaluru,2019-07-06,0.76,10.2,21.47,62.0,Satisfactory
Bengaluru,2019-07-07,0.75,8.26,18.38,69.0,Satisfactory
Bengaluru,2019-07-08,0.76,8.74,16.23,58.0,Satisfactory
Bengaluru,2019-07-09,0.86,10.19,16.78,64.0,Satisfactory
Bengaluru,2019-07-10,0.78,11.63,19.9,68.0,Satisfactory
Bengaluru,2019-07-11,0.84,11.9,24.25,86.0,Satisfactory
Bengaluru,2019-07-12,0.79,11.9,22.71,71.0,Satisfactory
Bengaluru,2019-07-13,0.75,11.76,21.27,62.0,Satisfactory
Bengaluru,2019-07-14,0.74,11.64,20.0,63.0,Satisfactory
Bengaluru,2019-07-15,0.8,10.92,21.24,65.0,Satisfactory
Bengaluru,2019-07-16,0.8,12.2,21.88,65.0,Satisfactory
Bengaluru,2019-07-17,0.82,12.84,24.84,69.0,Satisfactory
Bengaluru,2019-07-18,0.85,14.47,27.45,73.0,Satisfactory
Bengaluru,2019-07-19,0.67,13.99,22.61,66.0,Satisfactory
Bengaluru,2019-07-20,0.63,12.36,21.56,48.0,Good
Bengaluru,2019-07-21,0.67,11.87,23.64,64.0,Satisfactory
Bengaluru,2019-07-22,0.69,11.03,24.64,57.0,Satisfactory
Bengaluru,2019-07-23,0.75,11.49,23.99,56.0,Satisfactory
Bengaluru,2019-07-24,0.67,12.15,23.42,60.0,Satisfactory
Bengaluru,2019-07-25,0.77,11.97,23.58,64.0,Satisfactory
Bengaluru,2019-07-26,0.73,11.62,23.49,62.0,Satisfactory
Bengaluru,2019-07-27,0.64,11.85,20.93,55.0,Satisfactory
Bengaluru,2019-07-28,0.71,11.46,21.15,62.0,Satisfactory
Bengaluru,2019-07-29,0.68,11.72,19.89,64.0,Satisfactory
Bengaluru,2019-07-30,0.72,11.9,21.54,58.0,Satisfactory
Bengaluru,2019-07-31,0.66,11.74,21.64,58.0,Satisfactory
Bengaluru,2019-08-01,0.69,11.1,19.76,61.0,Satisfactory
Bengaluru,2019-08-02,0.75,11.78,22.04,59.0,Satisfactory
Bengaluru,2019-08-03,0.65,11.18,19.08,56.0,Satisfactory
Bengaluru,2019-08-04,0.69,10.68,17.21,60.0,Satisfactory
Bengaluru,2019-08-05,0.65,11.23,18.83,53.0,Satisfactory
Bengaluru,2019-08-06,0.71,11.72,20.9,48.0,Good
Bengaluru,2019-08-07,0.78,12.83,20.29,57.0,Satisfactory
Bengaluru,2019-08-08,0.67,12.92,19.56,53.0,Satisfactory
Bengaluru,2019-08-09,0.71,12.13,21.17,55.0,Satisfactory
Bengaluru,2019-08-10,0.72,12.32,22.07,49.0,Good
Bengaluru,2019-08-11,0.61,11.74,19.08,50.0,Good
Bengaluru,2019-08-12,0.78,14.07,21.34,52.0,Satisfactory
Bengaluru,2019-08-13,0.93,14.28,24.49,68.0,Satisfactory
Bengaluru,2019-08-14,0.81,14.27,22.95,70.0,Satisfactory
Bengaluru,2019-08-15,0.69,13.18,20.93,59.0,Satisfactory
Bengaluru,2019-08-16,0.76,13.51,20.7,51.0,Satisfactory
Bengaluru,2019-08-17,0.9,14.78,24.71,61.0,Satisfactory
Bengaluru,2019-08-18,0.85,16.35,26.34,67.0,Satisfactory
Bengaluru,2019-08-19,0.88,16.63,27.88,65.0,Satisfactory
Bengaluru,2019-08-20,0.98,14.41,24.0,74.0,Satisfactory
Bengaluru,2019-08-21,1.06,12.61,20.38,73.0,Satisfactory
Bengaluru,2019-08-22,0.83,12.29,18.74,68.0,Satisfactory
Bengaluru,2019-08-23,0.85,12.69,18.23,65.0,Satisfactory
Bengaluru,2019-08-24,0.77,12.39,19.16,57.0,Satisfactory
Bengaluru,2019-08-25,0.58,11.29,15.48,68.0,Satisfactory
Bengaluru,2019-08-26,0.72,10.86,17.29,63.0,Satisfactory
Bengaluru,2019-08-27,0.71,12.1,19.78,61.0,Satisfactory
Bengaluru,2019-08-28,0.63,11.62,21.27,52.0,Satisfactory
Bengaluru,2019-08-29,0.64,11.37,18.4,49.0,Good
Bengaluru,2019-08-30,0.71,10.31,17.69,53.0,Satisfactory
Bengaluru,2019-08-31,0.79,10.46,19.48,63.0,Satisfactory
Bengaluru,2019-09-01,0.67,8.94,15.11,61.0,Satisfactory
Bengaluru,2019-09-02,0.64,8.81,12.39,48.0,Good
Bengaluru,2019-09-03,0.73,9.5,15.56,51.0,Satisfactory
Bengaluru,2019-09-04,0.72,9.34,16.9,51.0,Satisfactory
Bengaluru,2019-09-05,0.79,8.86,16.5,56.0,Satisfactory
Bengaluru,2019-09-06,0.88,9.22,16.14,64.0,Satisfactory
Bengaluru,2019-09-07,0.79,8.43,15.83,63.0,Satisfactory
Bengaluru,2019-09-08,0.79,7.49,12.36,62.0,Satisfactory
Bengaluru,2019-09-09,0.78,8.79,13.9,63.0,Satisfactory
Bengaluru,2019-09-10,0.73,10.59,12.3,67.0,Satisfactory
Bengaluru,2019-09-11,0.72,9.56,14.46,62.0,Satisfactory
Bengaluru,2019-09-12,0.8,12.42,24.3,68.0,Satisfactory
Bengaluru,2019-09-13,0.86,11.91,23.38,67.0,Satisfactory
Bengaluru,2019-09-14,0.76,10.94,21.87,70.0,Satisfactory
Bengaluru,2019-09-15,0.78,10.07,19.46,69.0,Satisfactory
Bengaluru,2019-09-16,0.82,10.48,19.11,67.0,Satisfactory
Bengaluru,2019-09-17,1.0,12.24,22.09,120.0,Moderate
Bengaluru,2019-09-18,0.95,13.83,22.04,92.0,Satisfactory
Bengaluru,2019-09-19,0.85,16.1,20.04,82.0,Satisfactory
Bengaluru,2019-09-20,0.82,17.48,23.82,67.0,Satisfactory
Bengaluru,2019-09-21,0.92,14.09,24.96,74.0,Satisfactory
Bengaluru,2019-09-22,1.01,14.75,27.97,81.0,Satisfactory
Bengaluru,2019-09-23,1.2,16.87,38.91,91.0,Satisfactory
Bengaluru,2019-09-24,1.15,14.1,33.19,100.0,Satisfactory
Bengaluru,2019-09-25,0.85,15.3,24.87,81.0,Satisfactory
Bengaluru,2019-09-26,0.83,13.17,20.76,64.0,Satisfactory
Bengaluru,2019-09-27,1.04,14.16,28.02,83.0,Satisfactory
Bengaluru,2019-09-28,0.98,14.52,26.64,99.0,Satisfactory
Bengaluru,2019-09-29,0.79,14.52,22.87,93.0,Satisfactory
Bengaluru,2019-09-30,0.81,13.18,19.29,73.0,Satisfactory
Bengaluru,2019-10-01,1.01,14.14,25.88,88.0,Satisfactory
Bengaluru,2019-10-02,0.94,13.28,32.46,92.0,Satisfactory
Bengaluru,2019-10-03,1.01,15.48,35.24,95.0,Satisfactory
Bengaluru,2019-10-04,1.1,16.06,41.03,104.0,Moderate
Bengaluru,2019-10-05,1.13,16.86,46.1,107.0,Moderate
Bengaluru,2019-10-06,0.92,14.69,33.96,85.0,Satisfactory
Bengaluru,2019-10-07,1.14,15.03,37.6,88.0,Satisfactory
Bengaluru,2019-10-08,0.71,14.09,28.28,92.0,Satisfactory
Bengaluru,2019-10-09,0.95,15.63,39.99,89.0,Satisfactory
Bengaluru,2019-10-10,0.87,18.0,36.15,146.0,Moderate
Bengaluru,2019-10-11,0.83,18.91,37.89,95.0,Satisfactory
Bengaluru,2019-10-12,0.83,17.39,30.58,90.0,Satisfactory
Bengaluru,2019-10-13,0.79,15.76,23.0,72.0,Satisfactory
Bengaluru,2019-10-14,0.85,17.97,26.95,73.0,Satisfactory
Bengaluru,2019-10-15,0.83,18.72,28.5,79.0,Satisfactory
Bengaluru,2019-10-16,0.72,17.09,28.28,71.0,Satisfactory
Bengaluru,2019-10-17,0.85,17.01,27.52,75.0,Satisfactory
Bengaluru,2019-10-18,0.71,15.22,24.42,69.0,Satisfactory
Bengaluru,2019-10-19,0.72,13.73,23.99,71.0,Satisfactory
Bengaluru,2019-10-20,0.52,13.23,23.31,56.0,Satisfactory
Bengaluru,2019-10-21,0.85,13.8,30.13,69.0,Satisfactory
Bengaluru,2019-10-22,0.83,14.84,24.22,69.0,Satisfactory
Bengaluru,2019-10-23,0.83,17.04,16.97,66.0,Satisfactory
Bengaluru,2019-10-24,0.76,12.27,15.8,62.0,Satisfactory
Bengaluru,2019-10-25,0.83,12.32,18.11,65.0,Satisfactory
Bengaluru,2019-10-26,0.74,11.69,18.89,59.0,Satisfactory
Bengaluru,2019-10-27,1.01,12.84,21.32,74.0,Satisfactory
Bengaluru,2019-10-28,1.04,13.82,24.6,88.0,Satisfactory
Bengaluru,2019-10-29,0.97,16.13,22.99,80.0,Satisfactory
Bengaluru,2019-10-30,0.98,15.45,26.91,78.0,Satisfactory
Bengaluru,2019-10-31,0.87,14.41,24.47,68.0,Satisfactory
Bengaluru,2019-11-01,0.9,14.01,25.98,84.0,Satisfactory
Bengaluru,2019-11-02,1.08,16.17,25.19,77.0,Satisfactory
Bengaluru,2019-11-03,0.99,18.0,26.32,89.0,Satisfactory
Bengaluru,2019-11-04,1.26,20.29,36.74,95.0,Satisfactory
Bengaluru,2019-11-05,1.48,20.46,41.5,139.0,Moderate
Bengaluru,2019-11-06,1.36,20.6,38.83,169.0,Moderate
Bengaluru,2019-11-07,1.38,21.68,44.07,174.0,Moderate
Bengaluru,2019-11-08,1.29,22.41,38.45,159.0,Moderate
Bengaluru,2019-11-09,1.07,20.88,35.19,116.0,Moderate
Bengaluru,2019-11-10,1.0,20.13,30.63,96.0,Satisfactory
Bengaluru,2019-11-11,0.96,20.35,33.11,124.0,Moderate
Bengaluru,2019-11-12,1.0,16.45,26.07,96.0,Satisfactory
Bengaluru,2019-11-13,0.93,17.33,28.6,83.0,Satisfactory
Bengaluru,2019-11-14,0.92,17.36,26.92,80.0,Satisfactory
Bengaluru,2019-11-15,1.1,18.25,28.61,77.0,Satisfactory
Bengaluru,2019-11-16,1.01,17.27,26.87,82.0,Satisfactory
Bengaluru,2019-11-17,0.84,16.75,28.0,76.0,Satisfactory
Bengaluru,2019-11-18,1.01,17.29,29.65,72.0,Satisfactory
Bengaluru,2019-11-19,0.96,16.19,26.77,74.0,Satisfactory
Bengaluru,2019-11-20,1.05,16.37,27.06,77.0,Satisfactory
Bengaluru,2019-11-21,1.19,17.57,34.02,86.0,Satisfactory
Bengaluru,2019-11-22,1.06,15.81,32.14,96.0,Satisfactory
Bengaluru,2019-11-23,1.01,15.22,32.05,90.0,Satisfactory
Bengaluru,2019-11-24,0.9,17.36,21.45,79.0,Satisfactory
Bengaluru,2019-11-25,1.17,16.71,27.71,83.0,Satisfactory
Bengaluru,2019-11-26,1.0,17.52,30.62,88.0,Satisfactory
Bengaluru,2019-11-27,1.22,17.13,35.64,89.0,Satisfactory
Bengaluru,2019-11-28,1.04,18.19,29.76,86.0,Satisfactory
Bengaluru,2019-11-29,1.0,14.77,25.68,75.0,Satisfactory
Bengaluru,2019-11-30,1.03,14.15,22.84,75.0,Satisfactory
Bengaluru,2019-12-01,0.93,14.09,20.19,65.0,Satisfactory
Bengaluru,2019-12-02,0.94,12.97,21.53,70.0,Satisfactory
Bengaluru,2019-12-03,1.11,13.63,27.81,76.0,Satisfactory
Bengaluru,2019-12-04,0.96,13.85,26.87,86.0,Satisfactory
Bengaluru,2019-12-05,0.94,15.19,32.39,87.0,Satisfactory
Bengaluru,2019-12-06,0.94,15.1,32.59,103.0,Moderate
Bengaluru,2019-12-07,1.05,14.07,32.74,89.0,Satisfactory
Bengaluru,2019-12-08,0.95,12.91,26.15,68.0,Satisfactory
Bengaluru,2019-12-09,1.03,13.07,29.26,70.0,Satisfactory
Bengaluru,2019-12-10,1.02,12.13,27.3,74.0,Satisfactory
Bengaluru,2019-12-11,0.84,15.16,29.94,73.0,Satisfactory
Bengaluru,2019-12-12,0.91,12.64,28.49,77.0,Satisfactory
Bengaluru,2019-12-13,0.94,13.12,26.71,74.0,Satisfactory
Bengaluru,2019-12-14,0.97,12.63,25.5,74.0,Satisfactory
Bengaluru,2019-12-15,0.78,12.51,23.85,68.0,Satisfactory
Bengaluru,2019-12-16,0.91,12.62,25.62,69.0,Satisfactory
Bengaluru,2019-12-17,1.05,12.28,28.51,69.0,Satisfactory
Bengaluru,2019-12-18,1.13,13.03,31.51,82.0,Satisfactory
Bengaluru,2019-12-19,1.16,12.91,30.63,85.0,Satisfactory
Bengaluru,2019-12-20,1.19,13.8,32.5,91.0,Satisfactory
Bengaluru,2019-12-21,0.98,14.47,29.51,95.0,Satisfactory
Bengaluru,2019-12-22,0.91,13.5,25.65,88.0,Satisfactory
Bengaluru,2019-12-23,1.0,13.96,31.35,92.0,Satisfactory
Bengaluru,2019-12-24,1.13,13.71,29.34,89.0,Satisfactory
Bengaluru,2019-12-25,1.03,14.05,26.59,76.0,Satisfactory
Bengaluru,2019-12-26,1.03,14.55,29.46,95.0,Satisfactory
Bengaluru,2019-12-27,1.09,14.71,31.24,98.0,Satisfactory
Bengaluru,2019-12-28,0.97,13.37,26.94,82.0,Satisfactory
Bengaluru,2019-12-29,0.92,13.02,26.2,80.0,Satisfactory
Bengaluru,2019-12-30,1.03,12.91,28.46,93.0,Satisfactory
Bengaluru,2019-12-31,1.06,13.75,29.1,97.0,Satisfactory
Bengaluru,2020-01-01,1.07,13.01,27.31,82.0,Satisfactory
Bengaluru,2020-01-02,1.16,12.4,28.05,81.0,Satisfactory
Bengaluru,2020-01-03,0.99,12.87,26.26,85.0,Satisfactory
Bengaluru,2020-01-04,1.39,14.59,31.56,95.0,Satisfactory
Bengaluru,2020-01-05,1.01,15.68,29.1,118.0,Moderate
Bengaluru,2020-01-06,1.09,13.94,27.57,81.0,Satisfactory
Bengaluru,2020-01-07,1.06,11.75,29.93,75.0,Satisfactory
Bengaluru,2020-01-08,1.03,12.61,30.86,93.0,Satisfactory
Bengaluru,2020-01-09,1.09,13.74,33.79,101.0,Moderate
Bengaluru,2020-01-10,1.05,14.54,36.97,94.0,Satisfactory
Bengaluru,2020-01-11,0.89,13.03,29.13,78.0,Satisfactory
Bengaluru,2020-01-12,0.97,14.27,30.57,79.0,Satisfactory
Bengaluru,2020-01-13,1.11,15.06,38.77,106.0,Moderate
Bengaluru,2020-01-14,1.08,15.71,43.03,121.0,Moderate
Bengaluru,2020-01-15,0.93,13.94,35.06,111.0,Moderate
Bengaluru,2020-01-16,1.2,13.75,38.18,114.0,Moderate
Bengaluru,2020-01-17,1.27,13.59,39.38,106.0,Moderate
Bengaluru,2020-01-18,0.95,14.38,26.29,86.0,Satisfactory
Bengaluru,2020-01-19,0.96,13.36,23.43,66.0,Satisfactory
Bengaluru,2020-01-20,1.07,14.44,33.42,81.0,Satisfactory
Bengaluru,2020-01-21,1.1,14.19,33.67,90.0,Satisfactory
Bengaluru,2020-01-22,1.23,14.77,30.62,87.0,Satisfactory
Bengaluru,2020-01-23,1.1,14.45,30.76,82.0,Satisfactory
Bengaluru,2020-01-24,1.22,13.91,39.01,108.0,Moderate
Bengaluru,2020-01-25,1.23,14.99,46.43,100.0,Satisfactory
Bengaluru,2020-01-26,1.1,16.11,45.71,97.0,Satisfactory
Bengaluru,2020-01-27,1.24,17.79,41.23,98.0,Satisfactory
Bengaluru,2020-01-28,1.17,17.5,33.37,102.0,Moderate
Bengaluru,2020-01-29,0.99,13.87,38.65,115.0,Moderate
Bengaluru,2020-01-30,1.19,14.17,47.61,112.0,Moderate
Bengaluru,2020-01-31,1.05,14.39,37.62,111.0,Moderate
Bengaluru,2020-02-01,1.03,14.51,31.67,102.0,Moderate
Bengaluru,2020-02-02,0.81,13.05,24.1,94.0,Satisfactory
Bengaluru,2020-02-03,0.96,12.29,34.38,79.0,Satisfactory
Bengaluru,2020-02-04,1.0,12.05,32.2,82.0,Satisfactory
Bengaluru,2020-02-05,1.16,12.86,30.15,86.0,Satisfactory
Bengaluru,2020-02-06,1.11,13.82,35.14,96.0,Satisfactory
Bengaluru,2020-02-07,1.06,14.44,31.27,96.0,Satisfactory
Bengaluru,2020-02-08,0.95,13.5,30.49,105.0,Moderate
Bengaluru,2020-02-09,1.06,15.42,25.96,101.0,Moderate
Bengaluru,2020-02-10,1.09,15.84,26.2,103.0,Moderate
Bengaluru,2020-02-11,1.07,12.4,28.99,87.0,Satisfactory
Bengaluru,2020-02-12,0.93,12.02,28.34,80.0,Satisfactory
Bengaluru,2020-02-13,1.06,12.15,37.32,84.0,Satisfactory
Bengaluru,2020-02-14,1.29,14.09,46.46,111.0,Moderate
Bengaluru,2020-02-15,1.24,14.89,54.43,128.0,Moderate
Bengaluru,2020-02-16,0.99,13.44,36.76,120.0,Moderate
Bengaluru,2020-02-17,1.15,13.41,43.77,99.0,Satisfactory
Bengaluru,2020-02-18,1.07,15.06,42.79,103.0,Moderate
Bengaluru,2020-02-19,1.28,15.25,36.85,101.0,Moderate
Bengaluru,2020-02-20,1.06,13.9,33.04,94.0,Satisfactory
Bengaluru,2020-02-21,1.0,12.05,24.85,90.0,Satisfactory
Bengaluru,2020-02-22,0.98,13.04,23.75,78.0,Satisfactory
Bengaluru,2020-02-23,1.09,12.61,21.8,81.0,Satisfactory
Bengaluru,2020-02-24,1.01,11.92,25.61,82.0,Satisfactory
Bengaluru,2020-02-25,1.28,12.39,31.08,107.0,Moderate
Bengaluru,2020-02-26,0.97,12.47,27.21,104.0,Moderate
Bengaluru,2020-02-27,1.16,12.63,31.61,112.0,Moderate
Bengaluru,2020-02-28,1.06,12.35,26.77,98.0,Satisfactory
Bengaluru,2020-02-29,1.01,12.22,27.79,95.0,Satisfactory
Bengaluru,2020-03-01,0.98,14.37,21.91,101.0,Moderate
Bengaluru,2020-03-02,1.18,14.37,29.55,103.0,Moderate
Bengaluru,2020-03-03,1.27,14.47,32.33,137.0,Moderate
Bengaluru,2020-03-04,1.22,15.46,33.05,131.0,Moderate
Bengaluru,2020-03-05,1.04,14.39,28.68,117.0,Moderate
Bengaluru,2020-03-06,0.94,13.61,23.14,100.0,Satisfactory
Bengaluru,2020-03-07,0.98,15.57,26.8,93.0,Satisfactory
Bengaluru,2020-03-08,0.88,14.03,21.71,91.0,Satisfactory
Bengaluru,2020-03-09,0.99,13.54,23.26,99.0,Satisfactory
Bengaluru,2020-03-10,0.94,12.71,22.84,93.0,Satisfactory
Bengaluru,2020-03-11,0.96,11.31,25.62,95.0,Satisfactory
Bengaluru,2020-03-12,1.05,10.85,28.58,97.0,Satisfactory
Bengaluru,2020-03-13,0.93,10.94,27.42,90.0,Satisfactory
Bengaluru,2020-03-14,0.91,10.8,27.04,86.0,Satisfactory
Bengaluru,2020-03-15,0.92,11.55,22.19,88.0,Satisfactory
Bengaluru,2020-03-16,0.84,11.07,21.45,79.0,Satisfactory
Bengaluru,2020-03-17,0.86,10.48,19.78,77.0,Satisfactory
Bengaluru,2020-03-18,0.9,11.06,24.72,78.0,Satisfactory
Bengaluru,2020-03-19,0.93,12.13,26.49,91.0,Satisfactory
Bengaluru,2020-03-20,0.98,13.53,23.38,100.0,Satisfactory
Bengaluru,2020-03-21,1.06,13.76,31.05,103.0,Moderate
Bengaluru,2020-03-22,0.82,12.95,13.39,99.0,Satisfactory
Bengaluru,2020-03-23,1.05,13.99,20.12,85.0,Satisfactory
Bengaluru,2020-03-24,0.86,14.92,15.65,106.0,Moderate
Bengaluru,2020-03-25,0.76,11.91,9.73,70.0,Satisfactory
Bengaluru,2020-03-26,0.7,11.25,8.99,61.0,Satisfactory
Bengaluru,2020-03-27,0.85,11.09,9.44,67.0,Satisfactory
Bengaluru,2020-03-28,0.85,10.13,10.58,70.0,Satisfactory
Bengaluru,2020-03-29,0.85,10.41,12.22,66.0,Satisfactory
Bengaluru,2020-03-30,0.91,11.12,11.09,72.0,Satisfactory
Bengaluru,2020-03-31,0.83,10.45,10.09,68.0,Satisfactory
Bengaluru,2020-04-01,0.76,10.18,10.37,64.0,Satisfactory
Bengaluru,2020-04-02,0.86,10.92,9.58,70.0,Satisfactory
Bengaluru,2020-04-03,0.77,11.13,9.69,82.0,Satisfactory
Bengaluru,2020-04-04,0.72,11.25,9.23,74.0,Satisfactory
Bengaluru,2020-04-05,0.8,11.08,9.81,77.0,Satisfactory
Bengaluru,2020-04-06,0.71,11.69,11.52,65.0,Satisfactory
Bengaluru,2020-04-07,0.71,16.57,13.48,62.0,Satisfactory
Bengaluru,2020-04-08,0.72,13.03,13.73,67.0,Satisfactory
Bengaluru,2020-04-09,0.73,13.62,12.38,65.0,Satisfactory
Bengaluru,2020-04-10,0.67,13.71,11.5,76.0,Satisfactory
Bengaluru,2020-04-11,0.79,16.25,10.63,70.0,Satisfactory
Bengaluru,2020-04-12,0.72,13.94,11.74,64.0,Satisfactory
Bengaluru,2020-04-13,0.71,11.61,15.57,72.0,Satisfactory
Bengaluru,2020-04-14,0.69,10.46,15.73,72.0,Satisfactory
Bengaluru,2020-04-15,0.67,10.86,13.81,74.0,Satisfactory
Bengaluru,2020-04-16,0.73,9.91,12.73,66.0,Satisfactory
Bengaluru,2020-04-17,0.65,10.46,12.28,74.0,Satisfactory
Bengaluru,2020-04-18,0.72,10.25,11.74,94.0,Satisfactory
Bengaluru,2020-04-19,0.61,9.42,10.48,67.0,Satisfactory
Bengaluru,2020-04-20,0.55,9.03,10.76,53.0,Satisfactory
Bengaluru,2020-04-21,0.78,7.96,13.02,65.0,Satisfactory
Bengaluru,2020-04-22,0.68,8.33,10.17,71.0,Satisfactory
Bengaluru,2020-04-23,0.67,8.44,11.41,63.0,Satisfactory
Bengaluru,2020-04-24,0.75,9.74,13.05,69.0,Satisfactory
Bengaluru,2020-04-25,0.69,10.15,13.04,66.0,Satisfactory
Bengaluru,2020-04-26,0.82,9.89,11.76,61.0,Satisfactory
Bengaluru,2020-04-27,0.76,9.21,11.69,59.0,Satisfactory
Bengaluru,2020-04-28,0.79,10.71,11.24,71.0,Satisfactory
Bengaluru,2020-04-29,0.74,10.72,12.02,62.0,Satisfactory
Bengaluru,2020-04-30,0.75,8.07,15.27,61.0,Satisfactory
Bengaluru,2020-05-01,0.67,8.95,12.6,74.0,Satisfactory
Bengaluru,2020-05-02,0.8,7.84,14.26,72.0,Satisfactory
Bengaluru,2020-05-03,0.82,6.94,17.28,71.0,Satisfactory
Bengaluru,2020-05-04,0.86,6.47,18.88,79.0,Satisfactory
Bengaluru,2020-05-05,0.82,7.53,18.26,91.0,Satisfactory
Bengaluru,2020-05-06,0.93,8.56,17.4,85.0,Satisfactory
Bengaluru,2020-05-07,0.88,8.9,18.2,82.0,Satisfactory
Bengaluru,2020-05-08,0.77,7.94,16.86,73.0,Satisfactory
Bengaluru,2020-05-09,0.77,8.26,14.05,76.0,Satisfactory
Bengaluru,2020-05-10,0.77,8.84,13.18,78.0,Satisfactory
Bengaluru,2020-05-11,0.81,9.01,14.23,77.0,Satisfactory
Bengaluru,2020-05-12,0.73,8.98,14.13,82.0,Satisfactory
Bengaluru,2020-05-13,0.8,9.23,13.82,66.0,Satisfactory
Bengaluru,2020-05-14,0.74,10.15,15.82,66.0,Satisfactory
Bengaluru,2020-05-15,0.87,9.42,16.79,73.0,Satisfactory
Bengaluru,2020-05-16,0.96,10.07,18.22,74.0,Satisfactory
Bengaluru,2020-05-17,0.72,10.3,13.24,70.0,Satisfactory
Bengaluru,2020-05-18,0.85,10.52,12.91,68.0,Satisfactory
Bengaluru,2020-05-19,0.73,9.81,13.11,72.0,Satisfactory
Bengaluru,2020-05-20,0.72,8.9,13.77,79.0,Satisfactory
Bengaluru,2020-05-21,0.74,8.87,14.59,70.0,Satisfactory
Bengaluru,2020-05-22,0.79,8.98,15.13,68.0,Satisfactory
Bengaluru,2020-05-23,0.72,8.76,15.05,72.0,Satisfactory
Bengaluru,2020-05-24,0.59,8.97,13.03,66.0,Satisfactory
Bengaluru,2020-05-25,0.7,9.36,16.82,70.0,Satisfactory
Bengaluru,2020-05-26,0.76,9.58,16.47,66.0,Satisfactory
Bengaluru,2020-05-27,0.92,12.06,18.54,75.0,Satisfactory
Bengaluru,2020-05-28,0.66,9.1,14.85,74.0,Satisfactory
Bengaluru,2020-05-29,0.7,8.2,15.72,66.0,Satisfactory
Bengaluru,2020-05-30,0.74,8.7,18.27,72.0,Satisfactory
Bengaluru,2020-05-31,0.84,7.26,11.58,61.0,Satisfactory
Bengaluru,2020-06-01,0.6,5.7,9.72,49.0,Good
Bengaluru,2020-06-02,0.57,5.13,9.76,40.0,Good
Bengaluru,2020-06-03,0.6,4.92,9.78,42.0,Good
Bengaluru,2020-06-04,0.62,4.78,11.51,43.0,Good
Bengaluru,2020-06-05,0.66,5.64,19.65,55.0,Satisfactory
Bengaluru,2020-06-06,0.6,5.7,17.1,55.0,Satisfactory
Bengaluru,2020-06-07,0.57,5.31,13.32,55.0,Satisfactory
Bengaluru,2020-06-08,0.65,5.22,15.31,55.0,Satisfactory
Bengaluru,2020-06-09,0.62,5.64,15.48,58.0,Satisfactory
Bengaluru,2020-06-10,0.66,6.0,15.98,70.0,Satisfactory
Bengaluru,2020-06-11,0.67,5.76,14.7,59.0,Satisfactory
Bengaluru,2020-06-12,0.64,5.93,13.83,49.0,Good
Bengaluru,2020-06-13,0.72,6.57,14.67,50.0,Good
Bengaluru,2020-06-14,0.56,6.7,12.31,49.0,Good
Bengaluru,2020-06-15,0.62,6.55,13.01,47.0,Good
Bengaluru,2020-06-16,0.6,6.9,13.32,55.0,Satisfactory
Bengaluru,2020-06-17,0.65,6.48,14.1,57.0,Satisfactory
Bengaluru,2020-06-18,0.73,6.84,13.98,65.0,Satisfactory
Bengaluru,2020-06-19,0.66,6.54,13.87,65.0,Satisfactory
Bengaluru,2020-06-20,0.66,6.59,13.62,56.0,Satisfactory
Bengaluru,2020-06-21,0.54,6.5,12.45,52.0,Satisfactory
Bengaluru,2020-06-22,0.62,6.5,14.45,49.0,Good
Bengaluru,2020-06-23,0.62,6.76,14.6,56.0,Satisfactory
Bengaluru,2020-06-24,0.61,7.37,14.61,63.0,Satisfactory
Bengaluru,2020-06-25,0.74,7.42,17.67,63.0,Satisfactory
Bengaluru,2020-06-26,0.61,7.32,14.29,58.0,Satisfactory
Bengaluru,2020-06-27,0.67,6.88,13.68,51.0,Satisfactory
Bengaluru,2020-06-28,0.66,6.58,10.33,61.0,Satisfactory
Bengaluru,2020-06-29,0.56,6.8,12.12,65.0,Satisfactory
Bengaluru,2020-06-30,0.56,6.82,12.69,63.0,Satisfactory
Bengaluru,2020-07-01,0.54,7.42,13.25,43.0,Good
Bhopal,2019-09-18,1.38,44.14,37.81,89.0,Satisfactory
Bhopal,2019-09-19,0.95,47.43,25.28,77.0,Satisfactory
Bhopal,2019-09-20,0.95,42.29,26.05,76.0,Satisfactory
Bhopal,2019-09-21,1.41,46.25,30.9,82.0,Satisfactory
Bhopal,2019-09-22,1.16,44.52,25.74,90.0,Satisfactory
Bhopal,2019-09-23,1.07,48.42,25.81,82.0,Satisfactory
Bhopal,2019-09-24,1.18,40.42,28.48,80.0,Satisfactory
Bhopal,2019-09-25,1.11,46.34,28.75,81.0,Satisfactory
Bhopal,2019-09-26,1.05,47.0,27.96,77.0,Satisfactory
Bhopal,2019-09-27,0.84,50.15,20.58,69.0,Satisfactory
Bhopal,2019-09-28,0.64,47.07,14.11,52.0,Satisfactory
Bhopal,2019-09-29,0.66,51.91,17.12,49.0,Good
Bhopal,2019-09-30,0.7,46.82,22.35,56.0,Satisfactory
Bhopal,2019-10-01,0.71,42.77,13.46,68.0,Satisfactory
Bhopal,2019-10-02,0.87,37.95,27.86,75.0,Satisfactory
Bhopal,2019-10-03,0.75,37.23,34.15,97.0,Satisfactory
Bhopal,2019-10-04,1.04,36.82,33.99,112.0,Moderate
Bhopal,2019-10-05,1.01,40.41,36.45,117.0,Moderate
Bhopal,2019-10-06,1.19,16.79,34.81,101.0,Moderate
Bhopal,2019-10-07,1.45,17.08,38.5,109.0,Moderate
Bhopal,2019-10-08,1.26,18.88,34.1,143.0,Moderate
Bhopal,2019-10-09,0.83,13.56,32.53,123.0,Moderate
Bhopal,2019-10-10,1.05,15.13,43.5,118.0,Moderate
Bhopal,2019-10-11,0.96,17.43,38.56,141.0,Moderate
Bhopal,2019-10-12,1.37,15.28,56.37,140.0,Moderate
Bhopal,2019-10-13,1.47,19.45,61.95,168.0,Moderate
Bhopal,2019-10-14,0.88,16.73,33.55,159.0,Moderate
Bhopal,2019-10-15,0.96,19.9,47.42,141.0,Moderate
Bhopal,2019-10-16,1.03,19.78,46.41,148.0,Moderate
Bhopal,2019-10-17,1.11,19.13,44.07,155.0,Moderate
Bhopal,2019-10-18,1.5,22.23,54.27,159.0,Moderate
Bhopal,2019-10-19,0.99,19.85,29.21,146.0,Moderate
Bhopal,2019-10-20,1.18,19.25,41.02,144.0,Moderate
Bhopal,2019-10-21,1.17,20.61,41.72,225.0,Poor
Bhopal,2019-10-22,1.3,19.0,52.3,209.0,Poor
Bhopal,2019-10-23,1.09,16.1,45.9,135.0,Moderate
Bhopal,2019-10-24,1.24,14.41,44.22,116.0,Moderate
Bhopal,2019-10-25,1.48,21.55,51.52,181.0,Moderate
Bhopal,2019-10-26,0.8,16.69,27.36,128.0,Moderate
Bhopal,2019-10-27,1.1,14.07,29.86,99.0,Satisfactory
Bhopal,2019-10-28,0.72,13.27,22.31,228.0,Poor
Bhopal,2019-10-29,1.21,11.37,29.38,85.0,Satisfactory
Bhopal,2019-10-30,0.96,12.66,28.91,108.0,Moderate
Bhopal,2019-10-31,1.58,15.64,69.34,117.0,Moderate
Bhopal,2019-11-01,1.39,16.05,56.23,179.0,Moderate
Bhopal,2019-11-02,1.03,13.07,35.27,153.0,Moderate
Bhopal,2019-11-03,1.02,12.62,32.76,97.0,Satisfactory
Bhopal,2019-11-04,1.47,17.44,48.17,129.0,Moderate
Bhopal,2019-11-05,1.46,17.61,57.11,146.0,Moderate
Bhopal,2019-11-06,1.33,17.61,53.19,146.0,Moderate
Bhopal,2019-11-07,1.1,18.15,36.89,186.0,Moderate
Bhopal,2019-11-08,0.77,13.66,25.32,97.0,Satisfactory
Bhopal,2019-11-09,1.03,14.92,31.65,167.0,Moderate
Bhopal,2019-11-10,1.34,19.28,43.8,234.0,Poor
Bhopal,2019-11-11,1.38,18.67,51.48,220.0,Poor
Bhopal,2019-11-12,1.44,17.8,52.38,193.0,Moderate
Bhopal,2019-11-13,1.52,16.09,63.33,193.0,Moderate
Bhopal,2019-11-14,1.32,16.62,50.55,190.0,Moderate
Bhopal,2019-11-15,1.63,19.76,62.13,224.0,Poor
Bhopal,2019-11-16,1.37,21.16,67.6,268.0,Poor
Bhopal,2019-11-17,1.71,21.99,61.43,279.0,Poor
Bhopal,2019-11-18,1.25,19.67,49.59,180.0,Moderate
Bhopal,2019-11-19,1.47,17.21,55.49,174.0,Moderate
Bhopal,2019-11-20,1.07,14.97,39.49,170.0,Moderate
Bhopal,2019-11-21,1.65,18.68,46.99,236.0,Poor
Bhopal,2019-11-22,2.04,16.36,50.9,274.0,Poor
Bhopal,2019-11-23,1.54,20.3,58.73,266.0,Poor
Bhopal,2019-11-24,1.59,23.09,57.81,268.0,Poor
Bhopal,2019-11-25,1.29,23.88,46.22,244.0,Poor
Bhopal,2019-11-26,1.22,18.02,49.62,204.0,Poor
Bhopal,2019-11-27,1.59,18.74,61.91,286.0,Poor
Bhopal,2019-11-28,1.42,16.17,61.66,312.0,Very Poor
Bhopal,2019-11-29,1.58,20.77,57.15,228.0,Poor
Bhopal,2019-11-30,1.38,22.73,50.92,225.0,Poor
Bhopal,2019-12-01,1.26,20.31,42.84,218.0,Poor
Bhopal,2019-12-02,1.24,21.32,47.17,274.0,Poor
Bhopal,2019-12-03,1.09,20.14,48.07,239.0,Poor
Bhopal,2019-12-04,1.09,16.48,54.91,140.0,Moderate
Bhopal,2019-12-05,0.95,16.7,53.51,135.0,Moderate
Bhopal,2019-12-06,0.95,18.18,49.41,120.0,Moderate
Bhopal,2019-12-07,1.4,22.78,69.19,189.0,Moderate
Bhopal,2019-12-08,1.56,23.43,72.24,310.0,Very Poor
Bhopal,2019-12-09,1.54,22.92,70.44,305.0,Very Poor
Bhopal,2019-12-10,1.66,23.52,75.55,295.0,Poor
Bhopal,2019-12-11,1.43,22.64,75.67,298.0,Poor
Bhopal,2019-12-12,0.95,21.4,45.18,243.0,Poor
Bhopal,2019-12-13,0.88,22.46,36.54,121.0,Moderate
Bhopal,2019-12-14,0.92,23.66,38.1,119.0,Moderate
Bhopal,2019-12-15,0.84,22.4,36.82,120.0,Moderate
Bhopal,2019-12-16,0.86,20.98,41.63,137.0,Moderate
Bhopal,2019-12-17,0.96,25.94,47.53,180.0,Moderate
Bhopal,2019-12-18,1.05,23.1,56.51,217.0,Poor
Bhopal,2019-12-19,1.2,22.72,59.98,153.0,Moderate
Bhopal,2019-12-20,1.36,26.46,69.33,197.0,Moderate
Bhopal,2019-12-21,1.15,24.53,59.83,190.0,Moderate
Bhopal,2019-12-22,1.14,26.5,57.2,147.0,Moderate
Bhopal,2019-12-23,0.97,25.17,49.38,171.0,Moderate
Bhopal,2019-12-24,1.09,25.39,48.93,117.0,Moderate
Bhopal,2019-12-25,1.17,30.99,41.34,234.0,Poor
Bhopal,2019-12-26,1.03,22.13,49.21,241.0,Poor
Bhopal,2019-12-27,1.0,18.09,55.18,130.0,Moderate
Bhopal,2019-12-28,0.84,16.58,43.82,99.0,Satisfactory
Bhopal,2019-12-29,0.91,19.66,46.49,106.0,Moderate
Bhopal,2019-12-30,0.98,20.5,44.05,119.0,Moderate
Bhopal,2019-12-31,1.18,26.45,47.06,187.0,Moderate
Bhopal,2020-01-01,1.13,25.12,42.22,266.0,Poor
Bhopal,2020-01-02,1.04,24.02,38.04,223.0,Poor
Bhopal,2020-01-03,1.05,23.69,41.4,199.0,Moderate
Bhopal,2020-01-04,1.33,21.83,49.68,205.0,Poor
Bhopal,2020-01-05,1.1,22.43,46.67,213.0,Poor
Bhopal,2020-01-06,0.9,15.57,47.62,105.0,Moderate
Bhopal,2020-01-07,1.25,17.07,51.85,114.0,Moderate
Bhopal,2020-01-08,0.9,21.45,35.11,153.0,Moderate
Bhopal,2020-01-09,0.74,20.2,34.05,174.0,Moderate
Bhopal,2020-01-10,0.81,16.54,36.15,120.0,Moderate
Bhopal,2020-01-11,0.95,16.09,46.29,115.0,Moderate
Bhopal,2020-01-12,1.35,19.35,54.59,124.0,Moderate
Bhopal,2020-01-13,1.31,20.43,43.3,146.0,Moderate
Bhopal,2020-01-14,1.43,28.68,48.0,147.0,Moderate
Bhopal,2020-01-15,1.22,30.81,36.38,200.0,Moderate
Bhopal,2020-01-16,1.33,32.17,32.54,307.0,Very Poor
Bhopal,2020-01-17,1.01,22.01,38.33,234.0,Poor
Bhopal,2020-01-18,1.13,22.86,40.78,193.0,Moderate
Bhopal,2020-01-19,0.94,18.85,39.66,137.0,Moderate
Bhopal,2020-01-20,0.82,16.05,39.37,107.0,Moderate
Bhopal,2020-01-21,1.11,19.36,45.66,104.0,Moderate
Bhopal,2020-01-22,0.95,25.19,37.59,147.0,Moderate
Bhopal,2020-01-23,0.93,20.4,40.99,141.0,Moderate
Bhopal,2020-01-24,1.27,19.31,53.06,133.0,Moderate
Bhopal,2020-01-25,1.56,23.33,60.5,151.0,Moderate
Bhopal,2020-01-26,1.5,24.31,58.1,184.0,Moderate
Bhopal,2020-01-27,0.79,18.5,44.36,123.0,Moderate
Bhopal,2020-01-28,0.84,21.09,29.92,162.0,Moderate
Bhopal,2020-01-29,0.64,11.69,28.66,120.0,Moderate
Bhopal,2020-01-30,0.84,18.98,37.6,118.0,Moderate
Bhopal,2020-01-31,0.88,14.79,45.69,111.0,Moderate
Bhopal,2020-02-01,0.76,13.43,37.21,99.0,Satisfactory
Bhopal,2020-02-02,0.71,12.27,32.89,94.0,Satisfactory
Bhopal,2020-02-03,0.78,15.01,33.21,94.0,Satisfactory
Bhopal,2020-02-04,0.93,18.91,38.18,115.0,Moderate
Bhopal,2020-02-05,1.04,20.4,42.27,121.0,Moderate
Bhopal,2020-02-06,0.85,17.49,37.05,124.0,Moderate
Bhopal,2020-02-07,0.86,18.9,36.83,114.0,Moderate
Bhopal,2020-02-08,0.73,15.92,32.47,119.0,Moderate
Bhopal,2020-02-09,0.71,15.16,32.12,109.0,Moderate
Bhopal,2020-02-10,0.89,15.35,40.19,112.0,Moderate
Bhopal,2020-02-11,0.87,14.81,38.68,123.0,Moderate
Bhopal,2020-02-12,1.21,17.56,48.9,122.0,Moderate
Bhopal,2020-02-13,1.66,22.76,58.91,185.0,Moderate
Bhopal,2020-02-14,1.03,19.61,46.76,155.0,Moderate
Bhopal,2020-02-15,1.13,19.47,51.43,151.0,Moderate
Bhopal,2020-02-16,1.17,19.16,59.43,149.0,Moderate
Bhopal,2020-02-17,1.26,14.98,57.99,120.0,Moderate
Bhopal,2020-02-18,1.02,13.6,55.27,136.0,Moderate
Bhopal,2020-02-19,0.84,13.45,46.73,121.0,Moderate
Bhopal,2020-02-20,0.71,17.72,28.42,137.0,Moderate
Bhopal,2020-02-21,0.87,19.34,31.98,127.0,Moderate
Bhopal,2020-02-22,0.86,22.42,32.01,141.0,Moderate
Bhopal,2020-02-23,0.96,29.18,31.8,143.0,Moderate
Bhopal,2020-02-24,0.92,24.36,35.66,138.0,Moderate
Bhopal,2020-02-25,0.97,15.91,39.53,117.0,Moderate
Bhopal,2020-02-26,1.06,18.01,52.94,137.0,Moderate
Bhopal,2020-02-27,1.0,17.34,41.04,152.0,Moderate
Bhopal,2020-02-28,0.76,16.08,35.5,141.0,Moderate
Bhopal,2020-02-29,1.18,16.95,47.39,134.0,Moderate
Bhopal,2020-03-01,1.01,21.11,35.63,149.0,Moderate
Bhopal,2020-03-02,0.75,20.47,29.98,122.0,Moderate
Bhopal,2020-03-03,0.68,14.47,27.86,111.0,Moderate
Bhopal,2020-03-04,0.65,15.87,26.59,128.0,Moderate
Bhopal,2020-03-05,0.46,11.22,20.25,129.0,Moderate
Bhopal,2020-03-06,0.46,12.66,19.42,134.0,Moderate
Bhopal,2020-03-07,0.59,10.92,25.61,126.0,Moderate
Bhopal,2020-03-08,0.71,11.62,27.92,108.0,Moderate
Bhopal,2020-03-09,0.71,12.02,27.85,88.0,Satisfactory
Bhopal,2020-03-10,0.79,18.53,21.5,96.0,Satisfactory
Bhopal,2020-03-11,0.46,18.37,13.84,87.0,Satisfactory
Bhopal,2020-03-12,0.39,10.48,14.28,94.0,Satisfactory
Bhopal,2020-03-13,0.66,6.91,27.12,98.0,Satisfactory
Bhopal,2020-03-14,0.51,7.68,20.28,126.0,Moderate
Bhopal,2020-03-15,0.91,9.91,33.84,126.0,Moderate
Bhopal,2020-03-16,0.99,13.22,37.17,133.0,Moderate
Bhopal,2020-03-17,0.78,14.25,30.64,124.0,Moderate
Bhopal,2020-03-18,0.79,14.35,30.26,109.0,Moderate
Bhopal,2020-03-19,0.93,15.42,35.15,110.0,Moderate
Bhopal,2020-03-20,0.62,15.65,25.91,121.0,Moderate
Bhopal,2020-03-21,0.78,11.96,23.62,118.0,Moderate
Bhopal,2020-03-22,0.62,16.18,18.18,138.0,Moderate
Bhopal,2020-03-23,0.72,16.32,21.97,106.0,Moderate
Bhopal,2020-03-24,0.55,16.45,15.64,118.0,Moderate
Bhopal,2020-03-25,0.37,20.97,9.83,96.0,Satisfactory
Bhopal,2020-03-26,0.37,24.4,10.67,82.0,Satisfactory
Bhopal,2020-03-27,0.4,20.92,10.34,58.0,Satisfactory
Bhopal,2020-03-28,0.37,20.31,8.36,37.0,Good
Bhopal,2020-04-08,0.5,14.65,6.76,102.0,Moderate
Bhopal,2020-04-09,0.56,14.11,7.8,104.0,Moderate
Bhopal,2020-04-10,0.61,13.17,8.8,100.0,Satisfactory
Bhopal,2020-04-11,0.67,13.81,9.97,98.0,Satisfactory
Bhopal,2020-04-12,0.49,16.76,12.68,99.0,Satisfactory
Bhopal,2020-04-13,0.61,15.22,11.52,95.0,Satisfactory
Bhopal,2020-04-14,0.68,15.61,11.2,106.0,Moderate
Bhopal,2020-04-15,0.66,14.94,9.08,104.0,Moderate
Bhopal,2020-04-16,0.8,14.93,13.67,109.0,Moderate
Bhopal,2020-04-17,0.76,14.78,11.17,111.0,Moderate
Bhopal,2020-04-18,0.79,19.32,12.85,120.0,Moderate
Bhopal,2020-04-19,0.59,16.18,8.33,110.0,Moderate
Bhopal,2020-04-20,0.75,14.59,11.96,130.0,Moderate
Bhopal,2020-04-21,0.64,16.0,9.89,118.0,Moderate
Bhopal,2020-04-22,0.69,15.4,12.98,117.0,Moderate
Bhopal,2020-04-23,0.79,15.13,11.31,122.0,Moderate
Bhopal,2020-04-24,0.57,15.21,10.04,110.0,Moderate
Bhopal,2020-04-25,0.4,11.98,9.76,118.0,Moderate
Bhopal,2020-04-26,0.48,12.77,9.74,126.0,Moderate
Bhopal,2020-04-27,0.47,18.78,11.61,121.0,Moderate
Bhopal,2020-04-28,0.47,14.99,11.29,111.0,Moderate
Bhopal,2020-04-29,0.73,17.23,16.1,159.0,Moderate
Bhopal,2020-04-30,0.55,15.8,12.18,127.0,Moderate
Bhopal,2020-05-01,0.43,14.71,11.74,102.0,Moderate
Bhopal,2020-05-02,0.44,11.53,9.25,103.0,Moderate
Bhopal,2020-05-03,0.35,10.71,6.16,82.0,Satisfactory
Bhopal,2020-05-04,0.46,17.68,8.81,104.0,Moderate
Bhopal,2020-05-05,0.36,14.14,7.98,109.0,Moderate
Bhopal,2020-05-06,0.48,12.35,11.61,114.0,Moderate
Bhopal,2020-05-07,0.35,11.48,9.92,96.0,Satisfactory
Bhopal,2020-05-08,0.44,10.24,11.32,103.0,Moderate
Bhopal,2020-05-09,0.34,9.55,7.07,95.0,Satisfactory
Bhopal,2020-05-10,0.34,12.12,7.37,99.0,Satisfactory
Bhopal,2020-05-11,0.28,14.69,8.68,127.0,Moderate
Bhopal,2020-05-12,0.49,15.3,11.92,109.0,Moderate
Bhopal,2020-05-13,0.48,14.51,12.17,116.0,Moderate
Bhopal,2020-05-14,0.44,17.97,13.25,107.0,Moderate
Bhopal,2020-05-15,0.47,16.36,13.19,110.0,Moderate
Bhopal,2020-05-16,0.46,14.69,12.37,112.0,Moderate
Bhopal,2020-05-17,0.37,15.0,9.67,117.0,Moderate
Bhopal,2020-05-18,0.46,13.96,9.83,98.0,Satisfactory
Bhopal,2020-05-19,0.38,9.94,9.55,128.0,Moderate
Bhopal,2020-05-20,0.36,7.75,10.15,115.0,Moderate
Bhopal,2020-05-21,0.45,9.79,9.55,135.0,Moderate
Bhopal,2020-05-22,0.38,9.36,8.39,92.0,Satisfactory
Bhopal,2020-05-23,0.32,8.61,5.42,89.0,Satisfactory
Bhopal,2020-05-24,0.27,7.82,4.25,71.0,Satisfactory
Bhopal,2020-05-25,0.3,7.94,4.44,56.0,Satisfactory
Bhopal,2020-05-26,0.28,7.61,4.83,80.0,Satisfactory
Bhopal,2020-05-27,0.32,9.85,5.98,98.0,Satisfactory
Bhopal,2020-05-28,0.3,10.6,5.46,111.0,Moderate
Bhopal,2020-05-29,0.33,12.14,5.82,110.0,Moderate
Bhopal,2020-05-30,0.33,11.91,5.49,116.0,Moderate
Bhopal,2020-05-31,0.4,12.83,6.19,134.0,Moderate
Bhopal,2020-06-01,0.41,11.5,6.88,120.0,Moderate
Bhopal,2020-06-02,0.39,12.08,6.58,89.0,Satisfactory
Bhopal,2020-06-03,0.42,12.48,7.38,64.0,Satisfactory
Bhopal,2020-06-04,0.43,17.92,9.12,75.0,Satisfactory
Bhopal,2020-06-05,0.44,15.93,9.09,70.0,Satisfactory
Bhopal,2020-06-06,0.43,16.63,11.56,66.0,Satisfactory
Bhopal,2020-06-07,0.42,17.14,9.51,78.0,Satisfactory
Bhopal,2020-06-08,0.43,15.18,9.41,76.0,Satisfactory
Bhopal,2020-06-09,0.52,14.8,9.24,73.0,Satisfactory
Bhopal,2020-06-10,0.52,17.39,12.02,68.0,Satisfactory
Bhopal,2020-06-11,0.63,17.99,14.5,65.0,Satisfactory
Bhopal,2020-06-12,0.65,19.28,12.35,79.0,Satisfactory
Bhopal,2020-06-13,0.71,19.94,13.89,67.0,Satisfactory
Bhopal,2020-06-14,0.58,21.49,9.29,67.0,Satisfactory
Bhopal,2020-06-15,0.59,18.88,10.12,84.0,Satisfactory
Bhopal,2020-06-16,0.49,17.27,12.29,90.0,Satisfactory
Bhopal,2020-06-17,0.46,16.9,13.45,87.0,Satisfactory
Bhopal,2020-06-18,0.58,15.78,15.27,86.0,Satisfactory
Bhopal,2020-06-19,0.94,13.28,19.92,81.0,Satisfactory
Bhopal,2020-06-20,0.87,17.78,9.81,72.0,Satisfactory
Bhopal,2020-06-21,0.47,27.57,9.01,59.0,Satisfactory
Bhopal,2020-06-22,0.54,17.01,11.02,67.0,Satisfactory
Bhopal,2020-06-23,0.55,16.08,9.46,52.0,Satisfactory
Bhopal,2020-06-24,0.56,14.6,11.66,64.0,Satisfactory
Bhopal,2020-06-25,0.62,14.01,10.96,55.0,Satisfactory
Bhopal,2020-06-26,0.64,15.39,12.46,60.0,Satisfactory
Bhopal,2020-06-27,0.48,12.86,7.55,66.0,Satisfactory
Bhopal,2020-06-28,0.41,12.56,5.54,55.0,Satisfactory
Bhopal,2020-06-29,0.46,12.8,8.22,56.0,Satisfactory
Bhopal,2020-06-30,0.5,11.19,9.17,59.0,Satisfactory
Bhopal,2020-07-01,0.35,8.05,5.12,69.0,Satisfactory
Brajrajnagar,2017-12-08,2.94,7.97,20.16,304.0,Very Poor
Brajrajnagar,2017-12-09,2.83,8.15,18.4,291.0,Poor
Brajrajnagar,2017-12-10,2.74,7.9,15.21,189.0,Moderate
Brajrajnagar,2017-12-13,2.78,8.9,18.47,320.0,Very Poor
Brajrajnagar,2017-12-14,2.76,9.13,17.77,319.0,Very Poor
Brajrajnagar,2017-12-15,2.7,8.88,16.99,302.0,Very Poor
Brajrajnagar,2017-12-16,2.58,8.54,15.96,267.0,Poor
Brajrajnagar,2017-12-17,2.45,8.03,17.33,191.0,Moderate
Brajrajnagar,2017-12-18,2.5,7.18,20.44,138.0,Moderate
Brajrajnagar,2017-12-19,2.78,6.96,12.24,155.0,Moderate
Brajrajnagar,2018-02-02,4.72,8.92,32.15,308.0,Very Poor
Brajrajnagar,2018-02-03,4.7,8.84,28.58,282.0,Poor
Brajrajnagar,2018-02-04,4.69,9.16,31.88,285.0,Poor
Brajrajnagar,2018-02-05,4.64,9.48,34.18,267.0,Poor
Brajrajnagar,2018-02-06,4.71,10.17,30.14,310.0,Very Poor
Brajrajnagar,2018-02-07,4.71,10.63,28.96,316.0,Very Poor
Brajrajnagar,2018-02-08,4.48,10.27,30.06,300.0,Poor
Brajrajnagar,2018-02-09,4.48,9.86,27.87,307.0,Very Poor
Brajrajnagar,2018-02-10,4.14,9.6,22.86,179.0,Moderate
Brajrajnagar,2018-02-11,4.1,9.13,25.21,160.0,Moderate
Brajrajnagar,2018-02-12,4.01,9.61,18.72,145.0,Moderate
Brajrajnagar,2018-02-13,3.89,8.96,16.69,125.0,Moderate
Brajrajnagar,2018-02-14,3.59,8.42,19.27,124.0,Moderate
Brajrajnagar,2018-02-15,3.62,8.89,22.3,127.0,Moderate
Brajrajnagar,2018-02-16,3.63,8.62,25.89,133.0,Moderate
Brajrajnagar,2018-02-17,3.7,9.2,24.54,191.0,Moderate
Brajrajnagar,2018-02-18,3.81,8.62,28.46,196.0,Moderate
Brajrajnagar,2018-02-19,3.96,9.47,27.13,303.0,Very Poor
Brajrajnagar,2018-02-20,3.95,10.31,27.57,302.0,Very Poor
Brajrajnagar,2018-02-21,3.84,10.98,23.06,214.0,Poor
Brajrajnagar,2018-02-22,3.86,10.39,30.18,176.0,Moderate
Brajrajnagar,2018-02-23,4.06,11.25,31.75,265.0,Poor
Brajrajnagar,2018-02-24,4.09,11.9,28.76,300.0,Poor
Brajrajnagar,2018-02-25,4.03,12.22,26.52,282.0,Poor
Brajrajnagar,2018-02-26,3.75,11.48,22.86,184.0,Moderate
Brajrajnagar,2018-02-27,3.88,12.9,23.43,175.0,Moderate
Brajrajnagar,2018-02-28,3.86,12.43,22.68,129.0,Moderate
Brajrajnagar,2018-03-01,4.04,13.25,24.04,194.0,Moderate
Brajrajnagar,2018-03-02,4.29,13.3,22.46,249.0,Poor
Brajrajnagar,2018-03-03,4.45,12.69,23.64,298.0,Poor
Brajrajnagar,2018-03-04,4.34,11.49,27.96,312.0,Very Poor
Brajrajnagar,2018-03-05,4.2,11.05,23.25,312.0,Very Poor
Brajrajnagar,2018-03-06,3.97,10.97,29.19,208.0,Poor
Brajrajnagar,2018-03-07,4.02,10.54,26.95,241.0,Poor
Brajrajnagar,2018-03-08,3.96,9.71,23.63,238.0,Poor
Brajrajnagar,2018-03-09,3.9,9.57,27.3,135.0,Moderate
Brajrajnagar,2018-03-10,4.26,9.98,29.92,301.0,Very Poor
Brajrajnagar,2018-03-11,4.53,10.58,31.32,316.0,Very Poor
Brajrajnagar,2018-03-12,4.45,10.63,34.54,355.0,Very Poor
Brajrajnagar,2018-03-13,4.36,9.8,33.82,325.0,Very Poor
Brajrajnagar,2018-03-14,4.43,9.69,34.85,325.0,Very Poor
Brajrajnagar,2018-03-15,4.6,10.56,36.86,341.0,Very Poor
Brajrajnagar,2018-03-16,4.06,11.91,28.08,245.0,Poor
Brajrajnagar,2018-03-17,3.93,11.94,20.09,149.0,Moderate
Brajrajnagar,2018-03-18,4.02,11.1,22.01,217.0,Poor
Brajrajnagar,2018-03-19,3.91,9.49,25.52,195.0,Moderate
Brajrajnagar,2018-03-20,4.07,9.25,31.84,237.0,Poor
Brajrajnagar,2018-03-21,4.44,10.39,35.15,321.0,Very Poor
Brajrajnagar,2018-03-22,3.99,10.33,27.66,243.0,Poor
Brajrajnagar,2018-03-23,4.17,10.07,30.11,246.0,Poor
Brajrajnagar,2018-03-24,4.17,9.65,29.53,247.0,Poor
Brajrajnagar,2018-03-25,4.14,9.72,29.35,232.0,Poor
Brajrajnagar,2018-03-26,4.19,9.11,31.82,272.0,Poor
Brajrajnagar,2018-03-27,4.62,10.59,33.92,296.0,Poor
Brajrajnagar,2018-03-28,4.49,11.78,34.86,334.0,Very Poor
Brajrajnagar,2018-03-29,4.61,11.13,35.24,337.0,Very Poor
Brajrajnagar,2018-03-30,4.77,11.23,37.39,345.0,Very Poor
Brajrajnagar,2018-03-31,4.42,11.29,27.23,284.0,Poor
Brajrajnagar,2018-04-01,4.08,10.25,18.43,210.0,Poor
Brajrajnagar,2018-04-02,3.92,10.02,19.97,125.0,Moderate
Brajrajnagar,2018-04-03,4.01,10.55,20.98,133.0,Moderate
Brajrajnagar,2018-04-04,4.0,10.33,20.27,180.0,Moderate
Brajrajnagar,2018-04-05,3.83,10.25,19.46,124.0,Moderate
Brajrajnagar,2018-04-06,3.72,9.16,18.32,123.0,Moderate
Brajrajnagar,2018-04-07,3.55,8.52,15.99,121.0,Moderate
Brajrajnagar,2018-04-08,3.51,7.77,17.02,120.0,Moderate
Brajrajnagar,2018-04-09,3.55,8.42,15.68,136.0,Moderate
Brajrajnagar,2018-04-10,3.43,7.86,15.28,118.0,Moderate
Brajrajnagar,2018-04-11,3.52,7.31,19.07,122.0,Moderate
Brajrajnagar,2018-04-12,3.42,7.61,17.65,131.0,Moderate
Brajrajnagar,2018-04-13,3.38,8.06,19.7,119.0,Moderate
Brajrajnagar,2018-04-14,3.43,8.97,17.41,165.0,Moderate
Brajrajnagar,2018-04-15,3.37,9.01,17.68,137.0,Moderate
Brajrajnagar,2018-04-16,3.35,8.93,21.15,128.0,Moderate
Brajrajnagar,2018-04-17,3.5,9.42,18.11,162.0,Moderate
Brajrajnagar,2018-04-18,3.47,9.26,21.17,120.0,Moderate
Brajrajnagar,2018-04-19,3.55,9.26,20.64,160.0,Moderate
Brajrajnagar,2018-04-20,3.59,10.35,18.25,226.0,Poor
Brajrajnagar,2018-04-21,3.28,9.72,19.72,120.0,Moderate
Brajrajnagar,2018-04-22,3.71,10.58,23.6,162.0,Moderate
Brajrajnagar,2018-04-23,3.34,10.0,19.53,152.0,Moderate
Brajrajnagar,2018-04-24,3.24,9.78,21.6,131.0,Moderate
Brajrajnagar,2018-04-25,3.38,9.89,23.62,149.0,Moderate
Brajrajnagar,2018-04-26,3.56,10.04,22.36,235.0,Poor
Brajrajnagar,2018-04-27,3.3,9.27,21.61,146.0,Moderate
Brajrajnagar,2018-04-28,3.23,8.81,14.32,125.0,Moderate
Brajrajnagar,2018-04-29,3.38,12.42,14.05,116.0,Moderate
Brajrajnagar,2018-05-01,3.54,14.5,14.82,118.0,Moderate
Brajrajnagar,2018-05-02,3.35,13.56,15.32,117.0,Moderate
Brajrajnagar,2018-05-03,3.13,11.3,15.28,115.0,Moderate
Brajrajnagar,2018-05-04,3.25,9.88,17.87,119.0,Moderate
Brajrajnagar,2018-05-05,3.32,9.21,21.58,124.0,Moderate
Brajrajnagar,2018-05-06,3.28,8.49,21.61,134.0,Moderate
Brajrajnagar,2018-05-07,3.19,7.6,18.02,139.0,Moderate
Brajrajnagar,2018-05-08,3.3,7.85,20.22,182.0,Moderate
Brajrajnagar,2018-05-09,2.7,7.61,22.49,141.0,Moderate
Brajrajnagar,2018-05-10,3.3,10.42,18.31,155.0,Moderate
Brajrajnagar,2018-05-11,3.18,10.84,16.7,132.0,Moderate
Brajrajnagar,2018-05-12,3.12,9.41,17.05,118.0,Moderate
Brajrajnagar,2018-05-13,3.17,8.51,18.72,119.0,Moderate
Brajrajnagar,2018-05-14,3.14,8.07,15.89,116.0,Moderate
Brajrajnagar,2018-05-15,3.17,7.52,16.05,116.0,Moderate
Brajrajnagar,2018-05-16,3.14,7.53,19.28,116.0,Moderate
Brajrajnagar,2018-05-17,3.06,7.14,16.64,116.0,Moderate
Brajrajnagar,2018-05-18,3.05,6.6,14.32,125.0,Moderate
Brajrajnagar,2018-05-19,3.08,6.37,16.37,114.0,Moderate
Brajrajnagar,2018-05-20,3.16,5.91,16.3,130.0,Moderate
Brajrajnagar,2018-05-21,3.03,5.78,14.56,113.0,Moderate
Brajrajnagar,2018-05-22,3.15,5.54,17.34,118.0,Moderate
Brajrajnagar,2018-05-23,3.15,5.25,13.41,154.0,Moderate
Brajrajnagar,2018-05-24,2.99,4.71,13.75,113.0,Moderate
Brajrajnagar,2018-05-25,2.97,4.48,14.46,113.0,Moderate
Brajrajnagar,2018-05-26,2.97,4.39,15.63,113.0,Moderate
Brajrajnagar,2018-05-27,2.92,4.07,15.91,112.0,Moderate
Brajrajnagar,2018-05-28,3.0,4.64,13.92,114.0,Moderate
Brajrajnagar,2018-05-29,2.99,4.95,10.94,114.0,Moderate
Brajrajnagar,2018-05-30,2.98,5.56,13.01,112.0,Moderate
Brajrajnagar,2018-05-31,2.96,6.58,11.19,113.0,Moderate
Brajrajnagar,2018-06-05,2.57,10.2,10.51,107.0,Moderate
Brajrajnagar,2018-06-06,2.38,15.1,11.86,105.0,Moderate
Brajrajnagar,2018-06-07,2.36,14.54,9.62,106.0,Moderate
Brajrajnagar,2018-06-08,2.45,16.14,10.25,106.0,Moderate
Brajrajnagar,2018-06-09,2.56,15.24,10.8,108.0,Moderate
Brajrajnagar,2018-06-10,2.63,12.38,9.87,111.0,Moderate
Brajrajnagar,2018-06-11,2.57,10.41,10.79,108.0,Moderate
Brajrajnagar,2018-06-12,2.47,8.92,9.42,107.0,Moderate
Brajrajnagar,2018-06-13,2.53,8.12,11.6,107.0,Moderate
Brajrajnagar,2018-06-14,2.57,7.62,13.62,109.0,Moderate
Brajrajnagar,2018-06-15,2.6,7.09,13.34,158.0,Moderate
Brajrajnagar,2018-06-16,2.62,6.86,16.61,217.0,Poor
Brajrajnagar,2018-06-17,2.74,6.58,16.06,167.0,Moderate
Brajrajnagar,2018-06-18,2.61,6.29,15.06,126.0,Moderate
Brajrajnagar,2018-06-19,2.51,6.0,13.27,108.0,Moderate
Brajrajnagar,2018-06-20,2.5,6.5,13.27,107.0,Moderate
Brajrajnagar,2018-06-21,2.54,7.47,12.19,110.0,Moderate
Brajrajnagar,2018-06-22,2.56,7.48,10.89,109.0,Moderate
Brajrajnagar,2018-06-23,2.56,7.0,12.48,108.0,Moderate
Brajrajnagar,2018-06-24,2.59,6.5,12.92,109.0,Moderate
Brajrajnagar,2018-06-25,2.5,5.92,12.35,108.0,Moderate
Brajrajnagar,2018-06-26,2.5,5.84,10.81,107.0,Moderate
Brajrajnagar,2018-06-27,2.57,5.69,8.51,108.0,Moderate
Brajrajnagar,2018-06-28,2.48,5.04,7.8,108.0,Moderate
Brajrajnagar,2018-06-29,2.52,5.0,9.4,107.0,Moderate
Brajrajnagar,2018-06-30,2.6,4.88,10.23,109.0,Moderate
Brajrajnagar,2018-07-01,2.68,5.0,11.47,111.0,Moderate
Brajrajnagar,2018-07-02,2.46,4.76,9.57,106.0,Moderate
Brajrajnagar,2018-07-03,2.71,5.24,11.42,111.0,Moderate
Brajrajnagar,2018-07-04,2.43,4.94,10.39,108.0,Moderate
Brajrajnagar,2018-07-05,2.14,4.76,11.38,103.0,Moderate
Brajrajnagar,2018-07-06,2.17,4.64,10.43,103.0,Moderate
Brajrajnagar,2018-07-07,2.27,4.76,10.53,104.0,Moderate
Brajrajnagar,2018-07-08,2.19,4.56,9.56,103.0,Moderate
Brajrajnagar,2018-07-09,2.14,4.38,9.23,102.0,Moderate
Brajrajnagar,2018-07-10,2.22,4.48,9.72,104.0,Moderate
Brajrajnagar,2018-07-11,2.3,4.37,9.99,104.0,Moderate
Brajrajnagar,2018-07-12,2.28,4.88,9.6,105.0,Moderate
Brajrajnagar,2018-07-13,2.27,6.46,9.26,105.0,Moderate
Brajrajnagar,2018-07-14,2.08,7.8,7.72,102.0,Moderate
Brajrajnagar,2018-07-15,2.0,7.3,5.59,101.0,Moderate
Brajrajnagar,2018-07-16,2.07,6.94,7.81,101.0,Moderate
Brajrajnagar,2018-07-17,2.22,6.69,8.66,104.0,Moderate
Brajrajnagar,2018-07-18,2.13,6.25,8.29,102.0,Moderate
Brajrajnagar,2018-07-19,2.14,5.82,10.79,103.0,Moderate
Brajrajnagar,2018-07-20,1.94,5.59,9.32,100.0,Satisfactory
Brajrajnagar,2018-07-21,0.37,5.13,8.89,71.0,Satisfactory
Brajrajnagar,2018-07-22,0.0,4.93,8.37,34.0,Good
Brajrajnagar,2018-07-23,0.0,5.05,8.59,29.0,Good
Brajrajnagar,2018-07-24,0.0,4.87,10.14,43.0,Good
Brajrajnagar,2018-07-25,0.0,4.56,9.71,56.0,Satisfactory
Brajrajnagar,2018-07-26,0.0,4.4,8.78,54.0,Satisfactory
Brajrajnagar,2018-07-27,0.0,4.43,8.66,52.0,Satisfactory
Brajrajnagar,2018-07-28,0.0,4.27,9.44,77.0,Satisfactory
Brajrajnagar,2018-07-29,0.0,4.31,8.22,73.0,Satisfactory
Brajrajnagar,2018-07-30,0.0,4.4,9.76,84.0,Satisfactory
Brajrajnagar,2018-07-31,0.0,4.57,9.41,85.0,Satisfactory
Brajrajnagar,2018-08-01,0.0,4.77,8.87,74.0,Satisfactory
Brajrajnagar,2018-08-02,0.0,4.52,10.24,73.0,Satisfactory
Brajrajnagar,2018-08-03,0.0,4.74,11.1,122.0,Moderate
Brajrajnagar,2018-08-04,0.0,4.67,9.83,151.0,Moderate
Brajrajnagar,2018-08-05,0.0,4.59,9.64,164.0,Moderate
Brajrajnagar,2018-08-06,0.0,4.78,7.82,109.0,Moderate
Brajrajnagar,2018-08-07,0.0,4.58,6.61,81.0,Satisfactory
Brajrajnagar,2018-08-08,0.0,4.51,7.62,31.0,Good
Brajrajnagar,2018-08-09,0.0,4.78,8.73,41.0,Good
Brajrajnagar,2018-08-10,0.0,4.77,8.93,68.0,Satisfactory
Brajrajnagar,2018-08-11,0.0,4.63,9.73,96.0,Satisfactory
Brajrajnagar,2018-08-12,0.0,4.36,8.53,89.0,Satisfactory
Brajrajnagar,2018-08-13,0.0,4.25,7.5,71.0,Satisfactory
Brajrajnagar,2018-08-14,0.0,4.23,6.45,54.0,Satisfactory
Brajrajnagar,2018-08-15,0.0,4.07,5.31,39.0,Good
Brajrajnagar,2018-08-16,0.0,3.92,7.31,22.0,Good
Brajrajnagar,2018-08-17,0.0,3.95,8.27,29.0,Good
Brajrajnagar,2018-08-18,0.0,3.95,7.62,54.0,Satisfactory
Brajrajnagar,2018-08-19,0.2,3.79,8.36,54.0,Satisfactory
Brajrajnagar,2018-08-20,0.16,4.01,7.01,82.0,Satisfactory
Brajrajnagar,2018-08-21,0.03,3.85,7.29,38.0,Good
Brajrajnagar,2018-08-22,0.31,3.86,7.17,79.0,Satisfactory
Brajrajnagar,2018-08-23,0.32,3.78,8.58,76.0,Satisfactory
Brajrajnagar,2018-08-24,0.1,4.37,9.2,75.0,Satisfactory
Brajrajnagar,2018-08-25,0.45,4.7,7.38,88.0,Satisfactory
Brajrajnagar,2018-08-26,0.13,4.67,6.03,70.0,Satisfactory
Brajrajnagar,2018-08-27,0.17,4.46,6.8,72.0,Satisfactory
Brajrajnagar,2018-08-28,0.14,4.56,7.04,63.0,Satisfactory
Brajrajnagar,2018-08-29,0.25,4.54,7.64,65.0,Satisfactory
Brajrajnagar,2018-08-30,0.02,4.5,7.08,82.0,Satisfactory
Brajrajnagar,2018-10-18,0.0,5.23,14.44,135.0,Moderate
Brajrajnagar,2018-10-19,0.0,5.32,13.22,133.0,Moderate
Brajrajnagar,2018-10-20,0.0,5.1,10.15,128.0,Moderate
Brajrajnagar,2018-10-21,0.0,4.86,10.66,112.0,Moderate
Brajrajnagar,2018-10-22,0.0,5.78,12.16,120.0,Moderate
Brajrajnagar,2018-10-23,0.9,7.09,10.61,112.0,Moderate
Brajrajnagar,2018-10-24,2.76,10.53,15.43,141.0,Moderate
Brajrajnagar,2018-10-25,0.34,16.29,19.83,107.0,Moderate
Brajrajnagar,2018-10-26,0.31,24.21,17.1,110.0,Moderate
Brajrajnagar,2018-10-27,0.29,19.82,20.64,103.0,Moderate
Brajrajnagar,2018-10-28,0.45,17.22,20.31,112.0,Moderate
Brajrajnagar,2018-10-29,0.49,15.95,21.39,100.0,Satisfactory
Brajrajnagar,2018-10-30,0.48,18.64,27.27,99.0,Satisfactory
Brajrajnagar,2018-10-31,0.41,19.24,18.61,79.0,Satisfactory
Brajrajnagar,2018-11-01,0.45,16.21,18.96,59.0,Satisfactory
Brajrajnagar,2018-11-02,0.49,14.44,22.23,101.0,Moderate
Brajrajnagar,2018-11-03,0.55,13.21,19.93,165.0,Moderate
Brajrajnagar,2018-11-04,0.57,12.17,24.11,130.0,Moderate
Brajrajnagar,2018-11-05,0.57,11.46,25.09,141.0,Moderate
Brajrajnagar,2018-11-06,0.6,11.32,28.78,171.0,Moderate
Brajrajnagar,2018-11-07,0.51,11.08,17.2,187.0,Moderate
Brajrajnagar,2018-11-08,0.53,11.23,22.22,305.0,Very Poor
Brajrajnagar,2018-11-09,0.61,13.6,22.49,279.0,Poor
Brajrajnagar,2018-11-10,0.7,14.29,24.57,213.0,Poor
Brajrajnagar,2018-11-11,0.79,13.05,25.77,231.0,Poor
Brajrajnagar,2018-11-12,0.85,12.58,23.48,222.0,Poor
Brajrajnagar,2018-11-13,0.85,11.97,23.18,194.0,Moderate
Brajrajnagar,2018-11-14,0.96,11.46,25.17,220.0,Poor
Brajrajnagar,2018-11-15,1.09,11.27,16.03,237.0,Poor
Brajrajnagar,2018-12-06,1.36,53.31,23.62,308.0,Very Poor
Brajrajnagar,2018-12-07,1.37,50.44,23.87,286.0,Poor
Brajrajnagar,2018-12-08,1.29,75.35,20.18,214.0,Poor
Brajrajnagar,2018-12-09,1.45,86.39,24.5,229.0,Poor
Brajrajnagar,2018-12-10,1.48,68.07,29.48,255.0,Poor
Brajrajnagar,2018-12-11,1.47,68.04,21.83,228.0,Poor
Brajrajnagar,2018-12-12,1.59,66.8,18.39,235.0,Poor
Brajrajnagar,2018-12-13,1.57,46.7,16.98,284.0,Poor
Brajrajnagar,2018-12-14,1.66,53.39,17.39,306.0,Very Poor
Brajrajnagar,2018-12-15,1.4,48.19,18.32,233.0,Poor
Brajrajnagar,2018-12-16,1.27,46.91,16.44,158.0,Moderate
Brajrajnagar,2018-12-17,1.21,46.53,12.82,94.0,Satisfactory
Brajrajnagar,2018-12-18,1.2,45.58,10.97,63.0,Satisfactory
Brajrajnagar,2018-12-19,1.5,45.3,11.31,111.0,Moderate
Brajrajnagar,2018-12-20,1.52,46.29,17.27,177.0,Moderate
Brajrajnagar,2018-12-21,1.54,41.28,18.41,228.0,Poor
Brajrajnagar,2018-12-22,1.5,47.86,16.85,224.0,Poor
Brajrajnagar,2018-12-23,1.51,33.79,19.9,192.0,Moderate
Brajrajnagar,2018-12-24,2.25,43.89,23.07,119.0,Moderate
Brajrajnagar,2018-12-25,2.27,45.27,22.17,227.0,Poor
Brajrajnagar,2018-12-26,2.36,44.23,23.12,240.0,Poor
Brajrajnagar,2018-12-27,2.4,40.39,21.17,238.0,Poor
Brajrajnagar,2018-12-28,2.3,51.14,25.65,178.0,Moderate
Brajrajnagar,2018-12-29,2.47,43.57,24.13,132.0,Moderate
Brajrajnagar,2018-12-30,2.46,47.48,24.46,200.0,Moderate
Brajrajnagar,2018-12-31,2.7,62.13,26.53,236.0,Poor
Brajrajnagar,2019-01-01,2.82,59.95,23.24,297.0,Poor
Brajrajnagar,2019-01-02,2.93,47.97,24.44,297.0,Poor
Brajrajnagar,2019-01-03,3.0,50.6,28.77,323.0,Very Poor
Brajrajnagar,2019-01-04,2.82,53.25,25.85,297.0,Poor
Brajrajnagar,2019-01-05,2.89,65.87,28.05,269.0,Poor
Brajrajnagar,2019-01-06,3.0,84.16,29.41,286.0,Poor
Brajrajnagar,2019-01-07,3.04,62.08,28.26,278.0,Poor
Brajrajnagar,2019-01-08,3.02,42.75,23.73,303.0,Very Poor
Brajrajnagar,2019-01-09,3.03,42.79,23.55,284.0,Poor
Brajrajnagar,2019-01-10,2.88,53.42,26.1,248.0,Poor
Brajrajnagar,2019-01-11,3.0,47.04,26.6,267.0,Poor
Brajrajnagar,2019-01-12,3.21,42.17,32.79,316.0,Very Poor
Brajrajnagar,2019-01-13,3.19,51.35,27.88,329.0,Very Poor
Brajrajnagar,2019-01-14,3.31,38.75,26.74,334.0,Very Poor
Brajrajnagar,2019-01-15,2.96,40.1,25.7,295.0,Poor
Brajrajnagar,2019-01-16,3.0,36.76,32.0,212.0,Poor
Brajrajnagar,2019-01-17,3.14,43.46,28.35,240.0,Poor
Brajrajnagar,2019-01-18,3.25,58.18,31.39,319.0,Very Poor
Brajrajnagar,2019-01-19,3.14,58.95,28.87,266.0,Poor
Brajrajnagar,2019-01-20,3.22,44.08,25.11,241.0,Poor
Brajrajnagar,2019-01-21,3.28,42.84,28.07,250.0,Poor
Brajrajnagar,2019-01-22,3.41,43.36,30.29,301.0,Very Poor
Brajrajnagar,2019-01-23,3.26,79.99,25.19,280.0,Poor
Brajrajnagar,2019-01-24,3.04,66.53,26.08,295.0,Poor
Brajrajnagar,2019-01-25,3.19,45.27,23.19,270.0,Poor
Brajrajnagar,2019-01-26,3.01,41.3,18.37,126.0,Moderate
Brajrajnagar,2019-01-27,2.91,43.88,17.68,115.0,Moderate
Brajrajnagar,2019-01-28,3.2,44.76,15.64,199.0,Moderate
Brajrajnagar,2019-01-29,3.05,42.4,23.57,174.0,Moderate
Brajrajnagar,2019-01-30,3.12,40.63,23.45,128.0,Moderate
Brajrajnagar,2019-01-31,3.12,42.71,25.97,220.0,Poor
Brajrajnagar,2019-02-01,3.41,54.05,26.9,186.0,Moderate
Brajrajnagar,2019-02-02,3.4,88.66,28.08,283.0,Poor
Brajrajnagar,2019-02-03,3.46,97.03,27.22,275.0,Poor
Brajrajnagar,2019-02-04,3.38,76.88,26.51,246.0,Poor
Brajrajnagar,2019-02-05,3.57,34.35,28.31,268.0,Poor
Brajrajnagar,2019-02-06,3.48,42.57,28.41,293.0,Poor
Brajrajnagar,2019-02-07,3.35,39.77,23.73,295.0,Poor
Brajrajnagar,2019-02-08,3.3,33.08,22.47,250.0,Poor
Brajrajnagar,2019-02-09,3.04,39.83,20.24,130.0,Moderate
Brajrajnagar,2019-02-10,3.06,36.63,22.18,118.0,Moderate
Brajrajnagar,2019-02-11,3.15,34.29,28.39,138.0,Moderate
Brajrajnagar,2019-02-12,3.41,29.06,25.67,226.0,Poor
Brajrajnagar,2019-02-13,3.55,34.25,26.94,275.0,Poor
Brajrajnagar,2019-02-14,3.53,32.76,30.09,324.0,Very Poor
Brajrajnagar,2019-02-15,3.32,31.5,24.95,302.0,Very Poor
Brajrajnagar,2019-02-16,3.03,32.11,18.43,131.0,Moderate
Brajrajnagar,2019-02-17,3.32,32.26,20.57,121.0,Moderate
Brajrajnagar,2019-02-19,3.27,38.51,23.85,168.0,Moderate
Brajrajnagar,2019-02-20,3.18,42.06,19.86,231.0,Poor
Brajrajnagar,2019-02-21,3.08,40.49,24.69,179.0,Moderate
Brajrajnagar,2019-02-22,3.37,47.36,22.72,284.0,Poor
Brajrajnagar,2019-02-23,3.16,38.59,19.58,219.0,Poor
Brajrajnagar,2019-02-24,3.02,41.07,19.72,156.0,Moderate
Brajrajnagar,2019-02-25,3.0,36.36,21.38,180.0,Moderate
Brajrajnagar,2019-02-26,2.91,41.48,16.82,115.0,Moderate
Brajrajnagar,2019-02-27,2.95,38.28,16.87,117.0,Moderate
Brajrajnagar,2019-02-28,2.76,43.34,18.47,113.0,Moderate
Brajrajnagar,2019-03-01,2.65,52.69,20.32,112.0,Moderate
Brajrajnagar,2019-03-02,2.87,45.64,22.36,152.0,Moderate
Brajrajnagar,2019-03-03,3.02,37.46,21.02,277.0,Poor
Brajrajnagar,2019-03-04,2.98,47.43,17.57,216.0,Poor
Brajrajnagar,2019-03-05,2.94,42.47,16.64,185.0,Moderate
Brajrajnagar,2019-03-06,2.76,64.58,16.64,133.0,Moderate
Brajrajnagar,2019-03-07,2.78,85.5,19.47,128.0,Moderate
Brajrajnagar,2019-03-08,2.76,88.02,23.71,135.0,Moderate
Brajrajnagar,2019-03-09,2.78,85.46,26.05,157.0,Moderate
Brajrajnagar,2019-03-10,2.98,89.78,25.04,261.0,Poor
Brajrajnagar,2019-03-11,2.82,70.45,24.62,191.0,Moderate
Brajrajnagar,2019-03-12,3.0,46.77,21.91,239.0,Poor
Brajrajnagar,2019-03-13,3.2,43.34,18.74,197.0,Moderate
Brajrajnagar,2019-03-14,2.92,52.54,16.91,189.0,Moderate
Brajrajnagar,2019-03-15,2.81,67.92,16.38,113.0,Moderate
Brajrajnagar,2019-03-16,2.81,42.63,15.82,116.0,Moderate
Brajrajnagar,2019-03-17,2.87,51.72,17.86,248.0,Poor
Brajrajnagar,2019-03-18,2.78,40.52,15.87,114.0,Moderate
Brajrajnagar,2019-03-19,2.84,51.75,16.33,118.0,Moderate
Brajrajnagar,2019-03-20,2.93,60.66,16.48,185.0,Moderate
Brajrajnagar,2019-03-21,2.66,40.96,16.79,124.0,Moderate
Brajrajnagar,2019-03-22,2.82,34.96,15.26,113.0,Moderate
Brajrajnagar,2019-03-23,2.76,39.39,17.06,116.0,Moderate
Brajrajnagar,2019-03-24,2.88,45.13,22.36,201.0,Poor
Brajrajnagar,2019-03-25,3.05,42.99,24.06,296.0,Poor
Brajrajnagar,2019-03-26,2.97,39.09,24.53,276.0,Poor
Brajrajnagar,2019-03-27,2.7,42.17,21.75,143.0,Moderate
Brajrajnagar,2019-03-28,2.86,41.95,20.75,236.0,Poor
Brajrajnagar,2019-03-29,3.11,35.46,27.08,248.0,Poor
Brajrajnagar,2019-03-30,3.14,34.89,25.26,284.0,Poor
Brajrajnagar,2019-03-31,3.18,36.47,19.73,290.0,Poor
Brajrajnagar,2019-04-01,2.88,40.46,21.07,190.0,Moderate
Brajrajnagar,2019-04-02,3.01,37.9,23.94,193.0,Moderate
Brajrajnagar,2019-04-03,3.18,39.56,24.73,268.0,Poor
Brajrajnagar,2019-04-04,3.25,64.59,23.77,307.0,Very Poor
Brajrajnagar,2019-04-12,2.54,64.57,18.33,155.0,Moderate
Brajrajnagar,2019-04-13,2.21,102.72,19.06,131.0,Moderate
Brajrajnagar,2019-04-14,2.49,85.21,21.66,187.0,Moderate
Brajrajnagar,2019-04-15,2.92,78.67,25.89,247.0,Poor
Brajrajnagar,2019-04-20,2.38,30.66,16.05,106.0,Moderate
Brajrajnagar,2019-04-25,1.03,55.52,24.28,109.0,Moderate
Brajrajnagar,2019-04-26,2.13,49.01,21.97,116.0,Moderate
Brajrajnagar,2019-04-27,2.22,60.61,24.17,162.0,Moderate
Brajrajnagar,2019-04-28,2.36,74.68,24.32,210.0,Poor
Brajrajnagar,2019-04-29,2.56,89.8,28.24,255.0,Poor
Brajrajnagar,2019-04-30,1.48,60.71,16.61,108.0,Moderate
Brajrajnagar,2019-05-01,2.22,80.64,17.37,106.0,Moderate
Brajrajnagar,2019-05-02,2.18,64.38,13.59,105.0,Moderate
Brajrajnagar,2019-05-04,2.19,93.03,15.39,109.0,Moderate
Brajrajnagar,2019-05-09,1.41,77.06,27.54,192.0,Moderate
Brajrajnagar,2019-05-10,1.08,107.84,26.85,154.0,Moderate
Brajrajnagar,2019-05-12,1.53,54.54,22.14,130.0,Moderate
Brajrajnagar,2019-05-13,2.88,43.44,20.97,117.0,Moderate
Brajrajnagar,2019-05-14,1.19,34.93,22.48,120.0,Moderate
Brajrajnagar,2019-05-22,1.92,37.29,15.39,131.0,Moderate
Brajrajnagar,2019-05-23,1.92,28.21,21.23,114.0,Moderate
Brajrajnagar,2019-05-24,2.36,43.19,20.62,117.0,Moderate
Brajrajnagar,2019-05-25,3.17,38.61,23.41,124.0,Moderate
Brajrajnagar,2019-05-26,3.01,42.94,19.09,119.0,Moderate
Brajrajnagar,2019-05-27,3.17,41.92,20.3,136.0,Moderate
Brajrajnagar,2019-05-28,2.55,44.19,18.44,117.0,Moderate
Brajrajnagar,2019-05-29,0.02,1.56,3.01,84.0,Satisfactory
Brajrajnagar,2019-05-31,1.48,45.55,18.4,114.0,Moderate
Brajrajnagar,2019-06-02,3.12,39.86,19.75,116.0,Moderate
Brajrajnagar,2019-06-04,3.06,55.93,17.04,117.0,Moderate
Brajrajnagar,2019-06-05,2.17,41.06,23.39,117.0,Moderate
Brajrajnagar,2019-06-06,2.01,39.23,17.47,112.0,Moderate
Brajrajnagar,2019-06-07,2.92,36.09,16.16,115.0,Moderate
Brajrajnagar,2019-06-08,3.25,37.53,16.96,115.0,Moderate
Brajrajnagar,2019-06-09,0.89,40.24,14.56,107.0,Moderate
Brajrajnagar,2019-06-10,0.99,47.42,12.95,115.0,Moderate
Brajrajnagar,2019-06-12,1.36,39.73,14.67,105.0,Moderate
Brajrajnagar,2019-06-14,0.53,43.3,13.6,88.0,Satisfactory
Brajrajnagar,2019-06-15,0.57,40.64,10.29,91.0,Satisfactory
Brajrajnagar,2019-06-17,0.98,45.77,17.14,95.0,Satisfactory
Brajrajnagar,2019-06-18,1.81,29.81,12.38,97.0,Satisfactory
Brajrajnagar,2019-06-19,1.86,35.48,15.57,100.0,Satisfactory
Brajrajnagar,2019-06-20,1.4,29.71,14.19,94.0,Satisfactory
Brajrajnagar,2019-06-21,1.85,32.37,14.88,100.0,Satisfactory
Brajrajnagar,2019-06-22,1.91,28.07,12.2,101.0,Moderate
Brajrajnagar,2019-06-23,1.84,41.46,13.34,98.0,Satisfactory
Brajrajnagar,2019-06-24,1.91,32.12,13.5,101.0,Moderate
Brajrajnagar,2019-06-25,1.9,30.99,13.96,100.0,Satisfactory
Brajrajnagar,2019-06-26,1.42,39.04,15.9,95.0,Satisfactory
Brajrajnagar,2019-06-27,1.93,27.85,17.82,102.0,Moderate
Brajrajnagar,2019-06-28,1.35,33.67,12.44,100.0,Satisfactory
Brajrajnagar,2019-06-29,1.07,35.77,13.23,95.0,Satisfactory
Brajrajnagar,2019-06-30,1.98,28.25,8.11,102.0,Moderate
Brajrajnagar,2019-07-02,1.85,33.92,13.03,99.0,Satisfactory
Brajrajnagar,2019-07-03,1.88,23.06,11.52,99.0,Satisfactory
Brajrajnagar,2019-07-04,1.57,30.98,12.26,102.0,Moderate
Brajrajnagar,2019-07-06,1.88,40.55,11.29,100.0,Satisfactory
Brajrajnagar,2019-07-07,1.24,31.19,10.83,94.0,Satisfactory
Brajrajnagar,2019-07-08,1.04,43.58,17.95,66.0,Satisfactory
Brajrajnagar,2019-07-09,1.84,41.04,13.29,100.0,Satisfactory
Brajrajnagar,2019-07-11,1.87,39.82,12.06,98.0,Satisfactory
Brajrajnagar,2019-07-12,1.85,46.84,12.62,101.0,Moderate
Brajrajnagar,2019-07-13,1.97,28.92,12.05,102.0,Moderate
Brajrajnagar,2019-07-14,1.85,32.5,11.22,99.0,Satisfactory
Brajrajnagar,2019-07-15,1.81,36.06,11.43,98.0,Satisfactory
Brajrajnagar,2019-07-16,1.92,42.53,9.48,102.0,Moderate
Brajrajnagar,2019-07-17,1.78,62.99,11.45,98.0,Satisfactory
Brajrajnagar,2019-07-18,1.46,60.08,11.95,98.0,Satisfactory
Brajrajnagar,2019-07-19,1.02,58.23,11.38,80.0,Satisfactory
Brajrajnagar,2019-07-20,1.81,53.88,12.17,97.0,Satisfactory
Brajrajnagar,2019-07-21,0.88,34.8,8.74,93.0,Satisfactory
Brajrajnagar,2019-07-22,0.95,81.0,10.32,94.0,Satisfactory
Brajrajnagar,2019-07-23,1.42,69.31,11.74,99.0,Satisfactory
Brajrajnagar,2019-07-24,1.24,77.62,11.57,84.0,Satisfactory
Brajrajnagar,2019-07-25,1.79,59.27,7.52,98.0,Satisfactory
Brajrajnagar,2019-07-26,1.86,68.25,12.58,99.0,Satisfactory
Brajrajnagar,2019-07-27,0.91,66.61,11.4,95.0,Satisfactory
Brajrajnagar,2019-07-29,0.94,76.64,8.03,71.0,Satisfactory
Brajrajnagar,2019-07-30,1.75,85.38,8.65,96.0,Satisfactory
Brajrajnagar,2019-07-31,1.85,77.32,8.23,99.0,Satisfactory
Brajrajnagar,2019-08-01,1.98,73.54,8.21,103.0,Moderate
Brajrajnagar,2019-08-02,1.82,70.76,6.32,100.0,Satisfactory
Brajrajnagar,2019-08-03,1.91,61.12,6.54,100.0,Satisfactory
Brajrajnagar,2019-08-04,1.78,76.43,10.73,96.0,Satisfactory
Brajrajnagar,2019-08-07,1.85,194.46,7.87,101.0,Moderate
Brajrajnagar,2019-08-15,2.05,35.27,9.0,103.0,Moderate
Brajrajnagar,2019-08-16,1.54,44.61,7.5,103.0,Moderate
Brajrajnagar,2019-08-17,2.0,41.14,8.02,102.0,Moderate
Brajrajnagar,2019-08-18,1.97,57.49,9.02,107.0,Moderate
Brajrajnagar,2019-08-21,1.96,37.82,11.04,100.0,Satisfactory
Brajrajnagar,2019-08-22,1.83,45.64,9.97,101.0,Moderate
Brajrajnagar,2019-08-24,1.92,33.07,7.26,102.0,Moderate
Brajrajnagar,2019-08-25,1.92,39.33,9.04,102.0,Moderate
Brajrajnagar,2019-08-26,1.95,36.14,11.0,102.0,Moderate
Brajrajnagar,2019-08-27,2.02,36.61,10.09,102.0,Moderate
Brajrajnagar,2019-08-28,2.0,30.97,12.19,102.0,Moderate
Brajrajnagar,2019-08-29,1.96,33.42,10.28,103.0,Moderate
Brajrajnagar,2019-08-30,0.27,36.08,10.32,100.0,Satisfactory
Brajrajnagar,2019-09-01,1.11,27.0,11.29,97.0,Satisfactory
Brajrajnagar,2019-09-02,1.42,37.06,10.64,102.0,Moderate
Brajrajnagar,2019-09-04,1.05,14.25,8.07,81.0,Satisfactory
Brajrajnagar,2019-09-05,1.93,13.26,6.65,101.0,Moderate
Brajrajnagar,2019-09-06,1.92,40.63,6.16,102.0,Moderate
Brajrajnagar,2019-09-07,1.97,19.31,8.23,101.0,Moderate
Brajrajnagar,2019-09-08,0.62,10.75,14.09,70.0,Satisfactory
Brajrajnagar,2019-09-09,1.04,21.06,10.22,69.0,Satisfactory
Brajrajnagar,2019-09-10,1.95,19.29,11.43,102.0,Moderate
Brajrajnagar,2019-09-11,1.87,21.31,14.16,102.0,Moderate
Brajrajnagar,2019-09-12,1.69,28.09,10.69,97.0,Satisfactory
Brajrajnagar,2019-09-13,1.91,28.65,11.98,100.0,Satisfactory
Brajrajnagar,2019-09-14,1.92,44.38,11.07,102.0,Moderate
Brajrajnagar,2019-09-15,1.51,24.75,4.44,101.0,Moderate
Brajrajnagar,2019-09-16,1.72,19.32,11.01,102.0,Moderate
Brajrajnagar,2019-09-17,2.0,28.76,8.67,103.0,Moderate
Brajrajnagar,2019-09-18,1.98,43.87,7.12,102.0,Moderate
Brajrajnagar,2019-09-19,1.95,23.64,5.24,102.0,Moderate
Brajrajnagar,2019-09-20,1.99,17.66,10.74,102.0,Moderate
Brajrajnagar,2019-09-21,2.04,14.62,11.38,104.0,Moderate
Brajrajnagar,2019-09-22,1.84,34.4,8.73,103.0,Moderate
Brajrajnagar,2019-09-23,1.5,56.25,9.36,102.0,Moderate
Brajrajnagar,2019-09-25,1.24,24.06,4.85,91.0,Satisfactory
Brajrajnagar,2019-09-26,1.91,35.82,6.28,101.0,Moderate
Brajrajnagar,2019-09-27,2.01,17.85,5.87,102.0,Moderate
Brajrajnagar,2019-09-28,2.02,24.25,8.3,103.0,Moderate
Brajrajnagar,2019-09-29,1.9,42.83,13.28,102.0,Moderate
Brajrajnagar,2019-09-30,2.14,17.04,8.81,103.0,Moderate
Brajrajnagar,2019-10-01,2.17,13.64,8.45,104.0,Moderate
Brajrajnagar,2019-10-02,2.07,39.16,15.17,104.0,Moderate
Brajrajnagar,2019-10-03,2.03,55.34,10.3,103.0,Moderate
Brajrajnagar,2019-10-04,2.23,14.18,7.69,98.0,Satisfactory
Brajrajnagar,2019-10-05,2.17,44.98,8.36,105.0,Moderate
Brajrajnagar,2019-10-06,2.06,48.7,7.86,104.0,Moderate
Brajrajnagar,2019-10-07,2.09,25.96,9.91,103.0,Moderate
Brajrajnagar,2019-10-08,1.68,32.57,8.59,103.0,Moderate
Brajrajnagar,2019-10-09,1.6,41.56,11.6,103.0,Moderate
Brajrajnagar,2019-10-11,1.1,35.05,11.04,90.0,Satisfactory
Brajrajnagar,2019-10-12,2.02,34.73,10.42,104.0,Moderate
Brajrajnagar,2019-10-13,2.07,16.16,6.99,103.0,Moderate
Brajrajnagar,2019-10-14,1.62,38.89,6.33,103.0,Moderate
Brajrajnagar,2019-10-15,1.06,25.72,14.13,106.0,Moderate
Brajrajnagar,2019-10-16,2.12,12.14,6.34,116.0,Moderate
Brajrajnagar,2019-10-17,2.16,64.1,8.46,110.0,Moderate
Brajrajnagar,2019-10-18,1.81,28.3,9.1,106.0,Moderate
Brajrajnagar,2019-10-19,2.11,24.03,12.77,104.0,Moderate
Brajrajnagar,2019-10-20,1.72,18.82,6.08,104.0,Moderate
Brajrajnagar,2019-10-21,2.16,36.91,9.73,104.0,Moderate
Brajrajnagar,2019-10-22,2.23,78.49,8.53,105.0,Moderate
Brajrajnagar,2019-10-23,2.17,44.52,11.54,105.0,Moderate
Brajrajnagar,2019-10-24,2.03,58.88,8.4,104.0,Moderate
Brajrajnagar,2019-10-25,2.04,75.86,7.08,104.0,Moderate
Brajrajnagar,2019-10-26,2.15,76.68,11.56,104.0,Moderate
Brajrajnagar,2019-10-27,1.88,86.49,5.35,103.0,Moderate
Brajrajnagar,2019-11-01,2.31,92.17,10.87,179.0,Moderate
Brajrajnagar,2019-11-02,2.38,53.26,13.3,188.0,Moderate
Brajrajnagar,2019-11-03,2.13,16.78,6.59,146.0,Moderate
Brajrajnagar,2019-11-04,0.8,19.89,11.95,236.0,Poor
Brajrajnagar,2019-11-05,1.4,73.66,8.22,222.0,Poor
Brajrajnagar,2019-11-06,1.41,72.47,8.78,200.0,Moderate
Brajrajnagar,2019-11-07,0.52,63.28,14.19,174.0,Moderate
Brajrajnagar,2019-11-08,0.6,66.83,12.46,141.0,Moderate
Brajrajnagar,2019-11-09,0.63,95.05,11.79,122.0,Moderate
Brajrajnagar,2019-11-10,0.31,49.2,3.84,99.0,Satisfactory
Brajrajnagar,2019-11-11,0.47,58.82,18.7,102.0,Moderate
Brajrajnagar,2019-11-12,0.62,95.68,11.75,115.0,Moderate
Brajrajnagar,2019-11-13,0.64,78.69,13.4,126.0,Moderate
Brajrajnagar,2019-11-14,0.7,70.67,16.54,123.0,Moderate
Brajrajnagar,2019-11-15,0.74,44.48,20.33,125.0,Moderate
Brajrajnagar,2019-11-16,0.78,83.14,15.26,113.0,Moderate
Brajrajnagar,2019-11-17,0.39,53.02,13.89,126.0,Moderate
Brajrajnagar,2019-11-18,0.49,48.33,18.41,184.0,Moderate
Brajrajnagar,2019-11-19,0.87,46.11,13.95,133.0,Moderate
Brajrajnagar,2019-11-20,0.88,31.81,11.63,120.0,Moderate
Brajrajnagar,2019-11-21,0.89,29.51,10.03,131.0,Moderate
Brajrajnagar,2019-11-22,0.92,25.03,12.97,152.0,Moderate
Brajrajnagar,2019-11-23,0.96,51.87,9.92,211.0,Poor
Brajrajnagar,2019-11-24,0.97,60.72,6.85,156.0,Moderate
Brajrajnagar,2019-11-26,0.81,88.0,9.81,180.0,Moderate
Brajrajnagar,2019-11-27,1.02,76.09,11.19,185.0,Moderate
Brajrajnagar,2019-11-29,0.51,23.22,12.24,223.0,Poor
Brajrajnagar,2019-12-02,0.65,102.21,14.98,126.0,Moderate
Brajrajnagar,2019-12-03,1.17,88.16,13.2,129.0,Moderate
Brajrajnagar,2019-12-04,1.13,74.24,14.92,155.0,Moderate
Brajrajnagar,2019-12-05,0.85,36.29,15.09,111.0,Moderate
Brajrajnagar,2019-12-06,0.77,57.61,22.34,120.0,Moderate
Brajrajnagar,2019-12-07,0.81,52.69,19.15,128.0,Moderate
Brajrajnagar,2019-12-08,0.41,34.63,9.13,128.0,Moderate
Brajrajnagar,2019-12-09,0.44,82.98,25.04,140.0,Moderate
Brajrajnagar,2019-12-10,0.91,61.29,21.61,151.0,Moderate
Brajrajnagar,2019-12-11,1.08,76.34,17.7,220.0,Poor
Brajrajnagar,2019-12-12,1.01,51.93,13.86,290.0,Poor
Brajrajnagar,2019-12-13,0.63,79.46,15.87,157.0,Moderate
Brajrajnagar,2019-12-14,0.4,44.01,15.01,118.0,Moderate
Brajrajnagar,2019-12-17,0.57,60.35,16.74,98.0,Satisfactory
Brajrajnagar,2019-12-18,0.6,55.66,22.37,109.0,Moderate
Brajrajnagar,2019-12-19,0.57,55.18,17.32,88.0,Satisfactory
Brajrajnagar,2019-12-20,0.46,81.84,23.22,98.0,Satisfactory
Brajrajnagar,2019-12-21,0.94,82.58,17.85,126.0,Moderate
Brajrajnagar,2019-12-22,0.82,57.47,23.61,125.0,Moderate
Brajrajnagar,2019-12-23,0.87,63.05,20.22,108.0,Moderate
Brajrajnagar,2019-12-24,1.07,57.85,20.31,123.0,Moderate
Brajrajnagar,2019-12-25,1.26,91.85,14.67,257.0,Poor
Brajrajnagar,2019-12-26,1.19,68.74,13.52,255.0,Poor
Brajrajnagar,2019-12-27,0.82,62.38,11.35,199.0,Moderate
Brajrajnagar,2019-12-28,0.64,66.72,23.88,91.0,Satisfactory
Brajrajnagar,2019-12-29,0.82,58.43,26.01,111.0,Moderate
Brajrajnagar,2019-12-30,0.97,37.18,21.09,171.0,Moderate
Brajrajnagar,2019-12-31,1.1,60.47,24.51,118.0,Moderate
Brajrajnagar,2020-01-01,1.19,54.21,18.45,114.0,Moderate
Brajrajnagar,2020-01-02,1.26,42.02,13.58,69.0,Satisfactory
Brajrajnagar,2020-01-03,1.33,43.59,15.66,70.0,Satisfactory
Brajrajnagar,2020-01-04,1.33,68.52,12.74,77.0,Satisfactory
Brajrajnagar,2020-01-05,1.45,67.9,9.65,128.0,Moderate
Brajrajnagar,2020-01-06,1.45,70.72,15.99,108.0,Moderate
Brajrajnagar,2020-01-07,1.48,59.3,21.59,115.0,Moderate
Brajrajnagar,2020-01-08,1.54,54.19,16.87,146.0,Moderate
Brajrajnagar,2020-01-09,1.52,40.28,10.8,112.0,Moderate
Brajrajnagar,2020-01-10,1.14,42.93,15.1,166.0,Moderate
Brajrajnagar,2020-01-15,0.82,106.47,26.74,296.0,Poor
Brajrajnagar,2020-01-16,0.84,85.38,20.64,285.0,Poor
Brajrajnagar,2020-01-17,0.86,73.69,25.34,250.0,Poor
Brajrajnagar,2020-01-18,0.85,62.42,15.4,188.0,Moderate
Brajrajnagar,2020-01-19,0.89,82.41,17.0,206.0,Poor
Brajrajnagar,2020-01-20,0.87,89.04,22.11,160.0,Moderate
Brajrajnagar,2020-01-21,0.87,82.8,31.01,146.0,Moderate
Brajrajnagar,2020-01-22,0.87,91.79,19.5,210.0,Poor
Brajrajnagar,2020-01-23,0.9,83.71,14.01,259.0,Poor
Brajrajnagar,2020-01-24,0.54,83.67,17.51,160.0,Moderate
Brajrajnagar,2020-01-27,0.39,43.44,22.61,112.0,Moderate
Brajrajnagar,2020-01-28,0.88,47.77,21.22,139.0,Moderate
Brajrajnagar,2020-01-29,0.89,42.98,13.72,189.0,Moderate
Brajrajnagar,2020-01-30,0.87,47.55,12.47,137.0,Moderate
Brajrajnagar,2020-01-31,0.89,43.41,21.69,103.0,Moderate
Brajrajnagar,2020-02-01,0.85,46.7,16.45,116.0,Moderate
Brajrajnagar,2020-02-02,0.89,62.71,20.67,119.0,Moderate
Brajrajnagar,2020-02-04,0.88,54.56,24.04,191.0,Moderate
Brajrajnagar,2020-02-05,0.84,65.64,17.13,118.0,Moderate
Brajrajnagar,2020-02-06,0.5,70.44,12.53,127.0,Moderate
Brajrajnagar,2020-02-07,0.01,58.31,15.17,126.0,Moderate
Brajrajnagar,2020-02-08,0.01,50.78,17.31,97.0,Satisfactory
Brajrajnagar,2020-02-09,0.01,34.57,16.09,98.0,Satisfactory
Brajrajnagar,2020-02-10,0.02,53.95,19.61,129.0,Moderate
Brajrajnagar,2020-02-11,0.04,84.27,19.31,155.0,Moderate
Brajrajnagar,2020-02-12,0.04,78.86,28.99,174.0,Moderate
Brajrajnagar,2020-02-13,0.05,52.49,27.35,177.0,Moderate
Brajrajnagar,2020-02-14,0.03,68.98,19.21,157.0,Moderate
Brajrajnagar,2020-02-15,0.01,72.85,26.35,162.0,Moderate
Brajrajnagar,2020-02-16,0.01,56.52,22.37,118.0,Moderate
Brajrajnagar,2020-02-17,0.02,72.84,23.73,119.0,Moderate
Brajrajnagar,2020-02-18,0.02,117.44,22.93,136.0,Moderate
Brajrajnagar,2020-02-19,0.04,80.09,28.87,141.0,Moderate
Brajrajnagar,2020-02-20,0.04,95.52,23.77,172.0,Moderate
Brajrajnagar,2020-02-21,0.05,50.76,20.87,168.0,Moderate
Brajrajnagar,2020-02-22,0.05,95.81,23.05,140.0,Moderate
Brajrajnagar,2020-02-23,0.05,71.07,21.41,233.0,Poor
Brajrajnagar,2020-02-25,0.05,85.95,14.46,82.0,Satisfactory
Brajrajnagar,2020-02-26,0.04,91.61,15.66,67.0,Satisfactory
Brajrajnagar,2020-02-27,0.03,75.76,19.35,108.0,Moderate
Brajrajnagar,2020-02-28,0.01,77.43,18.13,94.0,Satisfactory
Brajrajnagar,2020-03-03,0.03,78.26,20.74,199.0,Moderate
Brajrajnagar,2020-03-04,0.05,99.3,18.0,83.0,Satisfactory
Brajrajnagar,2020-03-05,0.04,98.3,17.88,60.0,Satisfactory
Brajrajnagar,2020-03-06,0.03,69.7,17.94,46.0,Good
Brajrajnagar,2020-03-07,0.01,85.27,12.39,51.0,Satisfactory
Brajrajnagar,2020-03-08,0.01,113.55,8.87,44.0,Good
Brajrajnagar,2020-03-09,0.07,111.94,14.48,91.0,Satisfactory
Brajrajnagar,2020-03-10,0.26,85.45,18.54,66.0,Satisfactory
Brajrajnagar,2020-03-18,0.3,14.11,3.13,161.0,Moderate
Brajrajnagar,2020-03-19,0.3,16.6,4.77,141.0,Moderate
Brajrajnagar,2020-03-25,0.3,12.56,4.66,169.0,Moderate
Brajrajnagar,2020-03-26,0.3,12.7,2.92,145.0,Moderate
Brajrajnagar,2020-03-27,0.3,13.55,3.5,156.0,Moderate
Brajrajnagar,2020-05-31,0.66,3.19,0.49,73.0,Satisfactory
Brajrajnagar,2020-06-02,0.57,3.23,0.52,131.0,Moderate
Brajrajnagar,2020-06-09,0.64,3.03,0.53,132.0,Moderate
Chandigarh,2019-09-03,0.79,0.88,4.71,93.0,Satisfactory
Chandigarh,2019-09-04,0.93,1.68,9.83,96.0,Satisfactory
Chandigarh,2019-09-05,0.58,1.11,4.9,77.0,Satisfactory
Chandigarh,2019-09-07,0.78,1.7,3.73,84.0,Satisfactory
Chandigarh,2019-09-08,0.49,1.53,3.06,88.0,Satisfactory
Chandigarh,2019-09-10,0.75,1.37,2.76,88.0,Satisfactory
Chandigarh,2019-09-11,0.75,1.34,3.08,107.0,Moderate
Chandigarh,2019-09-12,0.7,1.53,3.89,121.0,Moderate
Chandigarh,2019-09-13,0.49,1.09,5.34,90.0,Satisfactory
Chandigarh,2019-09-14,0.6,1.06,4.62,69.0,Satisfactory
Chandigarh,2019-09-15,0.55,1.25,2.62,68.0,Satisfactory
Chandigarh,2019-09-16,0.54,1.08,2.47,96.0,Satisfactory
Chandigarh,2019-09-17,0.64,1.17,2.77,102.0,Moderate
Chandigarh,2019-09-18,0.66,1.25,4.62,120.0,Moderate
Chandigarh,2019-09-19,0.65,1.37,3.3,88.0,Satisfactory
Chandigarh,2019-09-20,0.55,3.76,3.96,71.0,Satisfactory
Chandigarh,2019-09-21,0.53,5.9,7.2,69.0,Satisfactory
Chandigarh,2019-09-22,0.55,5.98,5.64,68.0,Satisfactory
Chandigarh,2019-09-23,0.51,5.94,4.55,59.0,Satisfactory
Chandigarh,2019-09-24,0.66,5.87,4.23,74.0,Satisfactory
Chandigarh,2019-09-25,0.73,5.97,6.56,102.0,Moderate
Chandigarh,2019-09-26,0.79,6.34,6.05,94.0,Satisfactory
Chandigarh,2019-09-27,0.83,6.51,5.25,80.0,Satisfactory
Chandigarh,2019-09-28,0.56,6.57,5.06,77.0,Satisfactory
Chandigarh,2019-09-29,0.5,6.1,3.31,48.0,Good
Chandigarh,2019-10-01,0.85,7.27,5.3,68.0,Satisfactory
Chandigarh,2019-10-02,0.54,6.2,5.38,58.0,Satisfactory
Chandigarh,2019-10-03,0.71,6.24,7.86,58.0,Satisfactory
Chandigarh,2019-10-04,0.46,5.76,8.1,74.0,Satisfactory
Chandigarh,2019-10-05,0.44,5.9,4.75,72.0,Satisfactory
Chandigarh,2019-10-06,0.49,6.01,4.05,83.0,Satisfactory
Chandigarh,2019-10-07,0.51,5.96,5.0,94.0,Satisfactory
Chandigarh,2019-10-08,0.61,5.99,4.64,106.0,Moderate
Chandigarh,2019-10-09,0.85,6.57,5.73,108.0,Moderate
Chandigarh,2019-10-10,0.74,6.21,6.53,117.0,Moderate
Chandigarh,2019-10-11,0.74,6.27,6.51,107.0,Moderate
Chandigarh,2019-10-12,0.72,6.25,5.64,107.0,Moderate
Chandigarh,2019-10-13,0.71,6.21,4.3,98.0,Satisfactory
Chandigarh,2019-10-14,0.83,6.31,6.28,135.0,Moderate
Chandigarh,2019-10-15,0.95,6.47,6.34,138.0,Moderate
Chandigarh,2019-10-16,1.0,6.62,6.6,158.0,Moderate
Chandigarh,2019-10-17,0.88,6.95,7.57,187.0,Moderate
Chandigarh,2019-10-18,0.61,6.42,5.93,122.0,Moderate
Chandigarh,2019-10-19,0.62,6.49,5.48,110.0,Moderate
Chandigarh,2019-10-20,0.59,6.04,5.4,105.0,Moderate
Chandigarh,2019-10-21,0.54,6.14,5.22,111.0,Moderate
Chandigarh,2019-10-22,0.54,6.15,4.3,108.0,Moderate
Chandigarh,2019-10-23,0.73,6.75,5.96,104.0,Moderate
Chandigarh,2019-10-24,0.91,7.01,7.38,110.0,Moderate
Chandigarh,2019-10-25,0.99,6.61,7.59,190.0,Moderate
Chandigarh,2019-10-26,0.82,6.22,6.84,231.0,Poor
Chandigarh,2019-10-27,0.73,7.79,16.3,253.0,Poor
Chandigarh,2019-10-28,0.82,27.94,13.6,335.0,Very Poor
Chandigarh,2019-10-29,1.29,40.84,19.43,268.0,Poor
Chandigarh,2019-10-30,1.01,22.6,11.43,270.0,Poor
Chandigarh,2019-10-31,0.99,12.73,10.06,262.0,Poor
Chandigarh,2019-11-01,0.89,12.82,13.46,270.0,Poor
Chandigarh,2019-11-02,1.02,19.21,11.76,297.0,Poor
Chandigarh,2019-11-03,0.98,5.93,8.11,283.0,Poor
Chandigarh,2019-11-04,0.69,4.2,6.33,322.0,Very Poor
Chandigarh,2019-11-05,0.54,6.12,6.08,148.0,Moderate
Chandigarh,2019-11-06,1.02,17.58,7.78,117.0,Moderate
Chandigarh,2019-11-07,0.79,17.99,9.68,100.0,Satisfactory
Chandigarh,2019-11-08,0.74,7.29,8.67,82.0,Satisfactory
Chandigarh,2019-11-15,0.85,1.0,17.22,245.0,Poor
Chandigarh,2019-11-16,0.5,0.7,10.68,165.0,Moderate
Chandigarh,2019-11-17,0.42,0.65,9.85,94.0,Satisfactory
Chandigarh,2019-11-18,0.67,6.43,25.44,87.0,Satisfactory
Chandigarh,2019-11-23,0.53,9.59,17.06,256.0,Poor
Chandigarh,2019-11-24,0.45,5.0,18.03,107.0,Moderate
Chandigarh,2019-11-25,0.87,5.0,51.27,80.0,Satisfactory
Chandigarh,2019-11-26,0.84,5.0,48.98,111.0,Moderate
Chandigarh,2019-11-27,0.85,5.0,52.22,88.0,Satisfactory
Chandigarh,2019-11-28,0.85,5.0,29.43,100.0,Satisfactory
Chandigarh,2019-11-29,0.88,5.0,8.06,95.0,Satisfactory
Chandigarh,2019-11-30,0.77,5.0,10.22,92.0,Satisfactory
Chandigarh,2019-12-01,0.73,5.0,12.28,107.0,Moderate
Chandigarh,2019-12-02,0.61,5.0,11.11,122.0,Moderate
Chandigarh,2019-12-03,0.77,5.0,15.46,166.0,Moderate
Chandigarh,2019-12-04,1.3,24.2,13.5,199.0,Moderate
Chandigarh,2019-12-05,1.25,35.57,5.08,204.0,Poor
Chandigarh,2019-12-06,0.96,44.06,10.6,186.0,Moderate
Chandigarh,2019-12-07,1.0,49.26,12.89,139.0,Moderate
Chandigarh,2019-12-08,0.87,40.21,14.4,142.0,Moderate
Chandigarh,2019-12-09,0.92,36.14,21.94,157.0,Moderate
Chandigarh,2019-12-10,0.86,35.75,20.88,218.0,Poor
Chandigarh,2019-12-11,1.06,45.27,21.97,211.0,Poor
Chandigarh,2019-12-12,1.01,47.58,23.28,307.0,Very Poor
Chandigarh,2019-12-13,0.4,46.26,14.69,115.0,Moderate
Chandigarh,2019-12-14,0.48,57.1,14.96,44.0,Good
Chandigarh,2019-12-15,0.51,43.62,11.3,70.0,Satisfactory
Chandigarh,2019-12-16,0.53,31.34,10.15,69.0,Satisfactory
Chandigarh,2019-12-17,0.53,37.32,12.21,89.0,Satisfactory
Chandigarh,2019-12-18,0.62,33.79,11.18,95.0,Satisfactory
Chandigarh,2019-12-19,0.66,33.11,14.2,149.0,Moderate
Chandigarh,2019-12-20,0.8,42.05,14.95,204.0,Poor
Chandigarh,2019-12-21,0.8,40.98,11.44,199.0,Moderate
Chandigarh,2019-12-22,0.62,36.8,11.25,101.0,Moderate
Chandigarh,2019-12-23,0.66,40.76,12.09,80.0,Satisfactory
Chandigarh,2019-12-24,0.72,36.41,13.21,110.0,Moderate
Chandigarh,2019-12-25,0.49,26.09,9.79,96.0,Satisfactory
Chandigarh,2019-12-26,0.49,22.17,10.41,69.0,Satisfactory
Chandigarh,2019-12-27,0.58,25.4,14.23,97.0,Satisfactory
Chandigarh,2019-12-28,0.69,25.82,11.78,127.0,Moderate
Chandigarh,2019-12-29,0.77,24.38,12.41,149.0,Moderate
Chandigarh,2019-12-30,1.04,26.86,16.28,102.0,Moderate
Chandigarh,2019-12-31,1.24,24.95,14.74,206.0,Poor
Chandigarh,2020-01-01,1.11,24.73,15.96,132.0,Moderate
Chandigarh,2020-01-02,0.97,29.29,13.18,109.0,Moderate
Chandigarh,2020-01-03,0.93,46.37,11.14,102.0,Moderate
Chandigarh,2020-01-04,0.84,45.85,13.16,100.0,Satisfactory
Chandigarh,2020-01-05,0.64,35.98,13.63,109.0,Moderate
Chandigarh,2020-01-06,0.57,38.35,12.04,85.0,Satisfactory
Chandigarh,2020-01-07,0.79,39.27,11.69,56.0,Satisfactory
Chandigarh,2020-01-08,0.61,38.98,9.94,48.0,Good
Chandigarh,2020-01-09,0.44,35.22,11.19,49.0,Good
Chandigarh,2020-01-10,0.5,33.56,11.61,58.0,Satisfactory
Chandigarh,2020-01-11,0.76,24.35,15.57,80.0,Satisfactory
Chandigarh,2020-01-12,0.92,24.83,17.6,123.0,Moderate
Chandigarh,2020-01-13,0.88,29.22,15.63,170.0,Moderate
Chandigarh,2020-01-14,0.69,33.17,9.24,88.0,Satisfactory
Chandigarh,2020-01-15,0.68,31.7,12.03,77.0,Satisfactory
Chandigarh,2020-01-16,0.67,29.08,11.91,80.0,Satisfactory
Chandigarh,2020-01-17,0.75,41.64,10.91,85.0,Satisfactory
Chandigarh,2020-01-18,0.69,47.37,11.8,110.0,Moderate
Chandigarh,2020-01-19,0.78,35.94,11.33,112.0,Moderate
Chandigarh,2020-01-20,0.96,42.26,13.64,93.0,Satisfactory
Chandigarh,2020-01-21,1.03,43.79,16.84,136.0,Moderate
Chandigarh,2020-01-22,0.73,48.99,12.43,112.0,Moderate
Chandigarh,2020-01-23,0.43,50.54,10.72,73.0,Satisfactory
Chandigarh,2020-01-24,0.54,48.75,13.16,75.0,Satisfactory
Chandigarh,2020-01-25,1.03,35.96,13.38,99.0,Satisfactory
Chandigarh,2020-01-26,0.9,32.77,14.09,117.0,Moderate
Chandigarh,2020-01-27,0.98,36.16,18.67,93.0,Satisfactory
Chandigarh,2020-01-28,0.64,70.87,17.71,142.0,Moderate
Chandigarh,2020-01-29,0.51,65.83,16.39,72.0,Satisfactory
Chandigarh,2020-01-30,0.46,52.34,11.56,76.0,Satisfactory
Chandigarh,2020-01-31,0.6,68.76,12.56,55.0,Satisfactory
Chandigarh,2020-02-01,0.82,79.53,15.01,95.0,Satisfactory
Chandigarh,2020-02-02,0.57,52.13,12.5,75.0,Satisfactory
Chandigarh,2020-02-03,0.76,48.4,14.34,95.0,Satisfactory
Chandigarh,2020-02-04,0.87,45.63,16.22,113.0,Moderate
Chandigarh,2020-02-05,0.5,41.06,11.9,98.0,Satisfactory
Chandigarh,2020-02-06,0.71,51.85,13.75,83.0,Satisfactory
Chandigarh,2020-02-07,0.82,52.94,17.65,102.0,Moderate
Chandigarh,2020-02-08,0.67,37.51,15.27,91.0,Satisfactory
Chandigarh,2020-02-09,0.82,24.01,19.65,101.0,Moderate
Chandigarh,2020-02-10,0.89,26.54,18.27,109.0,Moderate
Chandigarh,2020-02-11,0.85,34.43,17.75,109.0,Moderate
Chandigarh,2020-02-12,0.65,32.97,15.96,110.0,Moderate
Chandigarh,2020-02-13,0.59,33.61,14.52,102.0,Moderate
Chandigarh,2020-02-14,0.49,36.75,13.63,94.0,Satisfactory
Chandigarh,2020-02-15,0.56,36.5,14.94,94.0,Satisfactory
Chandigarh,2020-02-16,0.68,30.26,18.43,99.0,Satisfactory
Chandigarh,2020-02-17,0.61,29.55,17.18,88.0,Satisfactory
Chandigarh,2020-02-18,0.66,50.52,17.63,94.0,Satisfactory
Chandigarh,2020-02-19,1.0,47.46,23.78,124.0,Moderate
Chandigarh,2020-02-20,0.66,51.36,22.32,114.0,Moderate
Chandigarh,2020-02-21,0.58,51.13,19.61,72.0,Satisfactory
Chandigarh,2020-02-22,0.61,56.93,16.27,50.0,Good
Chandigarh,2020-02-23,0.67,54.07,16.68,64.0,Satisfactory
Chandigarh,2020-02-24,0.54,57.43,14.65,61.0,Satisfactory
Chandigarh,2020-02-25,0.65,53.71,17.82,78.0,Satisfactory
Chandigarh,2020-02-26,0.91,42.06,21.72,83.0,Satisfactory
Chandigarh,2020-02-27,1.03,44.13,22.96,112.0,Moderate
Chandigarh,2020-02-28,0.79,60.86,19.63,112.0,Moderate
Chandigarh,2020-02-29,0.63,59.45,19.64,86.0,Satisfactory
Chandigarh,2020-03-01,0.7,51.59,19.34,62.0,Satisfactory
Chandigarh,2020-03-02,0.72,51.7,19.91,66.0,Satisfactory
Chandigarh,2020-03-03,0.6,66.95,16.91,82.0,Satisfactory
Chandigarh,2020-03-04,0.77,68.95,21.84,97.0,Satisfactory
Chandigarh,2020-03-05,0.52,58.7,21.44,86.0,Satisfactory
Chandigarh,2020-03-06,0.4,58.92,17.43,49.0,Good
Chandigarh,2020-03-07,0.57,59.19,12.2,35.0,Good
Chandigarh,2020-03-08,0.66,55.11,14.69,62.0,Satisfactory
Chandigarh,2020-03-09,0.38,54.32,13.26,47.0,Good
Chandigarh,2020-03-10,0.6,64.07,18.13,69.0,Satisfactory
Chandigarh,2020-03-11,0.63,63.51,20.98,74.0,Satisfactory
Chandigarh,2020-03-12,0.54,69.07,19.73,49.0,Good
Chandigarh,2020-03-13,0.46,69.88,18.04,50.0,Good
Chandigarh,2020-03-14,0.38,69.21,12.29,29.0,Good
Chandigarh,2020-03-15,0.46,82.11,9.66,30.0,Good
Chandigarh,2020-03-16,0.47,87.95,9.14,56.0,Satisfactory
Chandigarh,2020-03-17,0.5,100.35,8.04,77.0,Satisfactory
Chandigarh,2020-03-18,0.56,79.79,8.72,79.0,Satisfactory
Chandigarh,2020-03-19,0.66,75.59,11.22,85.0,Satisfactory
Chandigarh,2020-03-20,0.76,75.77,12.79,79.0,Satisfactory
Chandigarh,2020-03-21,0.71,72.55,12.43,76.0,Satisfactory
Chandigarh,2020-03-22,0.53,60.29,9.7,62.0,Satisfactory
Chandigarh,2020-03-23,0.54,53.38,10.02,39.0,Good
Chandigarh,2020-03-24,0.5,50.69,9.91,36.0,Good
Chandigarh,2020-03-25,0.52,42.77,8.88,35.0,Good
Chandigarh,2020-03-26,0.5,41.23,8.79,39.0,Good
Chandigarh,2020-03-27,0.5,40.12,9.17,40.0,Good
Chandigarh,2020-03-28,0.38,34.53,9.4,26.0,Good
Chandigarh,2020-03-29,0.3,41.67,9.31,30.0,Good
Chandigarh,2020-03-30,0.38,48.87,10.05,38.0,Good
Chandigarh,2020-03-31,0.49,43.04,10.85,34.0,Good
Chandigarh,2020-04-01,0.4,39.2,10.86,32.0,Good
Chandigarh,2020-04-02,0.39,34.46,9.8,34.0,Good
Chandigarh,2020-04-03,0.39,32.8,11.26,33.0,Good
Chandigarh,2020-04-04,0.46,32.37,11.97,34.0,Good
Chandigarh,2020-04-05,0.54,33.74,13.07,35.0,Good
Chandigarh,2020-04-06,0.41,46.0,10.91,41.0,Good
Chandigarh,2020-04-07,0.38,49.62,9.63,45.0,Good
Chandigarh,2020-04-08,0.42,40.9,11.89,38.0,Good
Chandigarh,2020-04-09,0.5,39.61,12.34,35.0,Good
Chandigarh,2020-04-10,0.47,36.11,11.89,36.0,Good
Chandigarh,2020-04-11,0.53,34.48,11.66,42.0,Good
Chandigarh,2020-04-12,0.51,33.38,10.16,46.0,Good
Chandigarh,2020-04-13,0.54,31.33,10.72,45.0,Good
Chandigarh,2020-04-14,0.57,29.25,11.69,56.0,Satisfactory
Chandigarh,2020-04-15,0.49,23.31,11.23,71.0,Satisfactory
Chandigarh,2020-04-16,0.59,24.21,11.04,74.0,Satisfactory
Chandigarh,2020-04-18,0.37,28.06,10.35,55.0,Satisfactory
Chandigarh,2020-04-19,0.41,28.76,10.47,39.0,Good
Chandigarh,2020-04-20,0.57,31.13,11.89,34.0,Good
Chandigarh,2020-04-21,0.47,46.36,13.35,37.0,Good
Chandigarh,2020-04-22,0.58,43.25,12.47,41.0,Good
Chandigarh,2020-04-23,0.59,34.79,12.3,50.0,Good
Chandigarh,2020-04-24,0.6,31.08,13.2,57.0,Satisfactory
Chandigarh,2020-04-25,0.57,28.7,11.93,63.0,Satisfactory
Chandigarh,2020-04-26,0.53,27.13,12.06,51.0,Satisfactory
Chandigarh,2020-04-27,0.53,27.6,12.76,35.0,Good
Chandigarh,2020-04-28,0.45,37.29,13.24,40.0,Good
Chandigarh,2020-04-29,0.59,49.89,12.76,40.0,Good
Chandigarh,2020-04-30,0.56,34.73,10.33,54.0,Satisfactory
Chandigarh,2020-05-01,0.54,30.38,11.59,60.0,Satisfactory
Chandigarh,2020-05-02,0.45,26.22,9.84,64.0,Satisfactory
Chandigarh,2020-05-03,0.45,27.53,8.65,66.0,Satisfactory
Chandigarh,2020-05-04,0.51,26.5,11.69,50.0,Good
Chandigarh,2020-05-05,0.48,30.81,13.03,52.0,Satisfactory
Chandigarh,2020-05-06,0.46,30.09,12.43,60.0,Satisfactory
Chandigarh,2020-05-07,0.59,25.12,12.5,56.0,Satisfactory
Chandigarh,2020-05-08,0.64,24.59,13.77,64.0,Satisfactory
Chandigarh,2020-05-09,0.61,26.61,13.92,74.0,Satisfactory
Chandigarh,2020-05-10,0.67,33.88,12.1,77.0,Satisfactory
Chandigarh,2020-05-11,0.51,30.1,13.19,92.0,Satisfactory
Chandigarh,2020-05-12,0.49,30.08,13.43,62.0,Satisfactory
Chandigarh,2020-05-13,0.71,35.92,16.16,66.0,Satisfactory
Chandigarh,2020-05-14,0.64,42.09,11.53,81.0,Satisfactory
Chandigarh,2020-05-15,0.41,43.37,11.65,63.0,Satisfactory
Chandigarh,2020-05-16,0.58,41.37,12.38,60.0,Satisfactory
Chandigarh,2020-05-17,0.62,33.61,14.01,64.0,Satisfactory
Chandigarh,2020-05-18,0.59,35.06,13.04,65.0,Satisfactory
Chandigarh,2020-05-19,0.48,46.44,15.7,66.0,Satisfactory
Chandigarh,2020-05-20,0.5,9.7,4.12,60.0,Satisfactory
Chandigarh,2020-05-21,0.6,17.87,3.97,82.0,Satisfactory
Chandigarh,2020-05-22,0.67,25.39,4.31,116.0,Moderate
Chandigarh,2020-05-23,0.56,25.6,4.15,130.0,Moderate
Chandigarh,2020-05-24,0.45,25.25,4.5,104.0,Moderate
Chandigarh,2020-05-25,0.45,24.84,4.43,91.0,Satisfactory
Chandigarh,2020-05-26,0.38,26.85,4.14,97.0,Satisfactory
Chandigarh,2020-05-27,0.38,30.73,5.67,107.0,Moderate
Chandigarh,2020-05-28,0.42,30.12,7.07,98.0,Satisfactory
Chandigarh,2020-05-29,0.55,29.9,6.59,77.0,Satisfactory
Chandigarh,2020-05-30,0.48,30.48,5.34,48.0,Good
Chandigarh,2020-05-31,0.68,31.62,5.43,46.0,Good
Chandigarh,2020-06-01,0.49,30.59,5.11,56.0,Satisfactory
Chandigarh,2020-06-02,0.32,32.86,5.02,57.0,Satisfactory
Chandigarh,2020-06-03,0.2,24.7,9.17,67.0,Satisfactory
Chandigarh,2020-06-04,0.2,33.3,10.16,72.0,Satisfactory
Chandigarh,2020-06-05,0.23,41.79,9.52,54.0,Satisfactory
Chandigarh,2020-06-06,0.29,41.78,8.37,50.0,Good
Chandigarh,2020-06-07,0.3,40.41,14.64,53.0,Satisfactory
Chandigarh,2020-06-08,0.3,42.23,14.96,61.0,Satisfactory
Chandigarh,2020-06-09,0.29,39.71,11.05,63.0,Satisfactory
Chandigarh,2020-06-10,0.32,35.08,12.04,72.0,Satisfactory
Chandigarh,2020-06-11,0.3,28.25,10.68,78.0,Satisfactory
Chandigarh,2020-06-12,0.31,25.72,8.16,87.0,Satisfactory
Chandigarh,2020-06-13,0.3,26.65,11.6,85.0,Satisfactory
Chandigarh,2020-06-14,0.3,24.39,8.43,71.0,Satisfactory
Chandigarh,2020-06-15,0.31,22.38,6.21,73.0,Satisfactory
Chandigarh,2020-06-16,0.3,28.18,11.63,73.0,Satisfactory
Chandigarh,2020-06-17,0.31,27.7,7.87,72.0,Satisfactory
Chandigarh,2020-06-18,0.31,28.94,8.61,72.0,Satisfactory
Chandigarh,2020-06-19,0.31,35.9,8.53,82.0,Satisfactory
Chandigarh,2020-06-20,0.3,49.79,9.83,58.0,Satisfactory
Chandigarh,2020-06-21,0.28,35.05,9.1,76.0,Satisfactory
Chandigarh,2020-06-22,0.3,28.91,9.25,61.0,Satisfactory
Chandigarh,2020-06-23,0.29,26.43,7.69,53.0,Satisfactory
Chandigarh,2020-06-24,0.3,26.44,8.58,38.0,Good
Chandigarh,2020-06-25,0.3,25.67,6.87,37.0,Good
Chandigarh,2020-06-26,0.31,29.16,7.4,68.0,Satisfactory
Chandigarh,2020-06-27,0.3,46.74,6.79,79.0,Satisfactory
Chandigarh,2020-06-28,0.29,44.84,7.21,73.0,Satisfactory
Chandigarh,2020-06-29,0.3,59.2,8.57,83.0,Satisfactory
Chandigarh,2020-06-30,0.3,47.19,7.36,71.0,Satisfactory
Chandigarh,2020-07-01,0.33,36.63,9.87,66.0,Satisfactory
Chennai,2015-03-24,0.93,9.68,112.29,333.0,Very Poor
Chennai,2015-03-26,1.41,10.91,31.79,318.0,Very Poor
Chennai,2015-03-27,1.27,11.51,50.12,408.0,Severe
Chennai,2015-03-28,2.21,10.97,38.75,448.0,Severe
Chennai,2015-03-31,1.23,11.41,46.48,312.0,Very Poor
Chennai,2015-04-01,1.33,10.04,36.98,289.0,Poor
Chennai,2015-04-02,1.08,11.53,38.34,206.0,Poor
Chennai,2015-04-03,1.21,10.17,35.32,248.0,Poor
Chennai,2015-04-05,1.14,12.33,26.79,302.0,Very Poor
Chennai,2015-04-06,3.42,12.35,16.84,193.0,Moderate
Chennai,2015-04-07,7.69,10.95,18.16,151.0,Moderate
Chennai,2015-04-08,1.1,10.83,17.07,137.0,Moderate
Chennai,2015-04-09,5.14,12.76,16.79,208.0,Poor
Chennai,2015-04-10,6.35,10.7,16.3,172.0,Moderate
Chennai,2015-04-11,1.57,11.54,16.81,149.0,Moderate
Chennai,2015-04-12,1.13,11.58,17.27,157.0,Moderate
Chennai,2015-04-13,5.69,9.86,20.43,242.0,Poor
Chennai,2015-04-14,1.02,10.79,18.6,205.0,Poor
Chennai,2015-04-15,3.87,9.6,18.34,245.0,Poor
Chennai,2015-04-16,6.25,9.91,19.6,244.0,Poor
Chennai,2015-04-17,1.02,9.81,22.18,152.0,Moderate
Chennai,2015-04-18,0.98,10.07,22.69,152.0,Moderate
Chennai,2015-04-19,0.92,10.46,29.45,148.0,Moderate
Chennai,2015-04-20,1.06,10.33,69.16,149.0,Moderate
Chennai,2015-04-21,1.13,9.97,37.66,158.0,Moderate
Chennai,2015-04-22,0.92,10.47,25.18,145.0,Moderate
Chennai,2015-04-23,2.44,13.36,41.89,142.0,Moderate
Chennai,2015-04-24,5.53,12.32,39.33,180.0,Moderate
Chennai,2015-04-25,10.28,11.38,35.63,130.0,Moderate
Chennai,2015-04-26,10.92,10.85,36.72,102.0,Moderate
Chennai,2015-04-27,12.02,15.0,26.61,113.0,Moderate
Chennai,2015-04-28,13.1,13.97,45.19,136.0,Moderate
Chennai,2015-04-29,8.02,14.0,49.3,130.0,Moderate
Chennai,2015-04-30,4.31,18.24,58.18,115.0,Moderate
Chennai,2015-05-01,10.29,16.77,19.39,108.0,Moderate
Chennai,2015-05-02,9.7,20.97,37.2,139.0,Moderate
Chennai,2015-05-03,6.09,16.24,34.41,140.0,Moderate
Chennai,2015-05-04,8.1,16.06,16.92,100.0,Satisfactory
Chennai,2015-05-05,5.16,14.54,22.34,107.0,Moderate
Chennai,2015-05-06,7.07,14.63,16.92,124.0,Moderate
Chennai,2015-05-07,1.72,18.01,20.94,130.0,Moderate
Chennai,2015-05-08,9.48,23.82,24.85,201.0,Poor
Chennai,2015-05-09,5.22,32.5,25.94,126.0,Moderate
Chennai,2015-05-10,2.05,19.91,29.04,153.0,Moderate
Chennai,2015-05-11,2.73,17.07,33.32,176.0,Moderate
Chennai,2015-05-12,1.8,18.78,43.83,146.0,Moderate
Chennai,2015-05-13,1.95,17.5,22.81,208.0,Poor
Chennai,2015-05-14,2.47,27.53,23.93,285.0,Poor
Chennai,2015-05-15,1.6,53.13,20.05,178.0,Moderate
Chennai,2015-05-16,2.47,56.05,19.7,209.0,Poor
Chennai,2015-05-17,3.12,50.22,19.21,201.0,Poor
Chennai,2015-05-18,2.46,58.39,19.56,196.0,Moderate
Chennai,2015-05-19,4.75,55.27,49.11,156.0,Moderate
Chennai,2015-05-20,6.45,52.02,16.44,135.0,Moderate
Chennai,2015-05-21,2.56,53.87,16.72,197.0,Moderate
Chennai,2015-05-22,3.13,51.63,16.47,200.0,Moderate
Chennai,2015-05-23,2.23,55.21,17.24,166.0,Moderate
Chennai,2015-05-24,1.91,54.03,17.43,148.0,Moderate
Chennai,2015-05-25,2.7,58.32,17.14,177.0,Moderate
Chennai,2015-05-26,2.91,52.12,15.58,235.0,Poor
Chennai,2015-05-27,4.16,56.9,16.33,277.0,Poor
Chennai,2015-05-28,3.18,53.36,20.24,221.0,Poor
Chennai,2015-05-29,1.45,58.98,21.32,204.0,Poor
Chennai,2015-05-30,2.12,52.25,25.74,206.0,Poor
Chennai,2015-05-31,1.43,55.9,29.99,211.0,Poor
Chennai,2015-06-01,1.56,53.25,14.97,216.0,Poor
Chennai,2015-06-02,2.51,54.95,14.35,220.0,Poor
Chennai,2015-06-03,1.44,58.26,16.12,203.0,Poor
Chennai,2015-06-04,1.51,57.97,15.66,207.0,Poor
Chennai,2015-06-05,1.48,53.98,16.64,200.0,Moderate
Chennai,2015-06-06,1.53,55.75,15.47,125.0,Moderate
Chennai,2015-06-07,2.02,52.11,15.4,150.0,Moderate
Chennai,2015-06-08,1.57,53.63,15.86,119.0,Moderate
Chennai,2015-06-09,1.85,50.27,15.26,121.0,Moderate
Chennai,2015-06-10,2.68,57.02,15.22,144.0,Moderate
Chennai,2015-06-11,1.87,54.34,15.13,117.0,Moderate
Chennai,2015-06-12,1.88,52.24,15.08,121.0,Moderate
Chennai,2015-06-13,1.9,57.06,15.31,118.0,Moderate
Chennai,2015-06-14,1.89,57.11,15.4,117.0,Moderate
Chennai,2015-06-15,2.73,52.87,14.98,165.0,Moderate
Chennai,2015-06-16,1.85,53.49,13.37,118.0,Moderate
Chennai,2015-06-17,1.97,54.26,12.39,120.0,Moderate
Chennai,2015-06-18,1.89,55.0,11.22,114.0,Moderate
Chennai,2015-06-19,2.67,56.56,14.6,155.0,Moderate
Chennai,2015-06-20,2.25,58.34,15.23,158.0,Moderate
Chennai,2015-06-21,1.89,57.83,15.88,118.0,Moderate
Chennai,2015-06-22,2.93,55.43,17.51,152.0,Moderate
Chennai,2015-06-23,2.3,52.18,16.15,181.0,Moderate
Chennai,2015-06-24,2.33,51.31,16.31,167.0,Moderate
Chennai,2015-06-25,2.43,49.56,19.42,158.0,Moderate
Chennai,2015-06-26,2.71,63.57,17.22,147.0,Moderate
Chennai,2015-06-27,2.33,48.26,15.11,149.0,Moderate
Chennai,2015-06-28,2.04,56.33,17.59,157.0,Moderate
Chennai,2015-06-29,2.04,55.49,17.75,157.0,Moderate
Chennai,2015-06-30,2.32,49.23,17.68,172.0,Moderate
Chennai,2015-07-01,2.59,53.46,20.08,201.0,Poor
Chennai,2015-07-02,1.8,50.73,20.66,169.0,Moderate
Chennai,2015-07-03,7.39,56.63,21.36,186.0,Moderate
Chennai,2015-07-04,20.62,52.85,17.94,290.0,Poor
Chennai,2015-07-05,2.19,54.4,20.14,193.0,Moderate
Chennai,2015-07-06,1.84,50.38,20.02,164.0,Moderate
Chennai,2015-07-07,2.22,52.81,20.37,187.0,Moderate
Chennai,2015-07-08,1.99,58.71,19.66,160.0,Moderate
Chennai,2015-07-09,2.76,46.24,13.66,207.0,Poor
Chennai,2015-07-10,1.89,52.64,14.72,169.0,Moderate
Chennai,2015-07-11,8.49,62.36,19.45,208.0,Poor
Chennai,2015-07-12,8.59,52.0,20.32,230.0,Poor
Chennai,2015-07-13,1.89,47.1,19.39,146.0,Moderate
Chennai,2015-07-14,2.54,50.93,20.42,188.0,Moderate
Chennai,2015-07-15,2.26,46.66,17.26,191.0,Moderate
Chennai,2015-07-16,2.39,47.76,18.65,189.0,Moderate
Chennai,2015-07-17,2.13,48.22,18.59,154.0,Moderate
Chennai,2015-07-18,2.63,45.27,19.18,190.0,Moderate
Chennai,2015-07-19,1.47,59.74,19.23,104.0,Moderate
Chennai,2015-07-20,2.31,46.58,18.96,132.0,Moderate
Chennai,2015-07-21,1.58,46.58,18.58,100.0,Satisfactory
Chennai,2015-07-22,1.4,47.49,18.89,126.0,Moderate
Chennai,2015-07-23,2.61,42.63,26.1,141.0,Moderate
Chennai,2015-07-24,1.93,42.14,18.19,210.0,Poor
Chennai,2015-07-25,1.43,48.95,20.33,102.0,Moderate
Chennai,2015-07-26,1.31,50.64,19.16,92.0,Satisfactory
Chennai,2015-07-27,2.16,44.13,18.92,123.0,Moderate
Chennai,2015-07-28,1.56,45.49,18.75,143.0,Moderate
Chennai,2015-07-29,2.43,35.66,19.44,144.0,Moderate
Chennai,2015-07-30,2.28,39.93,19.47,141.0,Moderate
Chennai,2015-07-31,1.79,41.61,19.64,106.0,Moderate
Chennai,2015-08-01,4.08,42.88,29.71,195.0,Moderate
Chennai,2015-08-02,2.12,44.0,15.44,194.0,Moderate
Chennai,2015-08-03,1.56,39.68,14.52,98.0,Satisfactory
Chennai,2015-08-04,1.33,33.16,15.17,120.0,Moderate
Chennai,2015-08-05,1.41,46.45,16.22,112.0,Moderate
Chennai,2015-08-06,2.89,41.35,14.74,189.0,Moderate
Chennai,2015-08-07,1.27,40.63,14.52,100.0,Satisfactory
Chennai,2015-08-08,2.56,39.26,15.11,145.0,Moderate
Chennai,2015-08-09,1.35,43.36,15.08,123.0,Moderate
Chennai,2015-08-10,1.11,35.22,14.92,96.0,Satisfactory
Chennai,2015-08-11,1.02,36.74,15.12,96.0,Satisfactory
Chennai,2015-08-12,1.06,44.64,14.57,106.0,Moderate
Chennai,2015-08-13,1.17,36.34,14.41,102.0,Moderate
Chennai,2015-08-14,1.42,39.0,15.55,121.0,Moderate
Chennai,2015-08-15,1.02,34.65,14.77,96.0,Satisfactory
Chennai,2015-08-16,1.0,32.92,16.06,111.0,Moderate
Chennai,2015-08-17,1.35,32.13,15.16,129.0,Moderate
Chennai,2015-08-18,1.26,37.0,16.15,106.0,Moderate
Chennai,2015-08-19,1.19,35.64,15.61,123.0,Moderate
Chennai,2015-08-20,1.78,41.66,19.19,176.0,Moderate
Chennai,2015-08-21,1.15,40.55,13.87,91.0,Satisfactory
Chennai,2015-08-22,4.88,44.2,14.15,165.0,Moderate
Chennai,2015-08-23,1.12,52.02,14.71,108.0,Moderate
Chennai,2015-08-24,1.95,40.25,14.15,119.0,Moderate
Chennai,2015-08-25,1.48,33.69,13.55,98.0,Satisfactory
Chennai,2015-08-26,1.24,25.41,13.23,100.0,Satisfactory
Chennai,2015-08-27,1.94,25.89,12.82,127.0,Moderate
Chennai,2015-08-28,1.54,28.32,13.19,100.0,Satisfactory
Chennai,2015-08-29,2.19,26.79,14.18,146.0,Moderate
Chennai,2015-08-30,1.54,24.53,16.1,112.0,Moderate
Chennai,2015-08-31,1.43,23.7,15.66,97.0,Satisfactory
Chennai,2015-09-01,1.21,26.38,16.34,88.0,Satisfactory
Chennai,2015-09-02,4.7,24.6,16.66,163.0,Moderate
Chennai,2015-09-03,1.99,23.58,17.24,99.0,Satisfactory
Chennai,2015-09-04,1.92,23.47,17.1,106.0,Moderate
Chennai,2015-09-05,2.01,27.06,16.9,83.0,Satisfactory
Chennai,2015-09-06,1.68,23.63,17.03,82.0,Satisfactory
Chennai,2015-09-07,1.75,23.09,17.3,107.0,Moderate
Chennai,2015-09-08,1.47,26.37,17.24,86.0,Satisfactory
Chennai,2015-09-09,1.61,26.56,16.89,88.0,Satisfactory
Chennai,2015-09-10,2.16,25.26,17.02,148.0,Moderate
Chennai,2015-09-11,1.54,29.07,15.04,79.0,Satisfactory
Chennai,2015-09-12,1.39,23.77,14.96,82.0,Satisfactory
Chennai,2015-09-13,1.32,24.6,15.72,79.0,Satisfactory
Chennai,2015-09-14,1.84,23.52,15.18,128.0,Moderate
Chennai,2015-09-15,1.03,24.65,14.0,77.0,Satisfactory
Chennai,2015-09-16,1.0,22.52,12.96,74.0,Satisfactory
Chennai,2015-09-17,0.96,23.18,10.69,70.0,Satisfactory
Chennai,2015-09-18,2.1,23.56,10.45,116.0,Moderate
Chennai,2015-09-19,0.82,24.9,10.47,77.0,Satisfactory
Chennai,2015-09-20,2.93,25.08,10.48,197.0,Moderate
Chennai,2015-09-21,2.95,23.36,10.76,214.0,Poor
Chennai,2015-09-22,1.72,24.32,11.93,121.0,Moderate
Chennai,2015-09-23,1.31,25.1,10.81,84.0,Satisfactory
Chennai,2015-09-24,1.74,24.19,10.01,131.0,Moderate
Chennai,2015-09-25,2.19,23.73,10.75,153.0,Moderate
Chennai,2015-09-26,1.79,23.06,9.7,171.0,Moderate
Chennai,2015-09-27,1.02,25.37,10.03,165.0,Moderate
Chennai,2015-09-28,1.89,23.16,10.08,176.0,Moderate
Chennai,2015-09-29,4.41,24.47,10.47,224.0,Poor
Chennai,2015-09-30,1.89,25.7,10.73,154.0,Moderate
Chennai,2015-10-01,2.76,22.48,11.77,188.0,Moderate
Chennai,2015-10-02,1.77,23.43,10.78,135.0,Moderate
Chennai,2015-10-03,0.81,24.93,12.94,84.0,Satisfactory
Chennai,2015-10-04,1.14,23.82,15.21,107.0,Moderate
Chennai,2015-10-05,0.65,29.51,13.7,89.0,Satisfactory
Chennai,2015-10-06,2.18,22.41,10.87,136.0,Moderate
Chennai,2015-10-07,1.18,22.99,11.79,94.0,Satisfactory
Chennai,2015-10-08,1.2,22.45,12.98,82.0,Satisfactory
Chennai,2015-10-09,1.37,23.68,12.68,86.0,Satisfactory
Chennai,2015-10-10,1.72,24.42,12.52,107.0,Moderate
Chennai,2015-10-11,2.62,23.82,12.94,165.0,Moderate
Chennai,2015-10-12,1.88,24.01,13.16,150.0,Moderate
Chennai,2015-10-13,2.61,25.89,21.5,203.0,Poor
Chennai,2015-10-14,2.08,25.37,22.21,263.0,Poor
Chennai,2015-10-15,1.75,25.85,22.35,196.0,Moderate
Chennai,2015-10-16,1.61,27.06,15.46,156.0,Moderate
Chennai,2015-10-17,1.75,23.99,14.19,147.0,Moderate
Chennai,2015-10-18,1.05,29.5,13.58,109.0,Moderate
Chennai,2015-10-19,2.02,25.99,12.4,121.0,Moderate
Chennai,2015-10-20,1.14,29.24,12.9,83.0,Satisfactory
Chennai,2015-10-22,1.6,74.89,13.2,133.0,Moderate
Chennai,2015-10-23,3.21,66.35,20.88,238.0,Poor
Chennai,2015-10-24,1.64,65.37,12.53,175.0,Moderate
Chennai,2015-10-25,1.28,73.15,12.27,136.0,Moderate
Chennai,2015-10-26,0.98,71.95,12.05,130.0,Moderate
Chennai,2015-10-27,0.88,73.0,13.79,128.0,Moderate
Chennai,2015-10-28,1.1,77.18,11.71,136.0,Moderate
Chennai,2015-10-29,0.91,67.45,12.9,125.0,Moderate
Chennai,2015-10-30,1.04,58.32,10.92,113.0,Moderate
Chennai,2015-10-31,2.56,67.74,9.93,195.0,Moderate
Chennai,2015-11-01,2.6,64.13,10.76,174.0,Moderate
Chennai,2015-11-02,1.34,56.08,11.73,142.0,Moderate
Chennai,2015-11-03,1.34,65.03,13.78,122.0,Moderate
Chennai,2015-11-04,2.03,60.9,13.77,135.0,Moderate
Chennai,2015-11-05,1.81,67.74,15.87,128.0,Moderate
Chennai,2015-11-06,4.34,53.83,23.81,204.0,Poor
Chennai,2015-11-07,1.55,142.84,18.91,132.0,Moderate
Chennai,2015-11-08,1.71,129.91,16.0,154.0,Moderate
Chennai,2015-11-09,1.91,210.06,13.02,119.0,Moderate
Chennai,2015-11-10,1.17,46.22,13.89,117.0,Moderate
Chennai,2015-11-11,1.4,186.57,15.85,183.0,Moderate
Chennai,2015-11-12,1.27,197.29,15.41,100.0,Satisfactory
Chennai,2015-11-13,1.38,176.1,14.79,106.0,Moderate
Chennai,2015-11-14,1.2,210.23,14.72,132.0,Moderate
Chennai,2015-11-15,1.09,124.02,13.89,122.0,Moderate
Chennai,2015-11-16,1.62,128.37,12.65,105.0,Moderate
Chennai,2015-11-17,1.48,148.89,12.88,133.0,Moderate
Chennai,2015-11-18,1.38,145.71,13.25,98.0,Satisfactory
Chennai,2015-11-19,1.52,64.36,11.68,98.0,Satisfactory
Chennai,2015-11-20,1.34,5.61,9.19,89.0,Satisfactory
Chennai,2015-11-21,1.16,12.4,8.59,87.0,Satisfactory
Chennai,2015-11-22,1.81,135.17,7.91,126.0,Moderate
Chennai,2015-11-23,1.24,142.9,7.74,90.0,Satisfactory
Chennai,2015-11-24,1.29,81.89,8.34,93.0,Satisfactory
Chennai,2015-11-25,1.19,130.64,8.2,96.0,Satisfactory
Chennai,2015-11-26,0.99,68.35,8.01,107.0,Moderate
Chennai,2015-11-27,1.2,131.43,8.11,103.0,Moderate
Chennai,2015-11-28,1.3,141.84,8.91,112.0,Moderate
Chennai,2015-11-29,1.22,142.26,7.53,113.0,Moderate
Chennai,2015-11-30,1.23,172.14,7.9,99.0,Satisfactory
Chennai,2015-12-01,1.33,119.06,7.8,103.0,Moderate
Chennai,2015-12-02,1.78,113.53,7.94,161.0,Moderate
Chennai,2015-12-08,1.23,139.64,6.79,107.0,Moderate
Chennai,2015-12-09,1.54,180.77,6.05,121.0,Moderate
Chennai,2015-12-10,1.28,302.08,6.76,100.0,Satisfactory
Chennai,2015-12-11,1.49,147.67,5.56,108.0,Moderate
Chennai,2015-12-12,1.34,86.29,7.55,97.0,Satisfactory
Chennai,2015-12-13,1.23,134.62,8.62,130.0,Moderate
Chennai,2015-12-14,1.36,122.67,8.39,113.0,Moderate
Chennai,2015-12-15,1.29,104.23,7.61,106.0,Moderate
Chennai,2015-12-16,1.15,80.86,7.64,102.0,Moderate
Chennai,2015-12-17,1.35,69.02,7.96,129.0,Moderate
Chennai,2015-12-18,1.39,102.37,8.38,130.0,Moderate
Chennai,2015-12-19,1.58,123.26,8.47,114.0,Moderate
Chennai,2015-12-20,1.45,209.8,19.41,117.0,Moderate
Chennai,2015-12-21,1.56,223.87,18.15,103.0,Moderate
Chennai,2015-12-22,1.76,352.89,16.39,150.0,Moderate
Chennai,2015-12-23,0.79,201.85,17.56,104.0,Moderate
Chennai,2015-12-24,0.94,236.87,20.86,106.0,Moderate
Chennai,2015-12-25,0.81,256.27,22.32,108.0,Moderate
Chennai,2015-12-26,0.76,275.78,12.18,111.0,Moderate
Chennai,2015-12-27,1.77,225.01,9.86,165.0,Moderate
Chennai,2015-12-28,6.75,309.04,12.09,211.0,Poor
Chennai,2015-12-29,3.66,196.84,16.1,241.0,Poor
Chennai,2015-12-30,0.54,123.82,15.14,114.0,Moderate
Chennai,2015-12-31,0.71,206.54,16.46,100.0,Satisfactory
Chennai,2016-01-02,0.67,132.94,8.72,123.0,Moderate
Chennai,2016-01-03,1.17,96.9,6.44,106.0,Moderate
Chennai,2016-01-04,0.74,98.22,12.75,63.0,Satisfactory
Chennai,2016-01-05,1.17,160.08,21.07,132.0,Moderate
Chennai,2016-01-06,0.72,181.86,19.92,136.0,Moderate
Chennai,2016-01-07,2.34,285.95,10.48,184.0,Moderate
Chennai,2016-01-08,0.89,296.29,25.36,120.0,Moderate
Chennai,2016-01-09,0.88,173.32,21.05,162.0,Moderate
Chennai,2016-01-10,1.04,187.56,20.35,119.0,Moderate
Chennai,2016-01-11,0.77,121.14,20.34,113.0,Moderate
Chennai,2016-01-12,1.09,295.74,22.24,119.0,Moderate
Chennai,2016-01-13,0.96,227.92,25.19,129.0,Moderate
Chennai,2016-01-14,2.73,177.66,21.76,220.0,Poor
Chennai,2016-01-15,0.61,56.65,13.02,139.0,Moderate
Chennai,2016-01-16,1.49,152.68,12.83,130.0,Moderate
Chennai,2016-01-17,0.67,186.53,10.86,121.0,Moderate
Chennai,2016-01-18,0.8,149.22,12.01,114.0,Moderate
Chennai,2016-01-19,0.8,128.27,12.34,115.0,Moderate
Chennai,2016-01-20,2.97,44.39,11.52,200.0,Moderate
Chennai,2016-01-21,2.63,188.8,11.1,167.0,Moderate
Chennai,2016-01-22,0.79,174.22,11.46,172.0,Moderate
Chennai,2016-01-23,0.54,169.19,11.09,117.0,Moderate
Chennai,2016-01-24,2.49,35.18,8.8,198.0,Moderate
Chennai,2016-01-25,2.11,102.74,12.73,153.0,Moderate
Chennai,2016-01-26,0.68,47.56,18.21,142.0,Moderate
Chennai,2016-01-27,1.38,168.71,18.3,144.0,Moderate
Chennai,2016-01-28,1.46,129.87,13.56,145.0,Moderate
Chennai,2016-01-29,1.11,74.11,13.23,149.0,Moderate
Chennai,2016-01-30,6.18,11.8,15.06,186.0,Moderate
Chennai,2016-01-31,1.68,2.19,12.11,216.0,Poor
Chennai,2016-02-01,1.45,4.15,14.47,220.0,Poor
Chennai,2016-02-02,1.65,1.51,15.9,209.0,Poor
Chennai,2016-02-03,1.47,0.94,15.66,251.0,Poor
Chennai,2016-02-04,0.77,0.97,12.72,191.0,Moderate
Chennai,2016-02-05,1.08,0.92,13.25,203.0,Poor
Chennai,2016-02-06,0.64,1.31,13.74,183.0,Moderate
Chennai,2016-02-09,0.83,52.72,12.68,181.0,Moderate
Chennai,2016-02-10,1.09,0.55,12.5,223.0,Poor
Chennai,2016-02-11,1.65,0.02,14.24,193.0,Moderate
Chennai,2016-02-12,1.7,5.22,16.69,157.0,Moderate
Chennai,2016-02-13,1.14,5.76,12.56,173.0,Moderate
Chennai,2016-02-14,1.42,7.68,11.15,133.0,Moderate
Chennai,2016-02-16,1.57,6.53,12.43,160.0,Moderate
Chennai,2016-02-18,1.45,81.0,13.11,134.0,Moderate
Chennai,2016-03-02,1.42,28.01,10.84,196.0,Moderate
Chennai,2016-03-03,1.48,36.94,9.44,132.0,Moderate
Chennai,2016-03-04,1.35,115.34,12.58,117.0,Moderate
Chennai,2016-03-05,1.44,136.56,12.49,143.0,Moderate
Chennai,2016-03-06,1.41,150.27,10.21,142.0,Moderate
Chennai,2016-03-07,1.37,139.37,9.88,135.0,Moderate
Chennai,2016-03-08,1.01,11.81,12.17,120.0,Moderate
Chennai,2016-03-09,1.2,3.51,11.06,158.0,Moderate
Chennai,2016-03-10,0.97,3.56,10.22,186.0,Moderate
Chennai,2016-03-11,0.83,3.59,8.99,155.0,Moderate
Chennai,2016-03-12,0.76,3.24,11.65,136.0,Moderate
Chennai,2016-03-13,0.7,2.84,8.73,131.0,Moderate
Chennai,2016-03-14,0.85,3.02,7.78,135.0,Moderate
Chennai,2016-03-15,1.07,3.72,8.14,193.0,Moderate
Chennai,2016-03-16,0.78,7.44,8.79,188.0,Moderate
Chennai,2016-03-17,0.97,7.92,10.7,187.0,Moderate
Chennai,2016-03-18,1.62,58.78,9.98,214.0,Poor
Chennai,2016-03-19,1.23,176.16,11.24,216.0,Poor
Chennai,2016-03-20,1.23,173.87,8.57,221.0,Poor
Chennai,2016-03-21,1.23,174.31,11.41,251.0,Poor
Chennai,2016-03-22,1.02,181.06,18.52,179.0,Moderate
Chennai,2016-03-23,0.93,187.75,10.38,143.0,Moderate
Chennai,2016-03-24,0.82,214.6,11.13,132.0,Moderate
Chennai,2016-03-25,0.79,174.56,10.97,123.0,Moderate
Chennai,2016-03-26,0.69,165.18,5.2,125.0,Moderate
Chennai,2016-03-27,0.65,166.96,7.26,134.0,Moderate
Chennai,2016-03-28,0.84,148.68,8.79,121.0,Moderate
Chennai,2016-03-29,0.97,152.03,8.2,114.0,Moderate
Chennai,2016-03-30,0.79,149.99,7.83,114.0,Moderate
Chennai,2016-03-31,0.67,127.6,7.36,113.0,Moderate
Chennai,2016-04-01,0.84,160.27,7.16,128.0,Moderate
Chennai,2016-04-02,2.02,189.01,5.4,216.0,Poor
Chennai,2016-04-03,0.81,190.4,5.76,132.0,Moderate
Chennai,2016-04-04,0.77,175.4,7.21,137.0,Moderate
Chennai,2016-04-05,1.1,143.22,9.32,140.0,Moderate
Chennai,2016-04-06,1.29,116.99,10.91,151.0,Moderate
Chennai,2016-04-07,1.12,86.61,14.68,144.0,Moderate
Chennai,2016-04-08,0.84,9.81,6.9,128.0,Moderate
Chennai,2016-04-09,0.6,8.46,7.41,117.0,Moderate
Chennai,2016-04-10,0.61,62.62,7.96,132.0,Moderate
Chennai,2016-04-11,0.66,159.27,11.1,141.0,Moderate
Chennai,2016-04-12,0.62,142.42,17.24,125.0,Moderate
Chennai,2016-04-13,0.68,165.99,18.86,130.0,Moderate
Chennai,2016-04-14,0.61,174.44,12.33,129.0,Moderate
Chennai,2016-04-15,0.65,187.9,12.57,122.0,Moderate
Chennai,2016-04-16,0.74,112.54,12.29,122.0,Moderate
Chennai,2016-04-17,0.67,65.51,12.81,123.0,Moderate
Chennai,2016-04-18,0.69,120.6,13.47,113.0,Moderate
Chennai,2016-04-19,0.61,185.85,15.05,127.0,Moderate
Chennai,2016-04-20,0.86,121.46,16.53,134.0,Moderate
Chennai,2016-04-21,1.02,63.69,13.44,123.0,Moderate
Chennai,2016-04-22,0.9,27.85,13.52,129.0,Moderate
Chennai,2016-04-23,0.93,101.61,11.49,133.0,Moderate
Chennai,2016-04-24,0.69,98.52,11.83,134.0,Moderate
Chennai,2016-04-25,0.94,36.74,13.51,130.0,Moderate
Chennai,2016-04-26,0.77,34.11,11.26,122.0,Moderate
Chennai,2016-04-27,0.76,82.4,15.37,120.0,Moderate
Chennai,2016-04-28,1.09,120.11,18.17,120.0,Moderate
Chennai,2016-04-29,0.96,93.67,17.65,124.0,Moderate
Chennai,2016-04-30,2.0,134.46,17.26,169.0,Moderate
Chennai,2016-05-01,0.89,81.23,16.96,212.0,Poor
Chennai,2016-05-02,1.02,106.31,16.06,147.0,Moderate
Chennai,2016-05-03,1.05,119.72,15.93,123.0,Moderate
Chennai,2016-05-04,1.0,90.86,15.74,127.0,Moderate
Chennai,2016-05-05,0.78,22.36,13.99,125.0,Moderate
Chennai,2016-05-06,1.0,28.97,13.29,129.0,Moderate
Chennai,2016-05-07,0.99,43.25,14.38,139.0,Moderate
Chennai,2016-05-08,1.01,43.0,13.8,123.0,Moderate
Chennai,2016-05-09,1.15,54.22,13.85,122.0,Moderate
Chennai,2016-05-10,1.1,94.34,15.13,135.0,Moderate
Chennai,2016-05-11,1.16,72.7,14.66,136.0,Moderate
Chennai,2016-05-12,1.23,99.46,18.69,144.0,Moderate
Chennai,2016-05-13,1.24,63.43,16.17,161.0,Moderate
Chennai,2016-05-14,1.24,131.28,13.86,166.0,Moderate
Chennai,2016-05-15,2.1,130.56,12.38,183.0,Moderate
Chennai,2016-05-16,1.15,131.56,13.77,136.0,Moderate
Chennai,2016-05-17,1.15,132.82,20.11,171.0,Moderate
Chennai,2016-05-18,1.28,146.54,25.13,164.0,Moderate
Chennai,2016-05-19,1.37,114.48,21.24,113.0,Moderate
Chennai,2016-05-20,1.24,132.0,25.57,91.0,Satisfactory
Chennai,2016-05-21,1.15,119.3,16.03,94.0,Satisfactory
Chennai,2016-05-22,0.95,155.73,16.22,95.0,Satisfactory
Chennai,2016-05-23,0.98,165.16,20.41,93.0,Satisfactory
Chennai,2016-05-24,1.09,152.88,19.87,91.0,Satisfactory
Chennai,2016-05-25,1.15,166.02,18.13,102.0,Moderate
Chennai,2016-05-26,2.55,186.6,18.15,112.0,Moderate
Chennai,2016-05-27,1.67,167.96,18.0,117.0,Moderate
Chennai,2016-05-28,1.84,164.84,17.49,115.0,Moderate
Chennai,2016-05-29,1.49,161.67,15.77,124.0,Moderate
Chennai,2016-05-30,1.48,115.39,10.44,97.0,Satisfactory
Chennai,2016-05-31,1.42,131.62,12.13,120.0,Moderate
Chennai,2016-06-01,1.94,140.69,11.38,122.0,Moderate
Chennai,2016-06-02,1.86,105.37,10.64,122.0,Moderate
Chennai,2016-06-15,2.17,104.67,15.81,92.0,Satisfactory
Chennai,2016-06-16,2.64,56.86,13.57,94.0,Satisfactory
Chennai,2016-06-17,2.13,22.77,13.78,102.0,Moderate
Chennai,2016-06-18,1.92,64.44,11.62,100.0,Satisfactory
Chennai,2016-06-19,1.81,46.66,9.81,100.0,Satisfactory
Chennai,2016-06-20,2.08,47.63,8.44,89.0,Satisfactory
Chennai,2016-06-21,1.49,52.97,15.62,89.0,Satisfactory
Chennai,2016-06-22,1.47,64.51,11.31,83.0,Satisfactory
Chennai,2016-06-23,0.92,66.11,12.82,70.0,Satisfactory
Chennai,2016-06-24,0.71,69.97,10.78,71.0,Satisfactory
Chennai,2016-06-28,0.82,71.5,13.17,86.0,Satisfactory
Chennai,2016-06-29,1.42,129.39,22.99,100.0,Satisfactory
Chennai,2016-06-30,1.08,3.15,17.81,88.0,Satisfactory
Chennai,2016-07-01,1.1,1.0,15.08,161.0,Moderate
Chennai,2016-07-02,1.23,0.25,10.99,81.0,Satisfactory
Chennai,2016-07-03,0.99,98.99,11.59,81.0,Satisfactory
Chennai,2016-07-04,1.22,125.62,15.97,86.0,Satisfactory
Chennai,2016-07-05,1.16,114.15,16.33,271.0,Poor
Chennai,2016-07-06,1.06,80.3,13.53,162.0,Moderate
Chennai,2016-07-07,1.43,110.92,13.49,91.0,Satisfactory
Chennai,2016-07-08,1.37,119.6,18.17,104.0,Moderate
Chennai,2016-07-09,0.93,70.58,15.79,103.0,Moderate
Chennai,2016-07-10,1.03,105.19,13.72,74.0,Satisfactory
Chennai,2016-07-11,2.15,108.89,14.02,129.0,Moderate
Chennai,2016-07-12,0.97,139.21,15.75,58.0,Satisfactory
Chennai,2016-07-13,0.85,21.15,14.94,69.0,Satisfactory
Chennai,2016-07-14,0.98,48.19,16.61,66.0,Satisfactory
Chennai,2016-07-15,0.96,90.42,14.83,70.0,Satisfactory
Chennai,2016-07-16,0.85,61.58,15.03,69.0,Satisfactory
Chennai,2016-07-17,0.83,112.0,12.35,70.0,Satisfactory
Chennai,2016-07-18,0.86,175.57,12.95,71.0,Satisfactory
Chennai,2016-07-19,3.09,143.2,16.81,125.0,Moderate
Chennai,2016-07-20,1.13,128.0,16.36,87.0,Satisfactory
Chennai,2016-07-21,1.63,62.94,19.78,59.0,Satisfactory
Chennai,2016-07-23,0.94,102.51,12.64,62.0,Satisfactory
Chennai,2016-07-24,0.96,135.09,7.48,54.0,Satisfactory
Chennai,2016-07-25,1.18,124.23,6.49,103.0,Moderate
Chennai,2016-07-26,1.14,113.62,7.82,73.0,Satisfactory
Chennai,2016-07-27,1.22,93.67,7.59,78.0,Satisfactory
Chennai,2016-07-28,1.31,126.4,11.82,87.0,Satisfactory
Chennai,2016-07-29,1.26,126.83,13.16,81.0,Satisfactory
Chennai,2016-07-30,1.22,135.67,14.56,82.0,Satisfactory
Chennai,2016-07-31,1.12,126.27,14.19,84.0,Satisfactory
Chennai,2016-08-01,1.08,97.78,17.12,75.0,Satisfactory
Chennai,2016-08-02,1.16,105.63,19.48,78.0,Satisfactory
Chennai,2016-08-03,6.35,101.72,14.77,151.0,Moderate
Chennai,2016-08-04,1.22,73.2,14.82,100.0,Satisfactory
Chennai,2016-08-05,2.72,102.6,15.71,131.0,Moderate
Chennai,2016-08-06,1.16,75.89,16.27,68.0,Satisfactory
Chennai,2016-08-07,1.08,108.71,11.22,70.0,Satisfactory
Chennai,2016-08-08,2.15,133.99,11.54,89.0,Satisfactory
Chennai,2016-08-09,2.83,106.57,14.07,174.0,Moderate
Chennai,2016-08-10,3.22,136.69,13.99,178.0,Moderate
Chennai,2016-08-11,3.33,132.69,14.2,155.0,Moderate
Chennai,2017-09-27,0.37,33.37,27.26,104.0,Moderate
Chennai,2017-09-28,0.28,37.52,23.67,106.0,Moderate
Chennai,2017-10-04,0.44,30.97,15.77,62.0,Satisfactory
Chennai,2017-10-05,0.2,39.69,14.73,78.0,Satisfactory
Chennai,2017-10-06,0.44,59.7,15.1,68.0,Satisfactory
Chennai,2017-10-07,0.17,40.7,14.14,75.0,Satisfactory
Chennai,2017-10-08,0.09,49.16,14.77,75.0,Satisfactory
Chennai,2017-10-09,0.25,64.61,15.45,77.0,Satisfactory
Chennai,2017-10-10,0.12,96.85,15.98,89.0,Satisfactory
Chennai,2017-10-11,0.29,102.21,20.16,94.0,Satisfactory
Chennai,2017-10-12,1.06,126.82,20.18,86.0,Satisfactory
Chennai,2017-10-13,1.74,84.53,22.36,146.0,Moderate
Chennai,2017-10-14,0.48,104.29,21.73,90.0,Satisfactory
Chennai,2017-10-15,0.45,82.02,17.74,83.0,Satisfactory
Chennai,2017-10-16,0.58,82.05,18.88,77.0,Satisfactory
Chennai,2017-10-17,0.73,86.07,19.66,76.0,Satisfactory
Chennai,2017-10-18,0.77,66.11,24.61,277.0,Poor
Chennai,2017-10-19,0.96,101.96,26.9,431.0,Severe
Chennai,2017-10-20,0.54,108.72,19.36,213.0,Poor
Chennai,2017-10-21,0.57,98.49,22.86,72.0,Satisfactory
Chennai,2017-10-22,0.57,94.26,21.36,70.0,Satisfactory
Chennai,2017-10-23,0.64,68.64,25.92,114.0,Moderate
Chennai,2017-10-24,0.63,113.77,21.91,115.0,Moderate
Chennai,2017-10-25,0.8,83.43,18.11,100.0,Satisfactory
Chennai,2017-10-26,0.79,98.61,19.04,68.0,Satisfactory
Chennai,2017-10-27,0.76,105.51,20.74,70.0,Satisfactory
Chennai,2017-10-28,0.67,157.52,19.51,83.0,Satisfactory
Chennai,2017-10-29,0.66,296.43,21.3,113.0,Moderate
Chennai,2017-10-30,0.61,228.18,18.46,88.0,Satisfactory
Chennai,2017-10-31,1.2,142.64,21.69,75.0,Satisfactory
Chennai,2017-11-02,0.59,113.19,18.51,70.0,Satisfactory
Chennai,2017-11-03,0.66,226.97,21.2,62.0,Satisfactory
Chennai,2017-11-04,0.83,138.93,23.88,66.0,Satisfactory
Chennai,2017-11-05,0.77,104.46,16.96,58.0,Satisfactory
Chennai,2017-11-06,1.04,115.22,20.49,68.0,Satisfactory
Chennai,2017-11-07,0.87,109.71,21.37,68.0,Satisfactory
Chennai,2017-11-08,0.83,115.62,18.77,74.0,Satisfactory
Chennai,2017-11-09,0.8,173.56,19.51,70.0,Satisfactory
Chennai,2017-11-10,0.9,301.18,24.71,103.0,Moderate
Chennai,2017-11-11,1.1,247.22,21.71,146.0,Moderate
Chennai,2017-11-12,0.79,125.17,18.9,163.0,Moderate
Chennai,2017-11-13,0.81,138.19,27.69,110.0,Moderate
Chennai,2017-11-14,0.85,153.74,25.74,91.0,Satisfactory
Chennai,2017-11-15,0.71,134.43,37.3,68.0,Satisfactory
Chennai,2017-11-16,1.11,144.9,38.77,96.0,Satisfactory
Chennai,2017-11-17,0.6,154.41,25.49,108.0,Moderate
Chennai,2017-11-18,1.0,138.02,23.56,82.0,Satisfactory
Chennai,2017-11-19,0.87,323.48,19.17,62.0,Satisfactory
Chennai,2017-11-20,0.86,264.99,19.09,69.0,Satisfactory
Chennai,2017-11-21,0.8,301.28,22.22,61.0,Satisfactory
Chennai,2017-11-22,0.74,245.08,23.9,64.0,Satisfactory
Chennai,2017-11-23,0.74,235.51,29.82,126.0,Moderate
Chennai,2017-11-24,0.73,328.89,27.44,158.0,Moderate
Chennai,2017-11-25,0.65,222.46,29.43,184.0,Moderate
Chennai,2017-11-26,0.65,297.64,20.3,136.0,Moderate
Chennai,2017-11-27,0.68,233.86,22.88,87.0,Satisfactory
Chennai,2017-11-28,0.76,214.16,24.99,71.0,Satisfactory
Chennai,2017-11-29,0.84,283.1,22.77,75.0,Satisfactory
Chennai,2017-11-30,0.58,303.53,18.18,69.0,Satisfactory
Chennai,2017-12-01,0.58,248.09,19.48,57.0,Satisfactory
Chennai,2017-12-02,0.54,143.57,22.98,71.0,Satisfactory
Chennai,2017-12-03,0.52,285.55,20.28,90.0,Satisfactory
Chennai,2017-12-04,0.57,292.52,20.66,86.0,Satisfactory
Chennai,2017-12-05,0.7,280.86,23.6,76.0,Satisfactory
Chennai,2017-12-06,0.67,193.71,24.27,70.0,Satisfactory
Chennai,2017-12-07,0.47,175.89,27.5,143.0,Moderate
Chennai,2017-12-08,0.0,138.62,30.39,175.0,Moderate
Chennai,2017-12-09,0.0,139.26,31.89,156.0,Moderate
Chennai,2017-12-10,0.15,166.28,25.72,163.0,Moderate
Chennai,2017-12-11,0.26,161.75,20.47,153.0,Moderate
Chennai,2017-12-12,0.31,132.96,23.37,126.0,Moderate
Chennai,2017-12-13,0.27,102.84,16.18,93.0,Satisfactory
Chennai,2017-12-14,0.23,149.76,18.6,81.0,Satisfactory
Chennai,2017-12-15,0.35,244.64,21.82,95.0,Satisfactory
Chennai,2017-12-16,0.17,208.34,26.4,107.0,Moderate
Chennai,2017-12-17,0.09,249.01,18.91,102.0,Moderate
Chennai,2017-12-18,0.22,292.82,21.38,97.0,Satisfactory
Chennai,2017-12-19,0.22,185.64,25.36,91.0,Satisfactory
Chennai,2017-12-20,0.22,286.59,27.36,78.0,Satisfactory
Chennai,2017-12-21,0.34,166.91,21.58,93.0,Satisfactory
Chennai,2017-12-22,0.24,242.56,23.85,109.0,Moderate
Chennai,2017-12-23,0.14,276.08,24.36,89.0,Satisfactory
Chennai,2017-12-24,0.24,265.09,23.99,83.0,Satisfactory
Chennai,2017-12-25,0.3,244.15,21.51,88.0,Satisfactory
Chennai,2017-12-26,0.29,161.15,25.27,113.0,Moderate
Chennai,2017-12-27,0.1,249.49,23.92,186.0,Moderate
Chennai,2017-12-28,0.09,192.98,28.09,148.0,Moderate
Chennai,2017-12-29,0.22,207.46,28.73,95.0,Satisfactory
Chennai,2017-12-30,0.28,180.82,20.64,108.0,Moderate
Chennai,2017-12-31,0.17,181.06,12.16,77.0,Satisfactory
Chennai,2018-01-01,0.03,175.58,13.63,89.0,Satisfactory
Chennai,2018-01-02,0.0,188.29,14.95,94.0,Satisfactory
Chennai,2018-01-03,0.0,219.26,17.75,105.0,Moderate
Chennai,2018-01-04,0.0,165.62,18.64,184.0,Moderate
Chennai,2018-01-05,0.0,202.45,17.43,176.0,Moderate
Chennai,2018-01-06,0.0,112.41,17.86,158.0,Moderate
Chennai,2018-01-07,0.0,110.73,15.6,136.0,Moderate
Chennai,2018-01-08,0.0,140.2,16.08,124.0,Moderate
Chennai,2018-01-09,0.39,145.13,14.02,121.0,Moderate
Chennai,2018-01-10,1.15,162.93,14.84,96.0,Satisfactory
Chennai,2018-01-11,0.94,72.38,18.07,179.0,Moderate
Chennai,2018-01-12,0.98,113.39,17.84,156.0,Moderate
Chennai,2018-01-13,1.23,125.32,20.65,258.0,Poor
Chennai,2018-01-14,0.93,106.54,14.82,207.0,Poor
Chennai,2018-01-15,0.89,113.32,11.26,147.0,Moderate
Chennai,2018-01-16,0.9,104.84,11.0,134.0,Moderate
Chennai,2018-01-17,0.83,100.53,16.94,161.0,Moderate
Chennai,2018-01-18,0.76,91.94,20.78,129.0,Moderate
Chennai,2018-01-19,0.64,108.54,20.38,164.0,Moderate
Chennai,2018-01-20,0.68,108.56,22.48,140.0,Moderate
Chennai,2018-01-21,0.6,103.69,20.48,180.0,Moderate
Chennai,2018-01-22,0.68,101.27,20.41,167.0,Moderate
Chennai,2018-01-23,0.62,110.34,19.77,149.0,Moderate
Chennai,2018-01-24,0.7,93.14,21.32,164.0,Moderate
Chennai,2018-01-25,0.9,104.38,21.0,187.0,Moderate
Chennai,2018-01-26,0.83,119.36,18.96,172.0,Moderate
Chennai,2018-01-27,0.89,101.14,19.89,161.0,Moderate
Chennai,2018-01-28,0.78,119.98,18.29,165.0,Moderate
Chennai,2018-01-29,0.82,111.87,18.74,155.0,Moderate
Chennai,2018-01-30,0.79,122.94,22.09,148.0,Moderate
Chennai,2018-01-31,0.86,97.57,23.76,159.0,Moderate
Chennai,2018-02-01,0.79,86.28,22.16,135.0,Moderate
Chennai,2018-02-02,0.95,97.64,19.5,167.0,Moderate
Chennai,2018-02-03,0.83,82.28,21.27,164.0,Moderate
Chennai,2018-02-04,0.75,111.54,17.68,123.0,Moderate
Chennai,2018-02-05,0.79,113.67,20.26,79.0,Satisfactory
Chennai,2018-02-06,0.95,98.59,23.45,94.0,Satisfactory
Chennai,2018-02-07,0.94,123.21,19.56,78.0,Satisfactory
Chennai,2018-02-08,1.05,105.14,20.56,78.0,Satisfactory
Chennai,2018-02-09,1.03,105.71,18.92,107.0,Moderate
Chennai,2018-02-10,0.97,104.86,20.61,113.0,Moderate
Chennai,2018-02-11,0.91,117.81,17.7,131.0,Moderate
Chennai,2018-02-12,0.85,115.09,16.23,88.0,Satisfactory
Chennai,2018-02-13,1.0,98.89,19.55,130.0,Moderate
Chennai,2018-02-14,1.0,111.03,22.9,138.0,Moderate
Chennai,2018-02-15,0.97,93.85,21.91,99.0,Satisfactory
Chennai,2018-02-16,0.85,113.45,16.26,119.0,Moderate
Chennai,2018-02-17,1.05,114.38,13.41,113.0,Moderate
Chennai,2018-02-18,0.79,106.9,15.41,133.0,Moderate
Chennai,2018-02-19,0.8,99.43,14.05,150.0,Moderate
Chennai,2018-02-20,0.74,107.66,15.79,118.0,Moderate
Chennai,2018-02-21,0.75,99.2,14.74,146.0,Moderate
Chennai,2018-02-22,0.73,98.69,14.41,118.0,Moderate
Chennai,2018-02-23,0.68,90.07,13.99,95.0,Satisfactory
Chennai,2018-02-24,0.75,112.82,12.06,88.0,Satisfactory
Chennai,2018-02-25,0.71,97.94,11.05,73.0,Satisfactory
Chennai,2018-02-26,0.75,100.03,12.98,76.0,Satisfactory
Chennai,2018-02-27,0.66,111.54,15.12,117.0,Moderate
Chennai,2018-02-28,0.66,110.95,15.61,182.0,Moderate
Chennai,2018-03-01,0.76,105.03,11.85,234.0,Poor
Chennai,2018-03-02,0.7,96.9,11.84,138.0,Moderate
Chennai,2018-03-03,0.76,96.52,12.93,115.0,Moderate
Chennai,2018-03-04,0.72,82.41,13.37,113.0,Moderate
Chennai,2018-03-05,0.69,95.51,10.82,93.0,Satisfactory
Chennai,2018-03-06,0.69,70.36,12.83,83.0,Satisfactory
Chennai,2018-03-07,0.86,71.38,16.63,113.0,Moderate
Chennai,2018-03-08,0.8,29.09,22.6,174.0,Moderate
Chennai,2018-03-09,0.84,24.26,16.09,126.0,Moderate
Chennai,2018-03-10,0.75,24.08,16.87,128.0,Moderate
Chennai,2018-03-11,0.75,28.13,15.41,128.0,Moderate
Chennai,2018-03-12,1.03,32.54,14.81,118.0,Moderate
Chennai,2018-03-13,1.02,32.28,12.19,153.0,Moderate
Chennai,2018-03-14,0.99,43.52,15.1,74.0,Satisfactory
Chennai,2018-03-15,0.95,22.56,17.35,69.0,Satisfactory
Chennai,2018-03-16,0.98,25.11,17.5,78.0,Satisfactory
Chennai,2018-03-17,1.09,27.18,21.89,81.0,Satisfactory
Chennai,2018-03-18,0.88,49.3,18.04,89.0,Satisfactory
Chennai,2018-03-19,0.99,20.84,18.55,88.0,Satisfactory
Chennai,2018-03-20,0.94,28.44,17.18,108.0,Moderate
Chennai,2018-03-21,1.18,28.56,19.74,115.0,Moderate
Chennai,2018-03-22,1.35,27.01,18.66,93.0,Satisfactory
Chennai,2018-03-23,0.98,35.85,17.43,94.0,Satisfactory
Chennai,2018-03-24,1.14,28.05,13.95,127.0,Moderate
Chennai,2018-03-25,1.11,25.24,11.45,117.0,Moderate
Chennai,2018-03-26,1.09,25.31,17.56,109.0,Moderate
Chennai,2018-03-27,1.07,24.62,19.36,109.0,Moderate
Chennai,2018-03-28,1.31,22.42,20.71,90.0,Satisfactory
Chennai,2018-03-29,0.91,28.69,21.13,70.0,Satisfactory
Chennai,2018-03-30,0.88,24.3,17.4,69.0,Satisfactory
Chennai,2018-03-31,0.82,18.18,17.85,75.0,Satisfactory
Chennai,2018-04-01,0.79,19.7,18.58,86.0,Satisfactory
Chennai,2018-04-02,0.74,30.41,21.64,67.0,Satisfactory
Chennai,2018-04-03,0.78,29.2,18.82,68.0,Satisfactory
Chennai,2018-04-04,0.97,25.19,22.47,71.0,Satisfactory
Chennai,2018-04-05,1.07,29.5,19.4,81.0,Satisfactory
Chennai,2018-04-06,0.91,23.39,23.13,103.0,Moderate
Chennai,2018-04-07,0.59,21.23,18.76,84.0,Satisfactory
Chennai,2018-04-08,0.58,20.5,16.5,62.0,Satisfactory
Chennai,2018-04-09,0.51,180.87,18.95,70.0,Satisfactory
Chennai,2018-04-10,0.78,17.58,15.68,66.0,Satisfactory
Chennai,2018-04-11,0.77,39.23,18.65,66.0,Satisfactory
Chennai,2018-04-12,0.85,56.56,17.92,61.0,Satisfactory
Chennai,2018-04-13,0.92,58.65,23.73,63.0,Satisfactory
Chennai,2018-04-14,0.86,54.65,20.28,61.0,Satisfactory
Chennai,2018-04-15,0.74,43.94,18.36,59.0,Satisfactory
Chennai,2018-04-16,0.9,43.78,20.35,61.0,Satisfactory
Chennai,2018-04-17,1.06,36.47,21.92,62.0,Satisfactory
Chennai,2018-04-18,0.87,27.48,21.77,56.0,Satisfactory
Chennai,2018-04-19,0.93,38.75,23.87,71.0,Satisfactory
Chennai,2018-04-20,0.82,25.66,23.67,65.0,Satisfactory
Chennai,2018-04-21,0.85,35.95,24.81,66.0,Satisfactory
Chennai,2018-04-22,0.8,28.55,20.92,55.0,Satisfactory
Chennai,2018-04-23,0.78,26.69,21.53,65.0,Satisfactory
Chennai,2018-04-24,0.85,37.21,23.98,76.0,Satisfactory
Chennai,2018-04-25,0.85,40.34,22.21,78.0,Satisfactory
Chennai,2018-04-26,0.81,54.19,26.2,89.0,Satisfactory
Chennai,2018-04-27,0.88,72.04,31.66,74.0,Satisfactory
Chennai,2018-04-28,0.82,73.01,33.17,62.0,Satisfactory
Chennai,2018-04-29,0.84,82.96,31.66,59.0,Satisfactory
Chennai,2018-04-30,0.8,87.15,40.82,68.0,Satisfactory
Chennai,2018-05-01,1.71,100.02,98.77,92.0,Satisfactory
Chennai,2018-05-02,0.91,77.84,70.0,112.0,Moderate
Chennai,2018-05-03,0.71,106.6,32.62,111.0,Moderate
Chennai,2018-05-04,0.77,209.32,73.31,127.0,Moderate
Chennai,2018-05-05,0.8,125.47,79.04,128.0,Moderate
Chennai,2018-05-06,0.73,31.71,39.13,77.0,Satisfactory
Chennai,2018-05-07,0.78,43.43,36.82,75.0,Satisfactory
Chennai,2018-05-08,0.74,69.61,39.54,77.0,Satisfactory
Chennai,2018-05-09,1.37,63.64,47.0,94.0,Satisfactory
Chennai,2018-05-10,0.93,64.97,30.4,80.0,Satisfactory
Chennai,2018-05-11,1.1,50.25,27.47,70.0,Satisfactory
Chennai,2018-05-12,1.18,27.99,25.94,74.0,Satisfactory
Chennai,2018-05-13,1.2,24.47,23.98,77.0,Satisfactory
Chennai,2018-05-14,1.15,29.59,24.3,71.0,Satisfactory
Chennai,2018-05-15,1.24,29.09,25.39,79.0,Satisfactory
Chennai,2018-05-16,1.27,36.46,25.05,81.0,Satisfactory
Chennai,2018-05-17,1.16,33.18,24.77,82.0,Satisfactory
Chennai,2018-05-18,0.86,46.55,25.61,70.0,Satisfactory
Chennai,2018-05-19,0.86,49.08,23.85,81.0,Satisfactory
Chennai,2018-05-20,0.85,32.6,22.6,66.0,Satisfactory
Chennai,2018-05-21,0.8,54.28,23.98,64.0,Satisfactory
Chennai,2018-05-22,0.81,32.11,32.72,82.0,Satisfactory
Chennai,2018-05-23,0.84,39.14,24.14,84.0,Satisfactory
Chennai,2018-05-24,0.78,65.33,24.44,73.0,Satisfactory
Chennai,2018-05-25,0.86,71.63,21.67,64.0,Satisfactory
Chennai,2018-05-26,0.88,59.67,20.58,65.0,Satisfactory
Chennai,2018-05-27,0.86,80.83,20.89,79.0,Satisfactory
Chennai,2018-05-28,0.82,86.37,19.46,77.0,Satisfactory
Chennai,2018-05-29,0.84,63.53,20.06,88.0,Satisfactory
Chennai,2018-05-30,0.84,33.63,20.48,82.0,Satisfactory
Chennai,2018-05-31,0.82,43.79,20.55,85.0,Satisfactory
Chennai,2018-06-01,0.81,37.94,23.83,98.0,Satisfactory
Chennai,2018-06-02,0.84,27.51,23.29,124.0,Moderate
Chennai,2018-06-03,0.85,26.94,22.96,98.0,Satisfactory
Chennai,2018-06-04,0.76,25.18,22.99,83.0,Satisfactory
Chennai,2018-06-05,0.77,28.25,22.66,86.0,Satisfactory
Chennai,2018-06-06,0.88,18.57,25.11,79.0,Satisfactory
Chennai,2018-06-07,0.83,17.85,22.5,66.0,Satisfactory
Chennai,2018-06-08,0.79,14.52,21.78,71.0,Satisfactory
Chennai,2018-06-09,0.82,20.33,20.74,67.0,Satisfactory
Chennai,2018-06-10,0.79,32.25,19.98,73.0,Satisfactory
Chennai,2018-06-11,0.74,34.82,23.47,73.0,Satisfactory
Chennai,2018-06-12,0.8,30.86,23.69,88.0,Satisfactory
Chennai,2018-06-13,0.85,30.88,32.22,88.0,Satisfactory
Chennai,2018-06-14,0.8,30.39,24.55,91.0,Satisfactory
Chennai,2018-06-15,0.82,21.96,21.03,97.0,Satisfactory
Chennai,2018-06-16,0.83,38.18,21.35,114.0,Moderate
Chennai,2018-06-17,0.78,19.59,23.76,86.0,Satisfactory
Chennai,2018-06-18,0.78,21.13,23.43,99.0,Satisfactory
Chennai,2018-06-19,0.81,38.81,20.36,90.0,Satisfactory
Chennai,2018-06-20,0.79,31.04,26.73,104.0,Moderate
Chennai,2018-06-21,0.8,32.22,20.06,107.0,Moderate
Chennai,2018-06-22,0.79,37.83,20.51,107.0,Moderate
Chennai,2018-06-23,0.79,43.98,21.55,102.0,Moderate
Chennai,2018-06-24,0.81,52.01,19.88,109.0,Moderate
Chennai,2018-06-25,0.8,26.04,21.68,101.0,Moderate
Chennai,2018-06-26,0.8,25.85,21.88,112.0,Moderate
Chennai,2018-06-27,0.81,36.12,20.83,133.0,Moderate
Chennai,2018-06-28,0.81,21.69,20.9,127.0,Moderate
Chennai,2018-06-29,0.81,40.02,21.91,98.0,Satisfactory
Chennai,2018-06-30,0.78,14.13,20.79,135.0,Moderate
Chennai,2018-07-01,0.79,33.38,19.07,150.0,Moderate
Chennai,2018-07-02,0.87,28.95,19.61,150.0,Moderate
Chennai,2018-07-03,0.88,43.75,18.16,159.0,Moderate
Chennai,2018-07-04,0.86,50.44,19.43,93.0,Satisfactory
Chennai,2018-07-05,0.84,26.72,21.43,97.0,Satisfactory
Chennai,2018-07-06,0.9,47.54,23.44,128.0,Moderate
Chennai,2018-07-07,0.84,19.0,24.81,135.0,Moderate
Chennai,2018-07-08,0.83,59.16,20.86,80.0,Satisfactory
Chennai,2018-07-09,0.78,67.32,19.03,106.0,Moderate
Chennai,2018-07-10,0.82,57.23,19.54,103.0,Moderate
Chennai,2018-07-11,0.77,67.81,19.78,97.0,Satisfactory
Chennai,2018-07-12,0.8,51.13,19.71,77.0,Satisfactory
Chennai,2018-07-13,0.77,53.15,23.06,84.0,Satisfactory
Chennai,2018-07-14,0.78,68.04,20.11,76.0,Satisfactory
Chennai,2018-07-15,0.78,62.6,19.19,92.0,Satisfactory
Chennai,2018-07-16,0.73,63.57,18.5,79.0,Satisfactory
Chennai,2018-07-17,0.85,60.52,21.86,66.0,Satisfactory
Chennai,2018-07-18,0.82,51.1,21.3,69.0,Satisfactory
Chennai,2018-07-19,0.81,58.85,20.18,79.0,Satisfactory
Chennai,2018-07-20,0.77,68.89,20.54,71.0,Satisfactory
Chennai,2018-07-21,0.79,67.71,20.42,70.0,Satisfactory
Chennai,2018-07-22,0.83,69.06,19.34,87.0,Satisfactory
Chennai,2018-07-23,0.74,64.01,19.84,101.0,Moderate
Chennai,2018-07-24,0.81,81.33,20.72,87.0,Satisfactory
Chennai,2018-07-25,0.81,61.69,20.48,68.0,Satisfactory
Chennai,2018-07-26,0.82,65.68,21.36,63.0,Satisfactory
Chennai,2018-07-27,0.85,61.41,24.76,63.0,Satisfactory
Chennai,2018-07-28,0.81,43.4,25.2,95.0,Satisfactory
Chennai,2018-07-29,0.86,32.43,22.76,97.0,Satisfactory
Chennai,2018-07-30,0.78,22.85,23.22,78.0,Satisfactory
Chennai,2018-07-31,0.82,16.55,25.1,93.0,Satisfactory
Chennai,2018-08-01,0.86,18.58,25.12,80.0,Satisfactory
Chennai,2018-08-02,0.94,12.28,26.54,91.0,Satisfactory
Chennai,2018-08-03,0.79,15.24,22.93,71.0,Satisfactory
Chennai,2018-08-04,0.8,15.25,22.68,79.0,Satisfactory
Chennai,2018-08-05,0.78,12.9,21.71,107.0,Moderate
Chennai,2018-08-06,0.83,16.64,22.73,123.0,Moderate
Chennai,2018-08-07,0.76,14.28,21.88,96.0,Satisfactory
Chennai,2018-08-08,0.74,18.38,21.79,57.0,Satisfactory
Chennai,2018-08-09,0.81,14.63,21.28,54.0,Satisfactory
Chennai,2018-08-10,0.8,16.63,24.69,63.0,Satisfactory
Chennai,2018-08-11,0.85,16.31,23.67,87.0,Satisfactory
Chennai,2018-08-12,0.79,12.63,20.63,60.0,Satisfactory
Chennai,2018-08-13,0.86,15.54,20.26,60.0,Satisfactory
Chennai,2018-08-14,0.8,14.31,17.3,71.0,Satisfactory
Chennai,2018-08-15,0.73,15.45,16.34,61.0,Satisfactory
Chennai,2018-08-16,0.78,36.4,15.11,53.0,Satisfactory
Chennai,2018-08-17,0.86,74.25,17.11,76.0,Satisfactory
Chennai,2018-08-18,0.85,69.27,18.69,126.0,Moderate
Chennai,2018-08-19,0.8,69.49,17.73,111.0,Moderate
Chennai,2018-08-20,0.83,74.85,18.76,152.0,Moderate
Chennai,2018-08-21,0.73,68.84,16.74,148.0,Moderate
Chennai,2018-08-22,0.83,67.39,16.0,161.0,Moderate
Chennai,2018-08-23,0.81,65.92,17.76,74.0,Satisfactory
Chennai,2018-08-24,0.83,69.9,16.66,71.0,Satisfactory
Chennai,2018-08-25,0.77,61.54,16.2,106.0,Moderate
Chennai,2018-08-26,0.8,66.35,16.09,81.0,Satisfactory
Chennai,2018-08-27,0.9,71.97,18.75,70.0,Satisfactory
Chennai,2018-08-28,0.67,74.44,17.38,62.0,Satisfactory
Chennai,2018-08-29,0.83,65.29,19.87,58.0,Satisfactory
Chennai,2018-08-30,0.82,14.89,16.49,89.0,Satisfactory
Chennai,2018-08-31,0.93,9.19,15.98,83.0,Satisfactory
Chennai,2018-09-01,0.84,18.85,19.22,65.0,Satisfactory
Chennai,2018-09-02,0.78,18.32,20.74,84.0,Satisfactory
Chennai,2018-09-03,0.97,12.99,15.68,83.0,Satisfactory
Chennai,2018-09-04,0.85,17.71,16.89,87.0,Satisfactory
Chennai,2018-09-05,0.72,17.27,16.8,111.0,Moderate
Chennai,2018-09-06,0.9,20.23,16.96,93.0,Satisfactory
Chennai,2018-09-07,0.99,28.24,16.34,108.0,Moderate
Chennai,2018-09-08,0.93,30.08,16.92,118.0,Moderate
Chennai,2018-09-09,0.85,23.29,15.16,115.0,Moderate
Chennai,2018-09-10,0.78,22.0,18.5,68.0,Satisfactory
Chennai,2018-09-11,0.85,17.26,16.37,79.0,Satisfactory
Chennai,2018-09-12,0.74,27.07,16.44,70.0,Satisfactory
Chennai,2018-09-13,0.81,18.84,15.41,86.0,Satisfactory
Chennai,2018-09-14,0.76,21.58,14.86,161.0,Moderate
Chennai,2018-09-15,0.8,24.24,16.23,112.0,Moderate
Chennai,2018-09-16,0.93,28.89,16.5,97.0,Satisfactory
Chennai,2018-09-17,1.1,33.81,19.66,96.0,Satisfactory
Chennai,2018-09-18,0.86,35.42,20.0,92.0,Satisfactory
Chennai,2018-09-19,0.89,28.55,19.13,80.0,Satisfactory
Chennai,2018-09-20,1.09,51.46,21.45,92.0,Satisfactory
Chennai,2018-09-21,0.83,27.61,18.84,109.0,Moderate
Chennai,2018-09-22,0.78,38.8,19.48,108.0,Moderate
Chennai,2018-09-23,0.67,46.92,14.26,89.0,Satisfactory
Chennai,2018-09-24,0.99,52.74,15.16,111.0,Moderate
Chennai,2018-09-25,0.99,41.41,16.56,107.0,Moderate
Chennai,2018-09-26,0.94,40.82,14.65,93.0,Satisfactory
Chennai,2018-09-27,0.74,53.67,13.68,111.0,Moderate
Chennai,2018-09-28,0.78,55.26,13.15,54.0,Satisfactory
Chennai,2018-09-29,0.66,46.25,13.36,58.0,Satisfactory
Chennai,2018-09-30,0.83,45.68,13.77,157.0,Moderate
Chennai,2018-10-01,1.0,60.08,12.48,82.0,Satisfactory
Chennai,2018-10-02,0.97,47.8,13.11,66.0,Satisfactory
Chennai,2018-10-03,0.78,73.66,12.81,63.0,Satisfactory
Chennai,2018-10-04,1.16,50.7,15.72,66.0,Satisfactory
Chennai,2018-10-05,1.05,45.62,18.38,75.0,Satisfactory
Chennai,2018-10-06,1.08,55.39,15.29,81.0,Satisfactory
Chennai,2018-10-07,0.72,56.32,13.8,65.0,Satisfactory
Chennai,2018-10-08,0.85,68.46,17.82,69.0,Satisfactory
Chennai,2018-10-09,1.09,62.49,17.82,96.0,Satisfactory
Chennai,2018-10-10,0.95,50.74,21.12,164.0,Moderate
Chennai,2018-10-11,0.88,53.93,19.25,147.0,Moderate
Chennai,2018-10-12,0.96,72.48,18.38,90.0,Satisfactory
Chennai,2018-10-13,0.88,74.8,13.52,82.0,Satisfactory
Chennai,2018-10-14,0.66,73.68,15.82,65.0,Satisfactory
Chennai,2018-10-15,0.88,83.04,12.85,70.0,Satisfactory
Chennai,2018-10-16,0.8,56.22,12.68,68.0,Satisfactory
Chennai,2018-10-17,1.06,58.51,15.63,77.0,Satisfactory
Chennai,2018-10-18,0.94,61.61,17.18,67.0,Satisfactory
Chennai,2018-10-19,1.1,74.61,19.41,91.0,Satisfactory
Chennai,2018-10-20,1.12,68.62,22.31,110.0,Moderate
Chennai,2018-10-21,0.89,106.37,16.62,124.0,Moderate
Chennai,2018-10-22,0.96,81.41,19.55,218.0,Poor
Chennai,2018-10-23,0.63,53.42,20.24,170.0,Moderate
Chennai,2018-10-24,0.75,73.34,19.44,160.0,Moderate
Chennai,2018-10-25,0.87,79.17,21.39,140.0,Moderate
Chennai,2018-10-26,2.03,103.82,19.89,144.0,Moderate
Chennai,2018-10-27,0.82,83.85,23.1,126.0,Moderate
Chennai,2018-10-28,0.97,103.85,20.55,115.0,Moderate
Chennai,2018-10-29,0.84,93.1,19.05,158.0,Moderate
Chennai,2018-10-30,0.8,99.69,17.96,98.0,Satisfactory
Chennai,2018-10-31,1.15,88.8,17.33,78.0,Satisfactory
Chennai,2018-11-01,1.09,99.75,17.66,83.0,Satisfactory
Chennai,2018-11-02,1.1,103.28,15.78,89.0,Satisfactory
Chennai,2018-11-03,0.87,84.08,14.37,65.0,Satisfactory
Chennai,2018-11-04,0.79,88.05,13.34,167.0,Moderate
Chennai,2018-11-05,0.99,106.45,15.35,85.0,Satisfactory
Chennai,2018-11-06,1.03,113.81,17.64,72.0,Satisfactory
Chennai,2018-11-07,0.99,112.75,18.17,128.0,Moderate
Chennai,2018-11-08,0.94,101.65,21.91,96.0,Satisfactory
Chennai,2018-11-09,1.14,90.68,16.56,133.0,Moderate
Chennai,2018-11-10,1.22,85.32,20.53,137.0,Moderate
Chennai,2018-11-11,1.06,101.08,17.52,155.0,Moderate
Chennai,2018-11-12,1.23,102.19,19.12,185.0,Moderate
Chennai,2018-11-13,1.19,99.8,22.32,231.0,Poor
Chennai,2018-11-14,1.01,96.22,21.1,210.0,Poor
Chennai,2018-11-15,0.99,95.63,16.54,135.0,Moderate
Chennai,2018-11-16,0.98,103.8,14.07,68.0,Satisfactory
Chennai,2018-11-17,1.0,103.08,16.46,71.0,Satisfactory
Chennai,2018-11-18,0.99,98.47,15.57,78.0,Satisfactory
Chennai,2018-11-19,1.03,102.83,13.35,70.0,Satisfactory
Chennai,2018-11-20,1.09,107.93,15.15,72.0,Satisfactory
Chennai,2018-11-21,0.88,103.82,13.69,65.0,Satisfactory
Chennai,2018-11-22,0.92,40.44,17.85,60.0,Satisfactory
Chennai,2018-11-23,1.0,59.67,18.11,70.0,Satisfactory
Chennai,2018-11-24,0.94,62.72,21.25,162.0,Moderate
Chennai,2018-11-25,0.95,51.32,18.89,234.0,Poor
Chennai,2018-11-26,1.05,30.88,24.37,211.0,Poor
Chennai,2018-11-27,1.24,39.32,22.07,141.0,Moderate
Chennai,2018-11-28,0.94,39.76,20.05,123.0,Moderate
Chennai,2018-11-29,0.87,34.41,18.07,90.0,Satisfactory
Chennai,2018-11-30,0.91,36.59,18.47,79.0,Satisfactory
Chennai,2018-12-01,0.85,34.77,19.72,96.0,Satisfactory
Chennai,2018-12-02,0.82,30.73,16.96,74.0,Satisfactory
Chennai,2018-12-03,1.09,34.09,17.89,67.0,Satisfactory
Chennai,2018-12-04,0.98,29.41,17.59,80.0,Satisfactory
Chennai,2018-12-05,1.16,43.69,17.71,86.0,Satisfactory
Chennai,2018-12-06,1.03,41.31,17.19,87.0,Satisfactory
Chennai,2018-12-07,1.06,40.97,16.76,129.0,Moderate
Chennai,2018-12-08,1.06,43.28,16.05,221.0,Poor
Chennai,2018-12-09,1.05,38.86,14.89,224.0,Poor
Chennai,2018-12-10,1.39,42.8,16.81,222.0,Poor
Chennai,2018-12-11,1.13,41.8,19.54,196.0,Moderate
Chennai,2018-12-12,1.04,37.36,23.86,195.0,Moderate
Chennai,2018-12-13,1.05,36.35,20.16,154.0,Moderate
Chennai,2018-12-14,1.08,36.71,19.97,86.0,Satisfactory
Chennai,2018-12-15,0.94,29.36,16.49,149.0,Moderate
Chennai,2018-12-16,0.77,24.23,14.61,155.0,Moderate
Chennai,2018-12-17,1.17,34.09,17.97,89.0,Satisfactory
Chennai,2018-12-18,1.1,33.53,19.64,148.0,Moderate
Chennai,2018-12-19,0.97,36.52,15.74,90.0,Satisfactory
Chennai,2018-12-20,0.99,46.63,16.31,78.0,Satisfactory
Chennai,2018-12-21,0.94,56.57,15.8,81.0,Satisfactory
Chennai,2018-12-22,0.84,56.85,15.84,82.0,Satisfactory
Chennai,2018-12-23,0.91,59.66,16.53,109.0,Moderate
Chennai,2018-12-24,1.03,61.08,16.54,137.0,Moderate
Chennai,2018-12-25,1.04,56.93,17.86,150.0,Moderate
Chennai,2018-12-26,0.93,56.87,16.16,217.0,Poor
Chennai,2018-12-27,1.39,56.72,17.01,182.0,Moderate
Chennai,2018-12-28,1.08,32.55,16.16,160.0,Moderate
Chennai,2018-12-29,1.01,15.8,16.27,205.0,Poor
Chennai,2018-12-30,0.8,16.09,9.74,211.0,Poor
Chennai,2018-12-31,1.01,16.92,11.22,150.0,Moderate
Chennai,2019-01-01,0.86,28.4,13.22,212.0,Poor
Chennai,2019-01-02,1.0,31.32,13.9,158.0,Moderate
Chennai,2019-01-03,0.99,34.77,14.86,167.0,Moderate
Chennai,2019-01-04,0.9,63.69,14.64,192.0,Moderate
Chennai,2019-01-05,0.98,57.52,13.88,116.0,Moderate
Chennai,2019-01-06,0.86,63.61,14.49,186.0,Moderate
Chennai,2019-01-07,0.86,63.64,14.19,168.0,Moderate
Chennai,2019-01-08,0.84,93.11,16.18,108.0,Moderate
Chennai,2019-01-09,0.85,191.23,13.92,185.0,Moderate
Chennai,2019-01-10,0.81,162.85,14.95,181.0,Moderate
Chennai,2019-01-11,0.9,64.09,13.7,199.0,Moderate
Chennai,2019-01-12,0.89,62.16,12.88,183.0,Moderate
Chennai,2019-01-13,1.08,63.82,12.93,105.0,Moderate
Chennai,2019-01-14,0.97,63.79,12.57,110.0,Moderate
Chennai,2019-01-15,1.2,63.11,11.56,115.0,Moderate
Chennai,2019-01-16,0.84,63.85,11.33,97.0,Satisfactory
Chennai,2019-01-17,0.89,63.66,11.15,111.0,Moderate
Chennai,2019-01-18,1.04,64.33,11.39,140.0,Moderate
Chennai,2019-01-19,0.89,63.91,11.74,131.0,Moderate
Chennai,2019-01-20,0.97,65.22,12.43,102.0,Moderate
Chennai,2019-01-21,0.92,48.52,12.28,98.0,Satisfactory
Chennai,2019-01-22,0.87,16.57,12.25,176.0,Moderate
Chennai,2019-01-23,0.87,16.84,12.07,92.0,Satisfactory
Chennai,2019-01-24,1.01,30.26,12.0,99.0,Satisfactory
Chennai,2019-01-25,0.9,65.78,12.21,73.0,Satisfactory
Chennai,2019-01-26,0.83,65.95,10.38,68.0,Satisfactory
Chennai,2019-01-27,0.97,65.49,10.66,70.0,Satisfactory
Chennai,2019-01-28,0.99,65.01,10.43,71.0,Satisfactory
Chennai,2019-01-29,1.01,64.29,12.27,84.0,Satisfactory
Chennai,2019-01-30,0.97,64.06,12.14,120.0,Moderate
Chennai,2019-01-31,0.98,64.5,11.73,144.0,Moderate
Chennai,2019-02-01,0.93,64.85,11.85,147.0,Moderate
Chennai,2019-02-02,0.93,64.64,12.05,99.0,Satisfactory
Chennai,2019-02-03,0.93,64.87,11.26,84.0,Satisfactory
Chennai,2019-02-04,0.94,64.78,11.89,86.0,Satisfactory
Chennai,2019-02-05,1.01,64.59,12.34,115.0,Moderate
Chennai,2019-02-06,0.99,65.28,13.45,149.0,Moderate
Chennai,2019-02-07,1.1,64.89,12.16,138.0,Moderate
Chennai,2019-02-08,1.07,66.42,11.83,87.0,Satisfactory
Chennai,2019-02-09,0.91,66.69,10.92,77.0,Satisfactory
Chennai,2019-02-10,1.0,66.05,10.88,67.0,Satisfactory
Chennai,2019-02-11,1.04,65.78,10.27,77.0,Satisfactory
Chennai,2019-02-12,1.01,64.94,10.73,126.0,Moderate
Chennai,2019-02-13,0.96,64.45,12.07,200.0,Moderate
Chennai,2019-02-14,1.03,65.17,11.68,283.0,Poor
Chennai,2019-02-15,1.08,66.85,11.22,187.0,Moderate
Chennai,2019-02-16,0.94,66.58,11.06,87.0,Satisfactory
Chennai,2019-02-17,0.92,67.23,10.9,93.0,Satisfactory
Chennai,2019-02-18,0.98,67.5,10.6,80.0,Satisfactory
Chennai,2019-02-19,0.99,67.6,10.58,78.0,Satisfactory
Chennai,2019-02-20,0.91,67.41,11.75,66.0,Satisfactory
Chennai,2019-02-21,1.06,66.43,11.21,75.0,Satisfactory
Chennai,2019-02-22,1.09,66.08,11.82,104.0,Moderate
Chennai,2019-02-23,1.01,42.52,13.88,101.0,Moderate
Chennai,2019-02-24,0.95,16.42,12.35,89.0,Satisfactory
Chennai,2019-02-25,1.12,16.61,11.7,105.0,Moderate
Chennai,2019-02-26,1.08,16.9,12.07,279.0,Poor
Chennai,2019-02-27,0.89,18.24,10.65,127.0,Moderate
Chennai,2019-02-28,0.72,10.21,14.43,100.0,Satisfactory
Chennai,2019-03-01,0.82,33.31,11.01,102.0,Moderate
Chennai,2019-03-02,0.66,198.23,15.07,252.0,Poor
Chennai,2019-03-03,0.6,167.9,18.86,128.0,Moderate
Chennai,2019-03-04,0.81,83.05,13.32,76.0,Satisfactory
Chennai,2019-03-05,0.81,118.25,27.1,87.0,Satisfactory
Chennai,2019-03-06,0.81,28.67,12.09,111.0,Moderate
Chennai,2019-03-07,0.78,21.72,20.52,105.0,Moderate
Chennai,2019-03-08,0.77,7.06,14.39,85.0,Satisfactory
Chennai,2019-03-09,0.83,27.86,21.64,90.0,Satisfactory
Chennai,2019-03-10,0.67,23.83,44.19,83.0,Satisfactory
Chennai,2019-03-11,0.77,10.33,18.38,66.0,Satisfactory
Chennai,2019-03-12,0.75,21.22,25.52,89.0,Satisfactory
Chennai,2019-03-13,0.91,21.44,23.74,143.0,Moderate
Chennai,2019-03-14,0.77,20.01,21.05,155.0,Moderate
Chennai,2019-03-15,0.8,24.09,20.97,100.0,Satisfactory
Chennai,2019-03-16,0.71,40.38,24.86,86.0,Satisfactory
Chennai,2019-03-17,0.85,13.98,19.0,106.0,Moderate
Chennai,2019-03-18,0.79,61.25,32.45,86.0,Satisfactory
Chennai,2019-03-19,0.81,57.93,21.72,87.0,Satisfactory
Chennai,2019-03-20,0.71,32.6,17.29,103.0,Moderate
Chennai,2019-03-21,0.65,15.42,10.35,138.0,Moderate
Chennai,2019-03-22,0.84,39.88,12.16,102.0,Moderate
Chennai,2019-03-23,0.72,14.46,19.38,95.0,Satisfactory
Chennai,2019-03-24,0.82,20.98,22.46,83.0,Satisfactory
Chennai,2019-03-25,0.77,14.04,17.53,83.0,Satisfactory
Chennai,2019-03-26,0.87,25.58,24.94,87.0,Satisfactory
Chennai,2019-03-27,0.92,2.79,13.74,81.0,Satisfactory
Chennai,2019-03-28,0.71,2.04,16.52,81.0,Satisfactory
Chennai,2019-03-29,0.85,1.76,15.39,73.0,Satisfactory
Chennai,2019-03-30,0.77,4.76,16.77,81.0,Satisfactory
Chennai,2019-03-31,1.05,1.69,14.06,100.0,Satisfactory
Chennai,2019-04-01,0.98,1.34,12.5,130.0,Moderate
Chennai,2019-04-02,0.93,1.33,12.07,126.0,Moderate
Chennai,2019-04-03,0.93,1.43,14.01,117.0,Moderate
Chennai,2019-04-04,1.02,1.58,14.81,89.0,Satisfactory
Chennai,2019-04-05,1.05,1.59,13.53,100.0,Satisfactory
Chennai,2019-04-06,1.1,1.8,15.09,101.0,Moderate
Chennai,2019-04-07,0.95,1.86,14.5,99.0,Satisfactory
Chennai,2019-04-08,0.97,1.69,14.32,98.0,Satisfactory
Chennai,2019-04-09,0.94,1.79,17.66,112.0,Moderate
Chennai,2019-04-10,1.07,1.85,18.69,111.0,Moderate
Chennai,2019-04-11,1.08,1.74,16.66,110.0,Moderate
Chennai,2019-04-12,1.0,1.61,16.69,100.0,Satisfactory
Chennai,2019-04-13,1.0,1.35,15.55,79.0,Satisfactory
Chennai,2019-04-14,0.99,1.42,15.54,76.0,Satisfactory
Chennai,2019-04-15,1.1,1.46,13.18,76.0,Satisfactory
Chennai,2019-04-16,1.09,1.48,11.66,70.0,Satisfactory
Chennai,2019-04-17,1.01,3.17,9.96,73.0,Satisfactory
Chennai,2019-04-18,0.9,1.45,10.23,62.0,Satisfactory
Chennai,2019-04-19,0.97,1.6,9.13,66.0,Satisfactory
Chennai,2019-04-20,1.06,4.55,8.88,81.0,Satisfactory
Chennai,2019-04-21,0.98,1.61,10.31,85.0,Satisfactory
Chennai,2019-04-22,1.06,3.0,10.58,74.0,Satisfactory
Chennai,2019-04-23,0.97,8.61,10.27,74.0,Satisfactory
Chennai,2019-04-24,1.06,3.84,11.35,73.0,Satisfactory
Chennai,2019-04-25,1.07,2.24,11.27,76.0,Satisfactory
Chennai,2019-04-26,0.97,1.84,11.22,75.0,Satisfactory
Chennai,2019-04-27,1.01,1.75,11.24,69.0,Satisfactory
Chennai,2019-04-28,1.05,1.72,10.97,71.0,Satisfactory
Chennai,2019-04-29,1.13,1.8,10.88,75.0,Satisfactory
Chennai,2019-04-30,1.13,1.67,11.02,78.0,Satisfactory
Chennai,2019-05-01,1.17,2.05,11.74,80.0,Satisfactory
Chennai,2019-05-02,1.06,1.78,13.48,78.0,Satisfactory
Chennai,2019-05-03,0.99,12.12,14.41,78.0,Satisfactory
Chennai,2019-05-04,1.01,3.69,13.77,80.0,Satisfactory
Chennai,2019-05-05,1.02,3.5,12.95,79.0,Satisfactory
Chennai,2019-05-06,1.08,2.4,13.52,82.0,Satisfactory
Chennai,2019-05-07,1.11,2.34,16.66,83.0,Satisfactory
Chennai,2019-05-08,1.02,2.48,15.19,75.0,Satisfactory
Chennai,2019-05-09,1.14,2.79,16.77,79.0,Satisfactory
Chennai,2019-05-10,1.13,2.17,18.05,77.0,Satisfactory
Chennai,2019-05-11,1.03,116.71,52.6,126.0,Moderate
Chennai,2019-05-12,0.92,40.12,34.91,150.0,Moderate
Chennai,2019-05-13,1.05,35.36,30.03,135.0,Moderate
Chennai,2019-05-14,1.01,29.8,29.99,145.0,Moderate
Chennai,2019-05-15,0.85,35.98,24.05,132.0,Moderate
Chennai,2019-05-16,1.04,25.79,13.84,107.0,Moderate
Chennai,2019-05-23,1.08,22.31,13.27,79.0,Satisfactory
Chennai,2019-05-24,1.07,21.95,11.77,113.0,Moderate
Chennai,2019-05-25,0.96,17.89,12.34,124.0,Moderate
Chennai,2019-05-26,1.05,19.66,12.94,131.0,Moderate
Chennai,2019-05-27,1.17,24.34,13.06,113.0,Moderate
Chennai,2019-05-28,1.23,27.04,13.81,132.0,Moderate
Chennai,2019-05-29,1.31,23.03,13.96,137.0,Moderate
Chennai,2019-05-30,1.03,22.91,14.2,141.0,Moderate
Chennai,2019-05-31,1.1,36.18,15.62,156.0,Moderate
Chennai,2019-06-01,0.89,21.04,10.86,148.0,Moderate
Chennai,2019-06-02,0.77,23.32,10.76,143.0,Moderate
Chennai,2019-06-03,1.22,16.79,11.26,161.0,Moderate
Chennai,2019-06-04,1.12,13.53,11.26,143.0,Moderate
Chennai,2019-06-05,0.92,15.32,11.21,153.0,Moderate
Chennai,2019-06-06,0.94,15.41,13.32,132.0,Moderate
Chennai,2019-06-07,1.07,29.81,17.56,94.0,Satisfactory
Chennai,2019-06-08,1.06,11.98,17.07,126.0,Moderate
Chennai,2019-06-09,1.11,17.39,14.7,119.0,Moderate
Chennai,2019-06-10,1.3,22.14,26.93,100.0,Satisfactory
Chennai,2019-06-11,1.31,33.45,27.66,116.0,Moderate
Chennai,2019-06-12,1.05,23.29,23.0,119.0,Moderate
Chennai,2019-06-13,1.05,49.88,24.04,110.0,Moderate
Chennai,2019-06-14,1.09,6.51,34.45,91.0,Satisfactory
Chennai,2019-06-15,1.06,7.83,23.57,89.0,Satisfactory
Chennai,2019-06-16,0.98,7.85,21.94,87.0,Satisfactory
Chennai,2019-06-17,1.0,10.06,24.69,80.0,Satisfactory
Chennai,2019-06-18,1.18,8.41,25.31,108.0,Moderate
Chennai,2019-06-19,0.99,16.98,19.57,91.0,Satisfactory
Chennai,2019-06-20,1.04,16.13,21.33,88.0,Satisfactory
Chennai,2019-06-21,1.1,17.81,22.3,92.0,Satisfactory
Chennai,2019-06-22,0.93,18.12,17.93,96.0,Satisfactory
Chennai,2019-06-23,1.16,19.24,18.25,109.0,Moderate
Chennai,2019-06-24,1.08,16.36,19.87,101.0,Moderate
Chennai,2019-06-25,1.08,28.12,25.81,129.0,Moderate
Chennai,2019-06-29,0.79,4.28,21.16,106.0,Moderate
Chennai,2019-06-30,0.84,6.62,22.21,123.0,Moderate
Chennai,2019-07-01,0.95,5.77,20.68,125.0,Moderate
Chennai,2019-07-02,0.79,4.94,19.08,73.0,Satisfactory
Chennai,2019-07-03,0.82,20.68,19.12,174.0,Moderate
Chennai,2019-07-04,0.85,37.01,17.96,84.0,Satisfactory
Chennai,2019-07-05,0.93,38.4,18.91,134.0,Moderate
Chennai,2019-07-06,0.85,38.36,23.03,85.0,Satisfactory
Chennai,2019-07-07,0.75,39.1,16.99,77.0,Satisfactory
Chennai,2019-07-08,0.82,36.57,17.93,88.0,Satisfactory
Chennai,2019-07-09,0.8,35.7,16.8,92.0,Satisfactory
Chennai,2019-07-10,0.99,36.81,18.33,92.0,Satisfactory
Chennai,2019-07-11,0.92,36.85,23.57,76.0,Satisfactory
Chennai,2019-07-12,0.99,36.25,18.51,81.0,Satisfactory
Chennai,2019-07-13,0.98,35.18,15.18,94.0,Satisfactory
Chennai,2019-07-14,0.77,34.23,13.12,80.0,Satisfactory
Chennai,2019-07-15,0.9,37.39,16.5,99.0,Satisfactory
Chennai,2019-07-16,0.98,43.31,21.57,80.0,Satisfactory
Chennai,2019-07-17,0.98,45.88,22.9,77.0,Satisfactory
Chennai,2019-07-18,0.83,46.06,22.73,85.0,Satisfactory
Chennai,2019-07-19,0.74,41.42,18.13,74.0,Satisfactory
Chennai,2019-07-20,0.94,42.25,18.26,84.0,Satisfactory
Chennai,2019-07-21,0.84,39.28,16.17,87.0,Satisfactory
Chennai,2019-07-22,0.97,36.86,19.09,70.0,Satisfactory
Chennai,2019-07-23,0.85,38.2,18.11,73.0,Satisfactory
Chennai,2019-07-24,0.82,39.38,18.57,73.0,Satisfactory
Chennai,2019-07-25,0.88,38.79,17.75,94.0,Satisfactory
Chennai,2019-07-26,0.86,34.32,18.94,85.0,Satisfactory
Chennai,2019-07-27,0.84,36.58,20.83,66.0,Satisfactory
Chennai,2019-07-28,0.88,29.56,16.86,83.0,Satisfactory
Chennai,2019-07-29,0.8,28.98,15.56,77.0,Satisfactory
Chennai,2019-07-30,0.9,32.77,23.47,74.0,Satisfactory
Chennai,2019-07-31,0.83,27.84,20.61,114.0,Moderate
Chennai,2019-08-01,0.83,27.36,16.49,105.0,Moderate
Chennai,2019-08-02,0.91,28.86,22.26,129.0,Moderate
Chennai,2019-08-03,0.88,42.01,30.79,130.0,Moderate
Chennai,2019-08-04,0.78,87.35,33.02,126.0,Moderate
Chennai,2019-08-05,0.71,54.48,25.52,105.0,Moderate
Chennai,2019-08-06,0.7,40.56,23.39,110.0,Moderate
Chennai,2019-08-07,0.62,37.98,16.89,65.0,Satisfactory
Chennai,2019-08-08,1.05,39.34,17.69,84.0,Satisfactory
Chennai,2019-08-09,0.65,42.18,17.47,70.0,Satisfactory
Chennai,2019-08-10,0.64,33.0,16.78,74.0,Satisfactory
Chennai,2019-08-11,0.57,15.17,13.39,76.0,Satisfactory
Chennai,2019-08-12,0.61,14.28,13.7,112.0,Moderate
Chennai,2019-08-13,0.9,15.41,14.07,80.0,Satisfactory
Chennai,2019-08-14,0.88,22.67,14.06,106.0,Moderate
Chennai,2019-08-15,0.86,36.98,16.94,105.0,Moderate
Chennai,2019-08-16,0.89,41.01,17.24,110.0,Moderate
Chennai,2019-08-17,0.57,29.75,15.33,82.0,Satisfactory
Chennai,2019-08-18,0.55,28.04,12.65,69.0,Satisfactory
Chennai,2019-08-19,0.94,42.66,18.01,58.0,Satisfactory
Chennai,2019-08-20,1.04,60.63,19.07,68.0,Satisfactory
Chennai,2019-08-21,1.0,54.1,18.82,77.0,Satisfactory
Chennai,2019-08-22,0.71,44.27,16.93,82.0,Satisfactory
Chennai,2019-08-23,0.64,15.38,14.8,52.0,Satisfactory
Chennai,2019-08-24,0.58,16.49,13.98,48.0,Good
Chennai,2019-08-25,0.61,26.11,13.79,47.0,Good
Chennai,2019-08-26,0.62,21.26,17.31,57.0,Satisfactory
Chennai,2019-08-27,0.59,20.03,19.81,48.0,Good
Chennai,2019-08-28,0.62,16.78,15.76,104.0,Moderate
Chennai,2019-08-29,0.67,19.36,15.8,51.0,Satisfactory
Chennai,2019-08-30,0.73,20.91,14.85,101.0,Moderate
Chennai,2019-08-31,0.75,19.77,14.73,121.0,Moderate
Chennai,2019-09-01,0.78,19.94,14.12,122.0,Moderate
Chennai,2019-09-02,1.05,38.11,15.41,108.0,Moderate
Chennai,2019-09-03,1.0,40.45,17.05,100.0,Satisfactory
Chennai,2019-09-04,0.93,41.25,18.79,146.0,Moderate
Chennai,2019-09-05,0.82,43.2,18.59,70.0,Satisfactory
Chennai,2019-09-06,0.81,41.7,22.76,75.0,Satisfactory
Chennai,2019-09-07,0.78,16.37,13.94,105.0,Moderate
Chennai,2019-09-09,0.85,39.76,13.31,76.0,Satisfactory
Chennai,2019-09-10,0.75,24.9,12.45,111.0,Moderate
Chennai,2019-09-11,0.86,26.19,12.23,150.0,Moderate
Chennai,2019-09-12,0.83,22.87,11.72,103.0,Moderate
Chennai,2019-09-13,0.71,23.38,11.32,78.0,Satisfactory
Chennai,2019-09-14,0.46,13.97,11.69,81.0,Satisfactory
Chennai,2019-09-15,0.64,15.1,10.29,89.0,Satisfactory
Chennai,2019-09-16,0.88,24.17,10.53,100.0,Satisfactory
Chennai,2019-09-17,0.92,24.31,11.14,96.0,Satisfactory
Chennai,2019-09-18,0.99,24.25,12.0,105.0,Moderate
Chennai,2019-09-19,1.15,26.02,12.44,95.0,Satisfactory
Chennai,2019-09-20,1.15,23.7,11.43,120.0,Moderate
Chennai,2019-09-21,0.83,12.39,13.74,106.0,Moderate
Chennai,2019-09-22,1.12,11.83,16.38,126.0,Moderate
Chennai,2019-09-23,0.76,24.8,12.87,135.0,Moderate
Chennai,2019-09-24,0.9,24.95,11.77,114.0,Moderate
Chennai,2019-09-25,0.86,24.36,10.73,93.0,Satisfactory
Chennai,2019-09-26,0.93,24.95,10.79,99.0,Satisfactory
Chennai,2019-09-27,0.89,25.31,10.05,103.0,Moderate
Chennai,2019-09-28,0.68,16.27,10.69,105.0,Moderate
Chennai,2019-09-29,0.88,13.55,9.1,116.0,Moderate
Chennai,2019-09-30,0.78,17.26,11.32,106.0,Moderate
Chennai,2019-10-01,0.84,19.85,13.2,109.0,Moderate
Chennai,2019-10-02,0.8,32.73,14.87,122.0,Moderate
Chennai,2019-10-03,0.83,30.25,13.87,110.0,Moderate
Chennai,2019-10-04,0.81,29.99,12.89,72.0,Satisfactory
Chennai,2019-10-05,0.63,13.78,15.4,78.0,Satisfactory
Chennai,2019-10-06,0.77,11.59,13.42,145.0,Moderate
Chennai,2019-10-07,0.75,71.41,24.13,108.0,Moderate
Chennai,2019-10-08,0.81,71.93,19.29,141.0,Moderate
Chennai,2019-10-09,0.87,70.21,21.5,114.0,Moderate
Chennai,2019-10-10,0.8,49.41,20.03,92.0,Satisfactory
Chennai,2019-10-11,0.76,26.58,12.98,87.0,Satisfactory
Chennai,2019-10-12,0.56,14.35,13.05,92.0,Satisfactory
Chennai,2019-10-13,0.67,10.29,12.82,89.0,Satisfactory
Chennai,2019-10-14,0.61,23.59,10.65,86.0,Satisfactory
Chennai,2019-10-15,0.68,26.6,14.28,75.0,Satisfactory
Chennai,2019-10-16,0.68,26.58,13.95,64.0,Satisfactory
Chennai,2019-10-17,0.81,32.82,14.72,61.0,Satisfactory
Chennai,2019-10-18,0.77,30.94,13.39,80.0,Satisfactory
Chennai,2019-10-19,0.6,26.93,16.52,75.0,Satisfactory
Chennai,2019-10-20,0.87,29.68,15.91,73.0,Satisfactory
Chennai,2019-10-21,0.85,26.59,14.07,71.0,Satisfactory
Chennai,2019-10-22,0.85,23.88,15.97,69.0,Satisfactory
Chennai,2019-10-23,0.9,25.99,13.91,81.0,Satisfactory
Chennai,2019-10-24,0.92,37.63,22.06,67.0,Satisfactory
Chennai,2019-10-25,0.95,70.13,29.32,86.0,Satisfactory
Chennai,2019-10-26,0.73,22.28,17.79,121.0,Moderate
Chennai,2019-10-27,1.34,16.17,18.36,306.0,Very Poor
Chennai,2019-10-28,1.42,92.78,26.17,208.0,Poor
Chennai,2019-10-29,0.8,86.42,33.68,83.0,Satisfactory
Chennai,2019-10-30,0.78,78.26,28.92,84.0,Satisfactory
Chennai,2019-10-31,0.99,71.49,27.43,141.0,Moderate
Chennai,2019-11-01,1.04,88.85,22.47,133.0,Moderate
Chennai,2019-11-02,0.71,21.3,15.48,76.0,Satisfactory
Chennai,2019-11-03,0.87,25.37,16.78,91.0,Satisfactory
Chennai,2019-11-04,0.98,44.24,19.41,222.0,Poor
Chennai,2019-11-05,1.08,50.12,19.12,261.0,Poor
Chennai,2019-11-06,1.09,47.78,18.98,229.0,Poor
Chennai,2019-11-07,1.04,48.42,18.15,273.0,Poor
Chennai,2019-11-08,0.96,44.44,17.94,294.0,Poor
Chennai,2019-11-09,0.86,19.52,13.83,253.0,Poor
Chennai,2019-11-10,0.98,17.81,13.01,230.0,Poor
Chennai,2019-11-11,0.82,28.7,14.86,192.0,Moderate
Chennai,2019-11-12,0.54,43.56,15.61,77.0,Satisfactory
Chennai,2019-11-13,0.52,68.8,13.89,76.0,Satisfactory
Chennai,2019-11-14,0.47,57.31,11.17,92.0,Satisfactory
Chennai,2019-11-15,0.52,48.59,15.3,84.0,Satisfactory
Chennai,2019-11-16,0.54,47.94,14.58,57.0,Satisfactory
Chennai,2019-11-17,0.53,22.5,14.19,122.0,Moderate
Chennai,2019-11-18,0.46,36.89,11.86,90.0,Satisfactory
Chennai,2019-11-19,0.55,46.14,11.17,63.0,Satisfactory
Chennai,2019-11-20,0.46,61.47,10.0,47.0,Good
Chennai,2019-11-21,0.47,78.83,10.78,56.0,Satisfactory
Chennai,2019-11-22,0.46,61.69,10.19,60.0,Satisfactory
Chennai,2019-11-23,0.47,49.2,15.6,64.0,Satisfactory
Chennai,2019-11-24,0.49,51.02,12.43,110.0,Moderate
Chennai,2019-11-25,0.47,39.16,12.6,86.0,Satisfactory
Chennai,2019-11-26,0.52,48.86,21.97,77.0,Satisfactory
Chennai,2019-11-27,0.53,43.12,12.54,80.0,Satisfactory
Chennai,2019-11-28,0.52,40.31,20.28,63.0,Satisfactory
Chennai,2019-11-29,0.45,83.27,10.09,53.0,Satisfactory
Chennai,2019-11-30,0.38,74.49,12.09,48.0,Good
Chennai,2019-12-01,0.47,53.9,12.66,60.0,Satisfactory
Chennai,2019-12-02,0.44,82.54,11.51,49.0,Good
Chennai,2019-12-03,0.54,195.53,12.03,56.0,Satisfactory
Chennai,2019-12-04,0.52,157.47,11.2,71.0,Satisfactory
Chennai,2019-12-05,0.44,149.57,11.1,93.0,Satisfactory
Chennai,2019-12-06,0.55,207.14,13.29,107.0,Moderate
Chennai,2019-12-07,0.91,126.94,15.86,76.0,Satisfactory
Chennai,2019-12-08,0.93,119.95,21.19,69.0,Satisfactory
Chennai,2019-12-09,0.71,94.18,26.96,61.0,Satisfactory
Chennai,2019-12-11,0.73,97.57,23.21,72.0,Satisfactory
Chennai,2019-12-12,0.54,104.69,16.54,62.0,Satisfactory
Chennai,2019-12-13,0.56,94.21,18.49,52.0,Satisfactory
Chennai,2019-12-14,0.72,91.29,21.13,68.0,Satisfactory
Chennai,2019-12-15,0.64,104.56,19.49,70.0,Satisfactory
Chennai,2019-12-16,0.7,73.65,18.27,59.0,Satisfactory
Chennai,2019-12-17,0.53,87.78,17.87,62.0,Satisfactory
Chennai,2019-12-18,0.52,87.37,17.69,92.0,Satisfactory
Chennai,2019-12-19,0.53,85.14,16.88,83.0,Satisfactory
Chennai,2019-12-20,0.66,86.5,16.87,106.0,Moderate
Chennai,2019-12-21,0.69,87.16,18.47,126.0,Moderate
Chennai,2019-12-22,0.6,80.23,16.14,134.0,Moderate
Chennai,2019-12-23,0.69,88.89,19.05,92.0,Satisfactory
Chennai,2019-12-24,0.6,76.4,19.46,99.0,Satisfactory
Chennai,2019-12-25,0.75,85.55,19.74,99.0,Satisfactory
Chennai,2019-12-26,0.72,84.51,20.28,110.0,Moderate
Chennai,2019-12-27,0.54,77.64,17.66,77.0,Satisfactory
Chennai,2019-12-28,0.65,87.86,20.27,65.0,Satisfactory
Chennai,2019-12-29,0.62,70.6,14.61,92.0,Satisfactory
Chennai,2019-12-30,0.57,56.89,14.2,83.0,Satisfactory
Chennai,2019-12-31,0.61,66.97,15.44,84.0,Satisfactory
Chennai,2020-01-01,0.65,69.17,12.66,70.0,Satisfactory
Chennai,2020-01-02,0.76,65.15,11.47,57.0,Satisfactory
Chennai,2020-01-03,0.97,60.39,10.95,74.0,Satisfactory
Chennai,2020-01-04,0.87,62.05,11.49,64.0,Satisfactory
Chennai,2020-01-05,0.77,45.46,8.69,62.0,Satisfactory
Chennai,2020-01-06,0.83,50.01,10.41,61.0,Satisfactory
Chennai,2020-01-07,0.55,53.89,12.16,55.0,Satisfactory
Chennai,2020-01-08,0.55,58.6,17.3,73.0,Satisfactory
Chennai,2020-01-09,0.78,48.44,17.47,79.0,Satisfactory
Chennai,2020-01-10,0.77,52.55,17.3,74.0,Satisfactory
Chennai,2020-01-11,0.79,58.71,18.69,72.0,Satisfactory
Chennai,2020-01-12,0.85,58.05,14.35,83.0,Satisfactory
Chennai,2020-01-13,0.88,61.12,16.68,140.0,Moderate
Chennai,2020-01-14,1.1,72.09,20.24,230.0,Poor
Chennai,2020-01-15,0.65,44.99,13.76,168.0,Moderate
Chennai,2020-01-16,0.65,44.81,12.32,74.0,Satisfactory
Chennai,2020-01-17,0.7,39.79,11.1,62.0,Satisfactory
Chennai,2020-01-18,0.84,39.0,10.68,65.0,Satisfactory
Chennai,2020-01-19,0.78,42.27,17.08,67.0,Satisfactory
Chennai,2020-01-20,0.88,50.68,23.7,69.0,Satisfactory
Chennai,2020-01-21,0.8,50.0,22.62,85.0,Satisfactory
Chennai,2020-01-22,0.89,58.36,20.03,93.0,Satisfactory
Chennai,2020-01-23,0.87,54.57,16.9,104.0,Moderate
Chennai,2020-01-24,0.97,47.63,24.68,123.0,Moderate
Chennai,2020-01-25,0.9,53.49,20.2,110.0,Moderate
Chennai,2020-01-26,0.9,50.09,16.43,87.0,Satisfactory
Chennai,2020-01-27,1.08,44.6,18.37,78.0,Satisfactory
Chennai,2020-01-28,1.11,42.72,17.4,85.0,Satisfactory
Chennai,2020-01-29,1.02,42.76,14.74,84.0,Satisfactory
Chennai,2020-01-30,0.94,45.74,14.87,87.0,Satisfactory
Chennai,2020-01-31,1.09,46.62,14.02,78.0,Satisfactory
Chennai,2020-02-01,0.86,46.18,13.12,63.0,Satisfactory
Chennai,2020-02-02,0.77,44.32,12.12,55.0,Satisfactory
Chennai,2020-02-03,0.88,43.9,13.74,63.0,Satisfactory
Chennai,2020-02-04,0.88,39.7,10.92,74.0,Satisfactory
Chennai,2020-02-05,0.84,38.35,13.26,94.0,Satisfactory
Chennai,2020-02-06,0.91,34.32,19.32,89.0,Satisfactory
Chennai,2020-02-07,0.78,35.67,14.12,75.0,Satisfactory
Chennai,2020-02-08,0.77,36.46,10.61,64.0,Satisfactory
Chennai,2020-02-09,0.8,40.54,8.77,61.0,Satisfactory
Chennai,2020-02-10,0.73,40.52,10.09,58.0,Satisfactory
Chennai,2020-02-11,0.84,39.59,19.96,69.0,Satisfactory
Chennai,2020-02-12,0.86,37.32,22.0,81.0,Satisfactory
Chennai,2020-02-13,0.93,38.99,18.01,93.0,Satisfactory
Chennai,2020-02-14,1.02,39.09,17.3,118.0,Moderate
Chennai,2020-02-15,0.9,43.92,17.74,121.0,Moderate
Chennai,2020-02-16,0.78,42.36,12.71,82.0,Satisfactory
Chennai,2020-02-17,0.77,39.88,13.64,72.0,Satisfactory
Chennai,2020-02-18,0.96,48.53,18.11,85.0,Satisfactory
Chennai,2020-02-19,0.77,91.73,14.71,84.0,Satisfactory
Chennai,2020-02-20,0.67,88.0,14.09,77.0,Satisfactory
Chennai,2020-02-21,0.83,73.98,19.91,75.0,Satisfactory
Chennai,2020-02-22,0.86,109.55,8.63,76.0,Satisfactory
Chennai,2020-02-23,0.72,104.04,8.88,65.0,Satisfactory
Chennai,2020-02-24,0.97,97.04,10.95,77.0,Satisfactory
Chennai,2020-02-25,0.9,78.04,12.69,81.0,Satisfactory
Chennai,2020-02-26,0.58,39.97,8.88,84.0,Satisfactory
Chennai,2020-02-27,0.67,41.23,8.7,83.0,Satisfactory
Chennai,2020-02-28,0.77,39.86,11.08,75.0,Satisfactory
Chennai,2020-02-29,0.69,44.53,14.62,72.0,Satisfactory
Chennai,2020-03-01,0.55,34.2,9.2,80.0,Satisfactory
Chennai,2020-03-02,0.66,33.25,13.01,76.0,Satisfactory
Chennai,2020-03-03,0.64,32.11,16.26,96.0,Satisfactory
Chennai,2020-03-04,0.7,37.45,15.71,84.0,Satisfactory
Chennai,2020-03-05,0.74,40.5,14.04,77.0,Satisfactory
Chennai,2020-03-06,0.75,41.88,9.72,61.0,Satisfactory
Chennai,2020-03-07,0.65,65.59,10.66,69.0,Satisfactory
Chennai,2020-03-08,0.62,89.9,6.21,57.0,Satisfactory
Chennai,2020-03-09,0.71,90.66,8.54,65.0,Satisfactory
Chennai,2020-03-10,0.55,80.22,10.56,61.0,Satisfactory
Chennai,2020-03-11,0.63,38.99,7.98,76.0,Satisfactory
Chennai,2020-03-12,0.74,40.37,8.75,65.0,Satisfactory
Chennai,2020-03-13,0.96,44.03,16.97,72.0,Satisfactory
Chennai,2020-03-14,0.7,42.2,15.67,74.0,Satisfactory
Chennai,2020-03-15,0.55,36.49,10.34,79.0,Satisfactory
Chennai,2020-03-16,0.86,41.14,10.44,66.0,Satisfactory
Chennai,2020-03-17,0.86,40.46,9.17,76.0,Satisfactory
Chennai,2020-03-18,0.87,43.97,8.1,92.0,Satisfactory
Chennai,2020-03-19,0.87,47.47,10.09,88.0,Satisfactory
Chennai,2020-03-20,0.91,42.16,8.56,95.0,Satisfactory
Chennai,2020-03-21,0.97,54.98,8.49,80.0,Satisfactory
Chennai,2020-03-22,0.85,55.35,5.39,71.0,Satisfactory
Chennai,2020-03-23,0.94,60.26,7.85,73.0,Satisfactory
Chennai,2020-03-24,0.61,55.45,6.91,57.0,Satisfactory
Chennai,2020-03-25,0.65,51.89,4.38,58.0,Satisfactory
Chennai,2020-03-26,0.55,49.77,7.22,54.0,Satisfactory
Chennai,2020-03-27,0.51,44.96,4.85,59.0,Satisfactory
Chennai,2020-03-28,0.56,46.53,4.91,55.0,Satisfactory
Chennai,2020-03-29,0.52,45.68,7.21,53.0,Satisfactory
Chennai,2020-03-30,0.52,52.9,9.78,50.0,Good
Chennai,2020-03-31,0.51,54.33,8.57,60.0,Satisfactory
Chennai,2020-04-01,0.62,50.1,10.39,75.0,Satisfactory
Chennai,2020-04-02,0.61,50.32,8.54,74.0,Satisfactory
Chennai,2020-04-03,0.59,51.8,7.25,72.0,Satisfactory
Chennai,2020-04-04,0.58,46.61,7.11,67.0,Satisfactory
Chennai,2020-04-05,0.55,46.39,7.27,66.0,Satisfactory
Chennai,2020-04-06,0.61,43.97,9.43,57.0,Satisfactory
Chennai,2020-04-07,0.59,47.13,9.57,55.0,Satisfactory
Chennai,2020-04-08,0.57,45.69,7.9,55.0,Satisfactory
Chennai,2020-04-09,0.57,60.1,12.74,55.0,Satisfactory
Chennai,2020-04-10,0.56,61.87,12.87,80.0,Satisfactory
Chennai,2020-04-11,0.57,55.7,11.18,60.0,Satisfactory
Chennai,2020-04-12,0.65,47.11,10.38,59.0,Satisfactory
Chennai,2020-04-13,0.66,49.54,12.1,64.0,Satisfactory
Chennai,2020-04-14,0.59,47.7,9.58,65.0,Satisfactory
Chennai,2020-04-15,0.59,49.01,8.34,62.0,Satisfactory
Chennai,2020-04-16,0.61,53.62,8.1,65.0,Satisfactory
Chennai,2020-04-17,0.58,52.33,5.33,65.0,Satisfactory
Chennai,2020-04-18,0.6,51.15,7.29,56.0,Satisfactory
Chennai,2020-04-19,0.58,45.24,5.34,59.0,Satisfactory
Chennai,2020-04-20,0.55,34.89,4.08,59.0,Satisfactory
Chennai,2020-04-21,0.64,42.58,4.48,61.0,Satisfactory
Chennai,2020-04-22,0.58,41.11,8.04,60.0,Satisfactory
Chennai,2020-04-23,0.59,36.07,11.64,56.0,Satisfactory
Chennai,2020-04-24,0.66,27.56,10.61,58.0,Satisfactory
Chennai,2020-04-25,0.68,28.33,11.07,67.0,Satisfactory
Chennai,2020-04-26,0.78,32.18,12.01,66.0,Satisfactory
Chennai,2020-04-27,0.75,33.16,6.92,60.0,Satisfactory
Chennai,2020-04-28,0.7,30.45,5.65,68.0,Satisfactory
Chennai,2020-04-29,0.68,28.31,6.85,69.0,Satisfactory
Chennai,2020-04-30,0.67,26.68,11.18,70.0,Satisfactory
Chennai,2020-05-01,0.73,26.85,5.39,71.0,Satisfactory
Chennai,2020-05-02,0.7,28.23,4.25,70.0,Satisfactory
Chennai,2020-05-03,0.75,30.93,3.73,71.0,Satisfactory
Chennai,2020-05-04,0.7,28.36,4.1,66.0,Satisfactory
Chennai,2020-05-05,0.75,27.82,4.13,81.0,Satisfactory
Chennai,2020-05-06,0.69,32.96,5.59,78.0,Satisfactory
Chennai,2020-05-07,0.76,29.93,5.48,73.0,Satisfactory
Chennai,2020-05-08,0.72,28.94,5.17,76.0,Satisfactory
Chennai,2020-05-09,0.69,33.86,4.57,65.0,Satisfactory
Chennai,2020-05-10,0.72,39.18,5.09,69.0,Satisfactory
Chennai,2020-05-11,0.71,41.46,5.29,66.0,Satisfactory
Chennai,2020-05-12,0.72,39.1,5.42,68.0,Satisfactory
Chennai,2020-05-13,0.66,39.06,5.26,69.0,Satisfactory
Chennai,2020-05-14,0.7,37.44,7.32,77.0,Satisfactory
Chennai,2020-05-15,0.83,40.37,10.11,70.0,Satisfactory
Chennai,2020-05-16,0.84,43.92,5.45,82.0,Satisfactory
Chennai,2020-05-17,0.7,45.0,8.16,68.0,Satisfactory
Chennai,2020-05-18,1.06,44.56,8.74,76.0,Satisfactory
Chennai,2020-05-19,0.93,44.83,15.18,82.0,Satisfactory
Chennai,2020-05-20,1.01,45.35,14.36,90.0,Satisfactory
Chennai,2020-05-21,1.01,41.6,12.19,92.0,Satisfactory
Chennai,2020-05-22,0.95,38.67,11.32,102.0,Moderate
Chennai,2020-05-23,0.84,41.13,10.08,77.0,Satisfactory
Chennai,2020-05-24,1.12,41.49,9.37,81.0,Satisfactory
Chennai,2020-05-25,1.01,43.04,9.59,79.0,Satisfactory
Chennai,2020-05-26,1.0,44.75,8.96,79.0,Satisfactory
Chennai,2020-05-27,1.07,38.36,9.65,77.0,Satisfactory
Chennai,2020-05-28,1.12,39.58,10.58,79.0,Satisfactory
Chennai,2020-05-29,1.11,40.71,13.54,112.0,Moderate
Chennai,2020-05-30,0.94,41.97,9.69,105.0,Moderate
Chennai,2020-05-31,1.02,44.57,7.97,88.0,Satisfactory
Chennai,2020-06-01,1.16,39.35,10.07,101.0,Moderate
Chennai,2020-06-02,1.07,44.09,9.24,95.0,Satisfactory
Chennai,2020-06-03,1.01,44.45,9.41,76.0,Satisfactory
Chennai,2020-06-04,1.05,42.17,8.64,99.0,Satisfactory
Chennai,2020-06-05,1.09,43.01,9.51,81.0,Satisfactory
Chennai,2020-06-06,1.17,44.39,10.97,92.0,Satisfactory
Chennai,2020-06-07,1.17,43.08,12.19,128.0,Moderate
Chennai,2020-06-08,1.16,42.77,12.62,85.0,Satisfactory
Chennai,2020-06-09,0.96,42.45,16.08,87.0,Satisfactory
Chennai,2020-06-10,0.83,51.0,13.97,80.0,Satisfactory
Chennai,2020-06-11,1.21,40.68,11.45,106.0,Moderate
Chennai,2020-06-12,1.2,43.45,13.24,169.0,Moderate
Chennai,2020-06-13,1.01,34.03,11.16,112.0,Moderate
Chennai,2020-06-14,1.03,30.11,14.53,80.0,Satisfactory
Chennai,2020-06-15,1.17,31.52,11.06,79.0,Satisfactory
Chennai,2020-06-16,1.18,36.36,12.26,86.0,Satisfactory
Chennai,2020-06-17,1.08,34.49,15.03,96.0,Satisfactory
Chennai,2020-06-18,1.21,33.65,17.22,112.0,Moderate
Chennai,2020-06-19,1.05,34.78,15.56,109.0,Moderate
Chennai,2020-06-20,1.12,34.06,14.48,152.0,Moderate
Chennai,2020-06-21,1.08,34.42,13.11,140.0,Moderate
Chennai,2020-06-22,1.12,35.35,8.94,106.0,Moderate
Chennai,2020-06-23,1.13,35.21,11.11,109.0,Moderate
Chennai,2020-06-24,1.07,34.89,9.57,102.0,Moderate
Chennai,2020-06-25,1.1,33.84,10.74,108.0,Moderate
Chennai,2020-06-26,1.14,35.0,7.94,95.0,Satisfactory
Chennai,2020-06-27,1.1,33.2,12.96,95.0,Satisfactory
Chennai,2020-06-28,0.76,35.98,10.0,98.0,Satisfactory
Chennai,2020-06-29,0.96,34.07,9.69,104.0,Moderate
Chennai,2020-06-30,1.05,34.17,12.38,110.0,Moderate
Chennai,2020-07-01,1.02,33.52,10.72,92.0,Satisfactory
Coimbatore,2019-06-13,1.14,8.8,4.95,65.0,Satisfactory
Coimbatore,2019-06-14,1.18,8.21,5.35,66.0,Satisfactory
Coimbatore,2019-06-15,1.15,7.35,6.23,60.0,Satisfactory
Coimbatore,2019-06-16,1.11,6.65,4.1,62.0,Satisfactory
Coimbatore,2019-06-17,1.2,5.88,4.63,64.0,Satisfactory
Coimbatore,2019-06-18,1.29,8.29,4.83,76.0,Satisfactory
Coimbatore,2019-06-19,1.23,7.91,5.13,82.0,Satisfactory
Coimbatore,2019-06-20,1.06,8.5,8.43,68.0,Satisfactory
Coimbatore,2019-06-22,1.13,17.23,9.76,67.0,Satisfactory
Coimbatore,2019-06-23,0.92,11.82,7.23,58.0,Satisfactory
Coimbatore,2019-06-24,1.01,12.78,9.86,53.0,Satisfactory
Coimbatore,2019-06-25,1.07,16.78,8.76,73.0,Satisfactory
Coimbatore,2019-06-26,1.08,17.37,9.09,75.0,Satisfactory
Coimbatore,2019-06-27,1.09,16.98,8.03,72.0,Satisfactory
Coimbatore,2019-06-28,1.09,16.77,7.6,66.0,Satisfactory
Coimbatore,2019-06-29,1.05,16.48,7.64,68.0,Satisfactory
Coimbatore,2019-06-30,0.91,13.2,5.44,56.0,Satisfactory
Coimbatore,2019-07-01,0.89,13.79,7.22,46.0,Good
Coimbatore,2019-07-02,1.13,23.1,8.87,61.0,Satisfactory
Coimbatore,2019-07-03,1.14,17.79,8.66,64.0,Satisfactory
Coimbatore,2019-07-08,1.08,28.83,9.03,57.0,Satisfactory
Coimbatore,2019-07-09,1.1,33.46,16.56,60.0,Satisfactory
Coimbatore,2019-07-10,1.12,32.64,16.06,60.0,Satisfactory
Coimbatore,2019-07-11,1.16,31.08,18.12,62.0,Satisfactory
Coimbatore,2019-07-12,1.21,30.6,16.21,70.0,Satisfactory
Coimbatore,2019-07-13,1.2,28.84,16.49,68.0,Satisfactory
Coimbatore,2019-07-14,1.08,26.22,15.35,58.0,Satisfactory
Coimbatore,2019-07-15,1.17,26.58,15.81,61.0,Satisfactory
Coimbatore,2019-07-16,1.11,27.95,16.19,67.0,Satisfactory
Coimbatore,2019-07-17,1.03,28.33,16.04,59.0,Satisfactory
Coimbatore,2019-07-21,1.34,28.17,14.15,75.0,Satisfactory
Coimbatore,2019-07-22,1.28,26.82,14.24,67.0,Satisfactory
Coimbatore,2019-07-23,1.33,28.25,14.46,71.0,Satisfactory
Coimbatore,2019-07-24,1.32,31.24,14.71,71.0,Satisfactory
Coimbatore,2019-07-25,1.34,32.4,15.24,74.0,Satisfactory
Coimbatore,2019-07-26,1.36,32.32,14.95,73.0,Satisfactory
Coimbatore,2019-07-27,1.41,32.74,14.55,77.0,Satisfactory
Coimbatore,2019-07-28,1.3,29.66,13.11,77.0,Satisfactory
Coimbatore,2019-07-29,1.43,28.0,17.11,76.0,Satisfactory
Coimbatore,2019-07-30,1.4,29.73,14.28,80.0,Satisfactory
Coimbatore,2019-07-31,1.47,32.5,15.3,80.0,Satisfactory
Coimbatore,2019-08-01,1.4,33.14,14.59,78.0,Satisfactory
Coimbatore,2019-08-02,1.47,30.34,13.03,79.0,Satisfactory
Coimbatore,2019-08-03,1.42,28.32,11.43,78.0,Satisfactory
Coimbatore,2019-08-04,1.3,25.25,10.06,66.0,Satisfactory
Coimbatore,2019-08-05,1.4,25.99,10.12,72.0,Satisfactory
Coimbatore,2019-08-06,1.53,27.56,10.66,81.0,Satisfactory
Coimbatore,2019-08-08,1.48,26.66,9.81,85.0,Satisfactory
Coimbatore,2019-08-09,1.3,26.76,7.31,73.0,Satisfactory
Coimbatore,2019-08-10,1.38,32.28,6.16,76.0,Satisfactory
Coimbatore,2019-08-11,1.32,31.14,5.97,78.0,Satisfactory
Coimbatore,2019-08-12,1.33,28.44,7.36,69.0,Satisfactory
Coimbatore,2019-08-13,1.37,26.29,8.29,73.0,Satisfactory
Coimbatore,2019-08-14,1.47,26.68,8.65,79.0,Satisfactory
Coimbatore,2019-08-15,1.32,26.69,6.9,77.0,Satisfactory
Coimbatore,2019-08-16,1.37,25.25,7.83,75.0,Satisfactory
Coimbatore,2019-08-17,1.46,23.99,8.4,78.0,Satisfactory
Coimbatore,2019-08-18,1.38,22.55,7.08,72.0,Satisfactory
Coimbatore,2019-08-19,1.45,22.26,8.11,76.0,Satisfactory
Coimbatore,2019-08-20,1.48,22.16,8.84,80.0,Satisfactory
Coimbatore,2019-08-21,1.48,21.85,7.94,78.0,Satisfactory
Coimbatore,2019-08-22,1.44,20.73,7.75,79.0,Satisfactory
Coimbatore,2019-08-23,1.45,21.57,7.15,75.0,Satisfactory
Coimbatore,2019-08-24,1.51,21.71,7.44,80.0,Satisfactory
Coimbatore,2019-08-25,1.38,19.4,6.65,73.0,Satisfactory
Coimbatore,2019-09-01,1.51,2.69,7.81,87.0,Satisfactory
Coimbatore,2019-09-02,1.6,2.13,9.74,90.0,Satisfactory
Coimbatore,2019-09-03,1.66,1.93,10.78,94.0,Satisfactory
Coimbatore,2019-09-04,1.65,2.09,10.91,94.0,Satisfactory
Coimbatore,2019-09-05,1.86,2.71,8.44,98.0,Satisfactory
Coimbatore,2019-09-06,1.73,3.73,5.04,96.0,Satisfactory
Coimbatore,2019-09-07,1.68,3.46,5.83,98.0,Satisfactory
Coimbatore,2019-09-08,1.52,4.32,3.29,85.0,Satisfactory
Coimbatore,2019-09-09,1.5,3.9,4.61,78.0,Satisfactory
Coimbatore,2019-09-10,1.48,3.31,7.04,76.0,Satisfactory
Coimbatore,2019-09-12,1.56,4.01,4.4,83.0,Satisfactory
Coimbatore,2019-09-13,1.62,3.4,6.82,84.0,Satisfactory
Coimbatore,2019-09-14,1.63,3.7,6.43,88.0,Satisfactory
Coimbatore,2019-09-15,1.51,4.38,4.44,82.0,Satisfactory
Coimbatore,2019-09-16,1.59,4.64,3.11,86.0,Satisfactory
Coimbatore,2019-09-17,1.61,4.6,3.2,85.0,Satisfactory
Coimbatore,2019-09-18,1.64,4.5,3.78,88.0,Satisfactory
Coimbatore,2019-09-19,1.6,3.9,7.26,90.0,Satisfactory
Coimbatore,2019-09-20,1.63,1.87,12.36,95.0,Satisfactory
Coimbatore,2019-09-21,1.39,1.81,12.85,98.0,Satisfactory
Coimbatore,2019-09-22,1.42,2.59,9.9,78.0,Satisfactory
Coimbatore,2019-09-23,1.43,2.7,12.88,73.0,Satisfactory
Coimbatore,2019-09-24,1.47,1.7,16.04,78.0,Satisfactory
Coimbatore,2019-09-25,1.49,2.73,10.18,82.0,Satisfactory
Coimbatore,2019-09-26,1.49,3.08,8.98,81.0,Satisfactory
Coimbatore,2019-09-27,1.68,2.19,13.46,93.0,Satisfactory
Coimbatore,2019-09-28,1.75,2.1,15.53,95.0,Satisfactory
Coimbatore,2019-09-29,1.69,3.26,8.08,95.0,Satisfactory
Coimbatore,2019-09-30,1.72,3.01,8.1,94.0,Satisfactory
Coimbatore,2019-10-01,1.71,3.16,9.07,94.0,Satisfactory
Coimbatore,2019-10-02,1.71,3.59,6.01,96.0,Satisfactory
Coimbatore,2019-10-03,1.74,2.98,7.5,94.0,Satisfactory
Coimbatore,2019-10-04,1.75,3.1,7.16,96.0,Satisfactory
Coimbatore,2019-10-05,1.76,3.09,7.82,94.0,Satisfactory
Coimbatore,2019-10-06,1.64,3.72,4.88,88.0,Satisfactory
Coimbatore,2019-10-07,1.57,4.37,2.78,85.0,Satisfactory
Coimbatore,2019-10-08,1.54,4.47,3.07,81.0,Satisfactory
Coimbatore,2019-10-09,1.71,3.29,6.55,91.0,Satisfactory
Coimbatore,2019-10-10,1.77,2.95,12.03,95.0,Satisfactory
Coimbatore,2019-10-11,1.78,0.46,23.55,95.0,Satisfactory
Coimbatore,2019-10-12,1.74,0.94,14.49,93.0,Satisfactory
Coimbatore,2019-10-13,1.65,2.76,7.54,90.0,Satisfactory
Coimbatore,2019-10-14,2.17,2.92,30.1,102.0,Moderate
Coimbatore,2019-10-15,2.13,0.66,40.93,108.0,Moderate
Coimbatore,2019-10-16,2.15,1.87,33.12,108.0,Moderate
Coimbatore,2019-10-17,1.99,5.77,19.61,106.0,Moderate
Coimbatore,2019-10-18,1.91,5.65,15.74,101.0,Moderate
Coimbatore,2019-10-19,2.0,5.24,18.1,99.0,Satisfactory
Coimbatore,2019-10-21,1.8,5.63,10.77,93.0,Satisfactory
Coimbatore,2019-10-22,1.74,9.45,10.32,90.0,Satisfactory
Coimbatore,2019-10-23,1.7,6.74,9.24,88.0,Satisfactory
Coimbatore,2019-10-24,1.73,7.76,5.85,92.0,Satisfactory
Coimbatore,2019-10-25,1.7,8.07,6.07,91.0,Satisfactory
Coimbatore,2019-10-26,1.61,7.36,5.43,85.0,Satisfactory
Coimbatore,2019-10-27,1.75,6.46,14.64,88.0,Satisfactory
Coimbatore,2019-10-29,1.9,6.82,13.75,100.0,Satisfactory
Coimbatore,2019-10-30,1.9,6.39,13.31,99.0,Satisfactory
Coimbatore,2019-10-31,1.28,7.39,10.5,92.0,Satisfactory
Coimbatore,2019-11-01,0.61,6.06,19.43,48.0,Good
Coimbatore,2019-11-02,0.91,4.94,26.71,67.0,Satisfactory
Coimbatore,2019-11-03,0.8,4.67,18.38,88.0,Satisfactory
Coimbatore,2019-11-04,0.88,4.37,26.66,102.0,Moderate
Coimbatore,2019-11-05,0.73,2.93,31.98,93.0,Satisfactory
Coimbatore,2019-11-06,0.27,3.88,21.36,85.0,Satisfactory
Coimbatore,2019-11-07,0.3,3.56,22.85,72.0,Satisfactory
Coimbatore,2019-11-08,0.31,3.57,20.4,66.0,Satisfactory
Coimbatore,2019-11-09,0.33,3.8,17.88,70.0,Satisfactory
Coimbatore,2019-11-10,0.28,4.07,14.92,69.0,Satisfactory
Coimbatore,2019-11-11,0.53,3.36,29.58,83.0,Satisfactory
Coimbatore,2019-11-12,0.58,3.19,31.26,74.0,Satisfactory
Coimbatore,2019-11-13,0.45,3.39,26.77,84.0,Satisfactory
Coimbatore,2019-11-14,0.47,3.44,28.47,67.0,Satisfactory
Coimbatore,2019-11-15,0.42,4.77,23.84,70.0,Satisfactory
Coimbatore,2019-11-16,0.43,4.47,23.99,67.0,Satisfactory
Coimbatore,2019-11-17,0.45,5.06,16.58,69.0,Satisfactory
Coimbatore,2019-11-19,0.52,7.53,31.32,54.0,Satisfactory
Coimbatore,2019-11-20,0.64,4.69,31.43,68.0,Satisfactory
Coimbatore,2019-11-21,0.65,5.37,22.97,61.0,Satisfactory
Coimbatore,2019-11-22,1.01,3.79,28.22,68.0,Satisfactory
Coimbatore,2019-11-23,0.86,3.3,30.24,68.0,Satisfactory
Coimbatore,2019-11-24,0.72,3.13,25.42,73.0,Satisfactory
Coimbatore,2019-11-25,0.73,3.56,25.28,71.0,Satisfactory
Coimbatore,2019-11-26,0.78,3.39,29.24,78.0,Satisfactory
Coimbatore,2019-11-27,0.72,3.29,23.67,66.0,Satisfactory
Coimbatore,2019-11-28,0.76,4.64,27.06,59.0,Satisfactory
Coimbatore,2019-11-29,0.74,5.2,24.31,67.0,Satisfactory
Coimbatore,2019-11-30,0.69,5.92,27.19,57.0,Satisfactory
Coimbatore,2019-12-01,0.5,6.32,13.32,45.0,Good
Coimbatore,2019-12-02,0.55,6.4,16.82,37.0,Good
Coimbatore,2019-12-03,0.72,5.15,25.12,48.0,Good
Coimbatore,2019-12-04,0.64,4.0,23.8,61.0,Satisfactory
Coimbatore,2019-12-05,0.64,2.81,32.17,70.0,Satisfactory
Coimbatore,2019-12-06,0.64,1.72,29.72,108.0,Moderate
Coimbatore,2019-12-07,0.64,2.56,28.01,91.0,Satisfactory
Coimbatore,2019-12-08,0.55,4.26,16.03,65.0,Satisfactory
Coimbatore,2019-12-09,0.63,3.59,27.02,63.0,Satisfactory
Coimbatore,2019-12-10,0.58,2.96,28.68,69.0,Satisfactory
Coimbatore,2019-12-11,0.75,4.85,22.38,73.0,Satisfactory
Coimbatore,2019-12-19,1.22,8.48,67.46,66.0,Satisfactory
Coimbatore,2019-12-20,1.25,3.95,61.67,78.0,Satisfactory
Coimbatore,2019-12-21,1.1,0.86,28.01,86.0,Satisfactory
Coimbatore,2019-12-23,0.93,2.22,41.45,82.0,Satisfactory
Coimbatore,2019-12-25,0.95,1.03,38.57,68.0,Satisfactory
Coimbatore,2019-12-26,0.69,3.12,32.72,60.0,Satisfactory
Coimbatore,2019-12-27,0.31,3.92,17.86,88.0,Satisfactory
Coimbatore,2019-12-28,0.05,7.94,16.25,74.0,Satisfactory
Coimbatore,2019-12-29,0.08,5.76,17.98,65.0,Satisfactory
Coimbatore,2019-12-30,0.21,7.98,22.7,87.0,Satisfactory
Coimbatore,2019-12-31,0.25,7.2,25.69,80.0,Satisfactory
Coimbatore,2020-01-01,0.24,6.48,10.99,69.0,Satisfactory
Coimbatore,2020-01-02,0.23,7.36,11.44,59.0,Satisfactory
Coimbatore,2020-01-03,0.3,10.82,57.52,55.0,Satisfactory
Coimbatore,2020-01-04,0.35,1.1,54.12,60.0,Satisfactory
Coimbatore,2020-01-05,0.27,3.32,32.55,67.0,Satisfactory
Coimbatore,2020-01-06,0.2,8.31,2.76,58.0,Satisfactory
Coimbatore,2020-01-07,0.15,13.99,5.88,55.0,Satisfactory
Coimbatore,2020-01-08,0.17,16.79,13.85,60.0,Satisfactory
Coimbatore,2020-01-20,0.17,6.23,45.88,78.0,Satisfactory
Coimbatore,2020-01-21,0.16,9.22,16.24,75.0,Satisfactory
Coimbatore,2020-01-22,0.23,9.23,16.01,74.0,Satisfactory
Coimbatore,2020-01-23,0.3,4.73,17.48,61.0,Satisfactory
Coimbatore,2020-01-29,0.15,9.75,41.31,101.0,Moderate
Coimbatore,2020-01-31,0.42,2.29,20.93,78.0,Satisfactory
Coimbatore,2020-02-01,0.33,3.45,14.64,74.0,Satisfactory
Coimbatore,2020-02-02,0.28,3.34,9.66,70.0,Satisfactory
Coimbatore,2020-02-03,0.38,2.77,43.14,72.0,Satisfactory
Coimbatore,2020-02-06,0.27,18.73,66.14,103.0,Moderate
Coimbatore,2020-02-07,0.2,20.81,55.45,78.0,Satisfactory
Coimbatore,2020-02-11,0.39,1.59,21.79,69.0,Satisfactory
Coimbatore,2020-02-12,0.6,0.71,21.83,65.0,Satisfactory
Coimbatore,2020-02-20,0.55,0.25,17.71,85.0,Satisfactory
Coimbatore,2020-03-13,0.78,9.19,39.17,72.0,Satisfactory
Coimbatore,2020-03-16,0.73,9.38,48.19,79.0,Satisfactory
Coimbatore,2020-03-17,0.57,3.27,37.54,68.0,Satisfactory
Coimbatore,2020-04-25,0.75,1.6,48.04,76.0,Satisfactory
Coimbatore,2020-04-26,0.84,5.82,41.16,54.0,Satisfactory
Coimbatore,2020-05-02,1.46,1.82,36.82,77.0,Satisfactory
Coimbatore,2020-05-09,0.95,8.52,32.78,70.0,Satisfactory
Coimbatore,2020-05-10,0.08,11.92,7.14,47.0,Good
Coimbatore,2020-05-14,0.89,4.5,21.38,49.0,Good
Coimbatore,2020-05-15,0.84,6.26,22.21,45.0,Good
Coimbatore,2020-05-16,0.86,6.39,14.92,44.0,Good
Coimbatore,2020-05-17,0.88,8.34,20.91,47.0,Good
Coimbatore,2020-05-18,0.95,9.03,18.03,48.0,Good
Coimbatore,2020-05-19,0.95,11.79,8.5,51.0,Satisfactory
Coimbatore,2020-05-20,0.92,8.13,19.41,48.0,Good
Coimbatore,2020-05-23,0.95,0.23,48.03,49.0,Good
Coimbatore,2020-05-25,0.9,0.79,47.95,46.0,Good
Coimbatore,2020-05-26,0.9,1.42,51.12,50.0,Good
Coimbatore,2020-05-28,0.92,3.93,48.95,54.0,Satisfactory
Coimbatore,2020-06-03,1.01,0.29,36.68,52.0,Satisfactory
Coimbatore,2020-06-04,1.0,1.52,36.03,52.0,Satisfactory
Coimbatore,2020-06-05,1.0,0.93,39.37,52.0,Satisfactory
Coimbatore,2020-06-06,1.02,1.49,38.04,53.0,Satisfactory
Coimbatore,2020-06-08,0.8,3.17,40.31,54.0,Satisfactory
Coimbatore,2020-06-09,0.42,1.53,46.44,37.0,Good
Coimbatore,2020-06-10,0.43,1.8,48.04,35.0,Good
Coimbatore,2020-06-11,0.45,1.33,39.0,30.0,Good
Coimbatore,2020-06-12,0.49,1.37,46.65,32.0,Good
Coimbatore,2020-06-13,0.49,1.56,42.57,34.0,Good
Coimbatore,2020-06-14,0.49,1.33,33.38,27.0,Good
Coimbatore,2020-06-15,0.51,2.15,39.03,27.0,Good
Coimbatore,2020-06-16,0.51,1.72,39.15,28.0,Good
Coimbatore,2020-06-17,0.54,1.4,47.1,32.0,Good
Coimbatore,2020-06-18,0.53,2.12,41.69,34.0,Good
Coimbatore,2020-06-19,0.53,2.95,42.98,32.0,Good
Coimbatore,2020-06-20,0.52,2.4,35.4,29.0,Good
Coimbatore,2020-06-21,0.48,1.71,36.65,26.0,Good
Coimbatore,2020-06-22,0.54,1.52,37.53,28.0,Good
Coimbatore,2020-06-23,0.59,1.41,45.99,31.0,Good
Coimbatore,2020-06-24,0.61,1.94,50.96,38.0,Good
Coimbatore,2020-06-25,0.61,2.63,50.45,44.0,Good
Coimbatore,2020-06-26,0.59,2.45,53.12,45.0,Good
Coimbatore,2020-06-27,0.57,2.49,40.84,34.0,Good
Coimbatore,2020-06-28,0.57,2.63,44.77,32.0,Good
Coimbatore,2020-06-29,0.61,2.01,49.22,41.0,Good
Coimbatore,2020-06-30,0.59,1.72,39.15,33.0,Good
Delhi,2015-01-01,15.2,33.85,36.39,472.0,Severe
Delhi,2015-01-02,9.54,31.83,32.87,454.0,Severe
Delhi,2015-01-03,10.61,69.55,30.31,143.0,Moderate
Delhi,2015-01-04,11.54,130.36,36.91,319.0,Very Poor
Delhi,2015-01-05,9.2,122.88,34.92,325.0,Very Poor
Delhi,2015-01-06,9.44,134.97,37.84,318.0,Very Poor
Delhi,2015-01-07,9.78,134.82,40.15,353.0,Very Poor
Delhi,2015-01-08,11.01,138.13,43.16,383.0,Very Poor
Delhi,2015-01-09,11.09,140.6,38.56,375.0,Very Poor
Delhi,2015-01-10,9.7,134.06,46.39,376.0,Very Poor
Delhi,2015-01-11,10.98,131.1,47.29,379.0,Very Poor
Delhi,2015-01-12,9.3,148.51,44.71,375.0,Very Poor
Delhi,2015-01-13,11.52,145.48,45.88,366.0,Very Poor
Delhi,2015-01-14,10.32,166.7,41.17,353.0,Very Poor
Delhi,2015-01-15,10.81,124.64,56.7,340.0,Very Poor
Delhi,2015-01-16,11.46,136.4,49.41,356.0,Very Poor
Delhi,2015-01-17,8.87,125.49,53.04,360.0,Very Poor
Delhi,2015-01-18,8.99,120.45,53.77,370.0,Very Poor
Delhi,2015-01-19,9.02,148.49,39.88,362.0,Very Poor
Delhi,2015-01-20,8.03,146.31,34.23,340.0,Very Poor
Delhi,2015-01-21,9.01,63.23,22.56,338.0,Very Poor
Delhi,2015-01-22,10.58,39.65,21.82,332.0,Very Poor
Delhi,2015-01-23,8.74,39.98,17.35,254.0,Poor
Delhi,2015-01-24,9.39,38.77,15.77,324.0,Very Poor
Delhi,2015-01-25,11.44,45.62,20.83,333.0,Very Poor
Delhi,2015-01-26,10.19,60.96,25.66,292.0,Poor
Delhi,2015-01-27,10.36,40.96,30.39,318.0,Very Poor
Delhi,2015-01-28,10.21,49.71,28.6,295.0,Poor
Delhi,2015-01-29,11.74,62.03,38.34,327.0,Very Poor
Delhi,2015-01-30,11.58,69.78,38.43,345.0,Very Poor
Delhi,2015-01-31,8.7,67.66,41.36,334.0,Very Poor
Delhi,2015-02-01,13.08,96.69,58.17,358.0,Very Poor
Delhi,2015-02-02,10.59,84.49,37.25,349.0,Very Poor
Delhi,2015-02-03,8.21,66.38,31.05,334.0,Very Poor
Delhi,2015-02-04,9.11,53.28,29.69,313.0,Very Poor
Delhi,2015-02-05,8.18,51.24,36.51,262.0,Poor
Delhi,2015-02-06,5.51,63.45,67.0,303.0,Very Poor
Delhi,2015-02-07,10.28,58.15,57.69,329.0,Very Poor
Delhi,2015-02-08,5.39,66.72,50.39,323.0,Very Poor
Delhi,2015-02-09,5.11,74.29,39.18,266.0,Poor
Delhi,2015-02-10,10.88,79.54,42.2,319.0,Very Poor
Delhi,2015-02-11,12.64,95.13,53.63,334.0,Very Poor
Delhi,2015-02-12,13.75,69.47,42.73,342.0,Very Poor
Delhi,2015-02-13,11.26,83.96,44.61,341.0,Very Poor
Delhi,2015-02-14,11.73,137.27,53.81,377.0,Very Poor
Delhi,2015-02-15,13.78,61.89,58.15,391.0,Very Poor
Delhi,2015-02-16,11.55,74.74,44.22,358.0,Very Poor
Delhi,2015-02-17,10.3,75.66,25.4,327.0,Very Poor
Delhi,2015-02-18,16.23,79.83,60.29,365.0,Very Poor
Delhi,2015-02-19,13.11,81.44,40.51,352.0,Very Poor
Delhi,2015-02-20,11.45,81.04,34.71,317.0,Very Poor
Delhi,2015-02-21,14.21,69.59,45.11,320.0,Very Poor
Delhi,2015-02-22,9.73,70.25,31.83,279.0,Poor
Delhi,2015-02-23,9.29,36.38,38.23,281.0,Poor
Delhi,2015-02-24,14.17,34.14,48.4,354.0,Very Poor
Delhi,2015-02-25,14.13,34.91,29.28,340.0,Very Poor
Delhi,2015-02-26,13.61,23.22,20.95,323.0,Very Poor
Delhi,2015-02-27,12.78,22.36,24.75,315.0,Very Poor
Delhi,2015-02-28,11.8,16.49,20.65,310.0,Very Poor
Delhi,2015-03-01,11.62,12.44,21.42,324.0,Very Poor
Delhi,2015-03-02,10.19,19.11,13.43,226.0,Poor
Delhi,2015-03-03,11.72,16.04,23.75,266.0,Poor
Delhi,2015-03-04,10.64,17.44,24.28,200.0,Moderate
Delhi,2015-03-05,9.36,28.86,31.12,275.0,Poor
Delhi,2015-03-06,10.55,32.04,26.59,322.0,Very Poor
Delhi,2015-03-07,9.48,16.83,19.15,216.0,Poor
Delhi,2015-03-08,8.19,16.12,20.35,108.0,Moderate
Delhi,2015-03-09,9.02,15.2,18.21,197.0,Moderate
Delhi,2015-03-10,7.98,18.88,18.82,238.0,Poor
Delhi,2015-03-11,10.76,29.48,25.63,274.0,Poor
Delhi,2015-03-12,11.3,30.72,32.29,315.0,Very Poor
Delhi,2015-03-13,10.23,23.31,30.75,307.0,Very Poor
Delhi,2015-03-14,9.18,29.21,29.78,208.0,Poor
Delhi,2015-03-15,8.23,30.59,17.76,165.0,Moderate
Delhi,2015-03-16,7.87,33.16,17.14,188.0,Moderate
Delhi,2015-03-17,10.45,39.8,20.96,217.0,Poor
Delhi,2015-03-18,7.83,39.16,16.6,191.0,Moderate
Delhi,2015-03-19,7.89,36.77,23.77,240.0,Poor
Delhi,2015-03-20,9.59,35.07,29.04,229.0,Poor
Delhi,2015-03-21,8.82,32.01,29.21,248.0,Poor
Delhi,2015-03-22,8.5,32.52,20.27,204.0,Poor
Delhi,2015-03-23,8.6,32.13,23.04,271.0,Poor
Delhi,2015-03-24,10.1,31.79,30.01,290.0,Poor
Delhi,2015-03-25,11.69,27.92,33.82,340.0,Very Poor
Delhi,2015-03-26,12.67,28.0,33.02,358.0,Very Poor
Delhi,2015-03-27,9.29,27.34,24.76,287.0,Poor
Delhi,2015-03-28,10.47,32.82,29.41,323.0,Very Poor
Delhi,2015-03-29,14.42,37.35,33.86,360.0,Very Poor
Delhi,2015-03-30,9.58,28.77,17.6,268.0,Poor
Delhi,2015-03-31,9.56,30.62,20.13,283.0,Poor
Delhi,2015-04-01,10.15,36.05,32.71,309.0,Very Poor
Delhi,2015-04-02,6.72,31.04,20.54,249.0,Poor
Delhi,2015-04-03,8.24,35.48,18.47,245.0,Poor
Delhi,2015-04-04,5.52,28.46,24.96,229.0,Poor
Delhi,2015-04-05,7.97,32.3,27.75,234.0,Poor
Delhi,2015-04-06,11.01,44.66,32.83,343.0,Very Poor
Delhi,2015-04-07,7.29,29.78,24.47,262.0,Poor
Delhi,2015-04-08,9.28,24.84,34.72,308.0,Very Poor
Delhi,2015-04-09,6.57,30.04,35.15,293.0,Poor
Delhi,2015-04-10,4.63,30.32,52.77,290.0,Poor
Delhi,2015-04-11,5.84,34.01,59.52,375.0,Very Poor
Delhi,2015-04-12,7.73,28.79,45.3,293.0,Poor
Delhi,2015-04-13,3.67,38.86,50.3,247.0,Poor
Delhi,2015-04-14,6.85,36.68,42.65,232.0,Poor
Delhi,2015-04-15,11.65,34.8,47.41,316.0,Very Poor
Delhi,2015-04-16,5.94,37.84,44.06,295.0,Poor
Delhi,2015-04-17,7.38,30.04,40.09,246.0,Poor
Delhi,2015-04-18,8.21,28.99,51.11,378.0,Very Poor
Delhi,2015-04-19,8.84,34.39,64.73,406.0,Severe
Delhi,2015-04-20,6.75,33.63,60.41,392.0,Very Poor
Delhi,2015-04-21,6.84,30.3,50.7,391.0,Very Poor
Delhi,2015-04-22,7.36,24.36,55.27,368.0,Very Poor
Delhi,2015-04-23,6.58,29.32,76.46,365.0,Very Poor
Delhi,2015-04-24,6.42,36.5,88.61,383.0,Very Poor
Delhi,2015-04-25,6.75,37.0,58.87,367.0,Very Poor
Delhi,2015-04-26,8.44,32.83,31.23,334.0,Very Poor
Delhi,2015-04-27,4.76,32.27,35.54,258.0,Poor
Delhi,2015-04-28,4.67,29.46,34.88,234.0,Poor
Delhi,2015-04-29,7.16,29.93,42.98,257.0,Poor
Delhi,2015-04-30,7.33,29.08,43.9,259.0,Poor
Delhi,2015-05-01,7.63,26.55,42.99,279.0,Poor
Delhi,2015-05-02,9.46,26.99,62.09,312.0,Very Poor
Delhi,2015-05-03,11.95,35.46,83.3,372.0,Very Poor
Delhi,2015-05-04,8.08,31.33,85.5,387.0,Very Poor
Delhi,2015-05-05,6.65,35.82,107.85,408.0,Severe
Delhi,2015-05-06,7.1,39.27,87.88,398.0,Very Poor
Delhi,2015-05-07,9.64,35.52,63.18,403.0,Severe
Delhi,2015-05-08,6.65,30.52,56.54,361.0,Very Poor
Delhi,2015-05-09,9.35,34.25,63.57,378.0,Very Poor
Delhi,2015-05-10,10.6,31.32,57.51,381.0,Very Poor
Delhi,2015-05-11,8.79,36.11,42.7,388.0,Very Poor
Delhi,2015-05-12,6.27,52.21,43.04,346.0,Very Poor
Delhi,2015-05-13,8.14,56.95,48.61,328.0,Very Poor
Delhi,2015-05-14,7.24,47.74,42.22,291.0,Poor
Delhi,2015-05-15,10.81,44.08,63.55,396.0,Very Poor
Delhi,2015-05-16,6.17,41.94,75.5,297.0,Poor
Delhi,2015-05-17,8.4,43.23,57.63,345.0,Very Poor
Delhi,2015-05-18,7.46,40.95,47.64,296.0,Poor
Delhi,2015-05-19,8.04,40.32,75.47,319.0,Very Poor
Delhi,2015-05-20,6.11,42.24,52.69,282.0,Poor
Delhi,2015-05-21,8.25,56.95,53.03,352.0,Very Poor
Delhi,2015-05-22,8.32,45.91,56.84,338.0,Very Poor
Delhi,2015-05-23,7.06,36.5,52.79,321.0,Very Poor
Delhi,2015-05-24,8.56,37.22,56.29,295.0,Poor
Delhi,2015-05-25,7.66,40.26,60.65,344.0,Very Poor
Delhi,2015-05-26,5.25,33.51,51.77,337.0,Very Poor
Delhi,2015-05-27,8.54,29.05,70.43,355.0,Very Poor
Delhi,2015-05-28,6.89,35.74,72.67,371.0,Very Poor
Delhi,2015-05-29,8.48,41.74,64.94,414.0,Severe
Delhi,2015-05-30,7.59,40.66,65.26,366.0,Very Poor
Delhi,2015-05-31,7.12,36.27,41.86,346.0,Very Poor
Delhi,2015-06-01,5.03,35.12,48.55,289.0,Poor
Delhi,2015-06-02,6.67,46.09,54.29,297.0,Poor
Delhi,2015-06-03,4.98,54.47,65.25,268.0,Poor
Delhi,2015-06-04,3.83,57.58,62.38,259.0,Poor
Delhi,2015-06-05,11.36,75.0,62.63,327.0,Very Poor
Delhi,2015-06-06,11.94,71.88,46.37,384.0,Very Poor
Delhi,2015-06-07,3.51,46.57,77.07,299.0,Poor
Delhi,2015-06-08,1.56,50.63,109.34,282.0,Poor
Delhi,2015-06-09,1.38,46.56,76.88,442.0,Severe
Delhi,2015-06-10,2.58,43.33,31.27,309.0,Very Poor
Delhi,2015-06-11,1.24,35.31,32.99,270.0,Poor
Delhi,2015-06-12,1.19,40.11,36.36,239.0,Poor
Delhi,2015-06-13,1.36,41.36,52.9,214.0,Poor
Delhi,2015-06-14,1.35,56.02,68.76,166.0,Moderate
Delhi,2015-06-15,1.62,60.68,72.79,234.0,Poor
Delhi,2015-06-16,1.73,59.1,81.57,331.0,Very Poor
Delhi,2015-06-17,1.57,55.88,70.96,327.0,Very Poor
Delhi,2015-06-18,1.82,59.55,94.25,313.0,Very Poor
Delhi,2015-06-19,1.38,55.65,65.21,284.0,Poor
Delhi,2015-06-20,1.29,48.06,52.7,239.0,Poor
Delhi,2015-06-21,1.59,66.21,50.78,149.0,Moderate
Delhi,2015-06-22,1.34,50.28,58.88,172.0,Moderate
Delhi,2015-06-23,1.41,51.94,61.18,226.0,Poor
Delhi,2015-06-24,1.37,62.47,60.31,261.0,Poor
Delhi,2015-06-25,1.25,50.86,44.72,188.0,Moderate
Delhi,2015-06-26,1.04,45.56,46.88,192.0,Moderate
Delhi,2015-06-27,1.01,42.36,38.55,207.0,Poor
Delhi,2015-06-28,1.13,41.99,47.19,219.0,Poor
Delhi,2015-06-29,1.07,43.97,38.37,193.0,Moderate
Delhi,2015-06-30,1.05,41.11,46.06,170.0,Moderate
Delhi,2015-07-01,1.06,40.5,49.64,185.0,Moderate
Delhi,2015-07-02,1.12,39.09,52.45,220.0,Poor
Delhi,2015-07-03,0.99,37.32,37.09,225.0,Poor
Delhi,2015-07-04,0.98,61.61,35.54,250.0,Poor
Delhi,2015-07-05,1.17,64.99,36.89,282.0,Poor
Delhi,2015-07-06,1.1,38.68,44.07,298.0,Poor
Delhi,2015-07-07,1.34,42.09,51.7,175.0,Moderate
Delhi,2015-07-08,1.17,42.84,52.69,217.0,Poor
Delhi,2015-07-09,1.4,48.61,53.39,234.0,Poor
Delhi,2015-07-10,1.26,53.64,46.71,188.0,Moderate
Delhi,2015-07-11,7.23,42.6,51.39,253.0,Poor
Delhi,2015-07-12,1.27,48.01,32.77,198.0,Moderate
Delhi,2015-07-13,1.3,41.83,37.71,148.0,Moderate
Delhi,2015-07-14,1.3,49.32,43.46,141.0,Moderate
Delhi,2015-07-15,1.07,44.18,38.05,218.0,Poor
Delhi,2015-07-16,1.02,31.83,36.72,268.0,Poor
Delhi,2015-07-17,1.88,40.17,42.07,232.0,Poor
Delhi,2015-07-18,1.84,42.26,48.79,204.0,Poor
Delhi,2015-07-19,1.28,42.68,52.87,220.0,Poor
Delhi,2015-07-20,1.24,41.37,62.37,223.0,Poor
Delhi,2015-07-21,1.14,38.36,46.3,218.0,Poor
Delhi,2015-07-22,2.73,36.49,41.41,165.0,Moderate
Delhi,2015-07-23,2.42,33.95,39.98,155.0,Moderate
Delhi,2015-07-24,0.98,37.38,43.99,154.0,Moderate
Delhi,2015-07-25,1.0,37.05,42.86,184.0,Moderate
Delhi,2015-07-26,0.81,33.05,30.66,150.0,Moderate
Delhi,2015-07-27,0.83,30.92,33.21,125.0,Moderate
Delhi,2015-07-28,0.74,28.99,40.25,160.0,Moderate
Delhi,2015-07-29,0.66,28.56,35.69,142.0,Moderate
Delhi,2015-07-30,1.2,29.31,32.96,181.0,Moderate
Delhi,2015-07-31,1.6,25.17,35.9,196.0,Moderate
Delhi,2015-08-01,1.08,23.1,35.14,181.0,Moderate
Delhi,2015-08-02,0.82,24.2,37.96,213.0,Poor
Delhi,2015-08-03,0.78,30.76,40.17,175.0,Moderate
Delhi,2015-08-04,1.21,31.77,46.74,184.0,Moderate
Delhi,2015-08-05,1.67,37.94,52.78,228.0,Poor
Delhi,2015-08-06,1.17,37.79,52.51,214.0,Poor
Delhi,2015-08-07,1.75,39.64,48.24,254.0,Poor
Delhi,2015-08-08,2.26,43.18,50.51,258.0,Poor
Delhi,2015-08-09,1.24,36.5,39.47,244.0,Poor
Delhi,2015-08-10,1.43,35.68,45.46,209.0,Poor
Delhi,2015-08-11,2.11,41.69,49.43,283.0,Poor
Delhi,2015-08-12,1.3,39.85,45.71,223.0,Poor
Delhi,2015-08-13,1.16,39.16,52.76,205.0,Poor
Delhi,2015-08-14,1.52,38.58,50.96,252.0,Poor
Delhi,2015-08-15,0.94,33.42,44.4,198.0,Moderate
Delhi,2015-08-16,1.06,33.29,48.39,197.0,Moderate
Delhi,2015-08-17,1.09,29.73,44.41,184.0,Moderate
Delhi,2015-08-18,1.02,32.71,56.15,197.0,Moderate
Delhi,2015-08-19,0.87,25.85,36.47,140.0,Moderate
Delhi,2015-08-20,0.78,20.57,32.0,232.0,Poor
Delhi,2015-08-21,1.12,21.67,35.87,271.0,Poor
Delhi,2015-08-22,0.9,28.2,40.28,207.0,Poor
Delhi,2015-08-23,0.78,33.25,33.76,127.0,Moderate
Delhi,2015-08-24,0.97,38.16,44.61,123.0,Moderate
Delhi,2015-08-25,0.93,36.07,39.88,175.0,Moderate
Delhi,2015-08-26,1.08,31.88,37.85,245.0,Poor
Delhi,2015-08-27,1.35,25.74,40.41,248.0,Poor
Delhi,2015-08-28,1.64,32.56,50.74,247.0,Poor
Delhi,2015-08-29,1.09,31.16,49.3,292.0,Poor
Delhi,2015-08-30,1.11,28.16,39.84,266.0,Poor
Delhi,2015-08-31,0.96,23.0,32.53,288.0,Poor
Delhi,2015-09-01,1.28,18.96,27.42,210.0,Poor
Delhi,2015-09-02,1.14,18.6,29.16,298.0,Poor
Delhi,2015-09-03,1.17,17.86,35.31,315.0,Very Poor
Delhi,2015-09-04,1.36,23.02,41.7,368.0,Very Poor
Delhi,2015-09-05,1.38,26.99,29.5,266.0,Poor
Delhi,2015-09-06,1.19,23.17,27.81,174.0,Moderate
Delhi,2015-09-07,1.04,23.76,35.49,199.0,Moderate
Delhi,2015-09-08,1.07,27.35,38.36,217.0,Poor
Delhi,2015-09-09,1.02,22.77,36.2,238.0,Poor
Delhi,2015-09-10,1.06,24.07,42.1,230.0,Poor
Delhi,2015-09-11,1.13,34.81,46.81,218.0,Poor
Delhi,2015-09-12,1.22,46.05,54.45,226.0,Poor
Delhi,2015-09-13,1.21,51.19,45.36,202.0,Poor
Delhi,2015-09-14,1.51,43.99,60.71,274.0,Poor
Delhi,2015-09-15,1.37,46.66,56.31,289.0,Poor
Delhi,2015-09-16,1.15,49.72,46.44,235.0,Poor
Delhi,2015-09-17,1.4,48.13,60.96,285.0,Poor
Delhi,2015-09-18,1.22,40.48,43.3,209.0,Poor
Delhi,2015-09-19,1.14,47.21,49.83,132.0,Moderate
Delhi,2015-09-20,1.1,39.93,62.73,179.0,Moderate
Delhi,2015-09-21,1.16,27.96,62.69,136.0,Moderate
Delhi,2015-09-22,0.95,23.06,38.78,104.0,Moderate
Delhi,2015-09-23,0.98,18.66,31.17,95.0,Satisfactory
Delhi,2015-09-24,1.21,18.24,39.16,175.0,Moderate
Delhi,2015-09-25,1.5,22.95,45.09,290.0,Poor
Delhi,2015-09-26,1.63,29.98,45.96,282.0,Poor
Delhi,2015-09-27,1.49,30.43,44.13,298.0,Poor
Delhi,2015-09-28,1.25,26.35,43.41,240.0,Poor
Delhi,2015-09-29,1.16,25.2,48.19,188.0,Moderate
Delhi,2015-09-30,1.1,21.93,42.91,187.0,Moderate
Delhi,2015-10-01,1.49,22.52,54.68,230.0,Poor
Delhi,2015-10-02,1.58,26.24,52.53,286.0,Poor
Delhi,2015-10-03,1.72,24.31,54.93,266.0,Poor
Delhi,2015-10-04,2.26,34.91,62.84,369.0,Very Poor
Delhi,2015-10-05,3.15,36.94,75.42,375.0,Very Poor
Delhi,2015-10-06,2.19,41.76,65.07,411.0,Severe
Delhi,2015-10-07,1.73,37.01,57.05,383.0,Very Poor
Delhi,2015-10-08,1.96,29.59,58.32,388.0,Very Poor
Delhi,2015-10-09,2.5,27.47,65.15,351.0,Very Poor
Delhi,2015-10-10,2.48,29.69,61.29,320.0,Very Poor
Delhi,2015-10-11,2.02,30.83,51.83,296.0,Poor
Delhi,2015-10-12,1.98,33.46,52.92,312.0,Very Poor
Delhi,2015-10-13,1.89,35.14,48.92,260.0,Poor
Delhi,2015-10-14,1.61,28.75,43.47,204.0,Poor
Delhi,2015-10-15,2.13,31.11,60.8,218.0,Poor
Delhi,2015-10-16,2.07,33.05,68.24,356.0,Very Poor
Delhi,2015-10-17,1.62,6.78,20.29,388.0,Very Poor
Delhi,2015-10-18,1.63,21.49,41.09,298.0,Poor
Delhi,2015-10-19,2.08,33.27,61.67,392.0,Very Poor
Delhi,2015-10-20,2.17,36.75,74.62,428.0,Severe
Delhi,2015-10-21,2.98,37.48,46.9,384.0,Very Poor
Delhi,2015-10-22,2.6,22.53,32.96,292.0,Poor
Delhi,2015-10-23,2.05,30.27,67.38,343.0,Very Poor
Delhi,2015-10-24,3.07,34.26,71.38,383.0,Very Poor
Delhi,2015-10-25,1.78,28.26,56.46,374.0,Very Poor
Delhi,2015-10-26,1.58,23.85,47.8,263.0,Poor
Delhi,2015-10-27,1.74,26.14,49.25,334.0,Very Poor
Delhi,2015-10-28,2.07,22.81,43.78,333.0,Very Poor
Delhi,2015-10-29,1.89,25.55,57.74,262.0,Poor
Delhi,2015-10-30,2.29,28.72,42.63,236.0,Poor
Delhi,2015-10-31,1.74,35.77,35.11,340.0,Very Poor
Delhi,2015-11-01,2.41,51.64,60.17,415.0,Severe
Delhi,2015-11-02,2.05,42.75,68.4,420.0,Severe
Delhi,2015-11-03,2.09,45.66,82.74,407.0,Severe
Delhi,2015-11-04,2.54,56.81,87.47,454.0,Severe
Delhi,2015-11-05,1.76,45.99,63.78,388.0,Very Poor
Delhi,2015-11-06,2.56,46.52,58.13,276.0,Poor
Delhi,2015-11-07,2.76,67.43,86.59,483.0,Severe
Delhi,2015-11-08,2.84,49.64,75.98,451.0,Severe
Delhi,2015-11-09,2.01,55.64,79.2,378.0,Very Poor
Delhi,2015-11-10,2.64,69.34,84.89,439.0,Severe
Delhi,2015-11-11,1.5,48.34,55.72,431.0,Severe
Delhi,2015-11-12,1.84,47.57,54.69,421.0,Severe
Delhi,2015-11-13,1.75,50.58,61.66,454.0,Severe
Delhi,2015-11-14,1.72,48.04,60.05,450.0,Severe
Delhi,2015-11-15,2.1,49.4,83.62,367.0,Very Poor
Delhi,2015-11-16,2.26,60.07,85.03,383.0,Very Poor
Delhi,2015-11-17,2.1,41.89,57.11,347.0,Very Poor
Delhi,2015-11-18,2.3,45.24,74.39,369.0,Very Poor
Delhi,2015-11-19,2.87,55.18,96.62,392.0,Very Poor
Delhi,2015-11-20,3.28,64.78,101.44,455.0,Severe
Delhi,2015-11-21,2.96,63.08,97.76,450.0,Severe
Delhi,2015-11-22,2.73,63.4,92.32,478.0,Severe
Delhi,2015-11-23,3.49,74.83,105.29,431.0,Severe
Delhi,2015-11-24,2.6,67.9,88.74,440.0,Severe
Delhi,2015-11-25,1.98,35.62,54.63,376.0,Very Poor
Delhi,2015-11-26,1.84,40.68,69.29,347.0,Very Poor
Delhi,2015-11-27,1.71,57.48,71.35,343.0,Very Poor
Delhi,2015-11-28,1.43,60.1,47.21,362.0,Very Poor
Delhi,2015-11-29,1.88,59.13,51.84,319.0,Very Poor
Delhi,2015-11-30,2.51,73.94,78.48,425.0,Severe
Delhi,2015-12-01,1.77,57.35,83.03,400.0,Very Poor
Delhi,2015-12-02,1.87,52.71,95.99,386.0,Very Poor
Delhi,2015-12-03,1.74,52.48,92.91,385.0,Very Poor
Delhi,2015-12-04,2.28,43.76,79.52,392.0,Very Poor
Delhi,2015-12-05,3.4,68.78,121.11,428.0,Severe
Delhi,2015-12-06,3.24,75.74,113.45,394.0,Very Poor
Delhi,2015-12-07,3.07,81.3,103.77,440.0,Severe
Delhi,2015-12-08,3.33,90.35,140.09,437.0,Severe
Delhi,2015-12-09,2.74,61.29,93.99,431.0,Severe
Delhi,2015-12-10,2.46,50.46,78.05,383.0,Very Poor
Delhi,2015-12-11,2.1,57.97,64.21,377.0,Very Poor
Delhi,2015-12-12,1.91,49.91,55.01,379.0,Very Poor
Delhi,2015-12-13,2.01,37.83,63.9,333.0,Very Poor
Delhi,2015-12-14,2.7,38.84,59.09,314.0,Very Poor
Delhi,2015-12-15,1.86,34.31,40.52,174.0,Moderate
Delhi,2015-12-16,1.75,52.2,34.44,244.0,Poor
Delhi,2015-12-17,1.89,59.43,23.07,308.0,Very Poor
Delhi,2015-12-18,1.52,65.5,25.24,320.0,Very Poor
Delhi,2015-12-19,1.94,74.04,26.84,270.0,Poor
Delhi,2015-12-20,21.22,126.19,111.18,320.0,Very Poor
Delhi,2015-12-21,29.46,100.15,78.99,313.0,Very Poor
Delhi,2015-12-22,11.45,163.07,136.15,326.0,Very Poor
Delhi,2015-12-23,2.94,108.68,102.69,459.0,Severe
Delhi,2015-12-24,30.44,65.53,55.01,314.0,Very Poor
Delhi,2015-12-25,9.61,62.62,71.91,304.0,Very Poor
Delhi,2015-12-26,10.3,69.77,88.96,310.0,Very Poor
Delhi,2015-12-27,11.3,72.76,90.57,370.0,Very Poor
Delhi,2015-12-28,9.27,69.14,75.69,328.0,Very Poor
Delhi,2015-12-29,2.32,60.62,73.11,331.0,Very Poor
Delhi,2015-12-30,1.94,72.74,87.4,412.0,Severe
Delhi,2015-12-31,2.38,72.69,72.93,433.0,Severe
Delhi,2016-01-01,2.42,79.87,94.04,463.0,Severe
Delhi,2016-01-02,2.15,65.11,81.22,465.0,Severe
Delhi,2016-01-03,2.39,66.4,76.67,426.0,Severe
Delhi,2016-01-04,2.97,73.73,133.95,496.0,Severe
Delhi,2016-01-05,2.85,78.22,118.81,528.0,Severe
Delhi,2016-01-06,3.37,83.7,103.78,538.0,Severe
Delhi,2016-01-07,3.39,105.21,96.36,535.0,Severe
Delhi,2016-01-08,2.34,98.29,67.85,603.0,Severe
Delhi,2016-01-09,2.38,60.24,60.63,408.0,Severe
Delhi,2016-01-10,2.14,62.87,68.86,368.0,Very Poor
Delhi,2016-01-11,2.88,68.11,76.4,404.0,Severe
Delhi,2016-01-12,2.06,64.5,78.61,444.0,Severe
Delhi,2016-01-13,1.62,68.5,73.18,356.0,Very Poor
Delhi,2016-01-14,1.35,59.65,55.91,397.0,Very Poor
Delhi,2016-01-15,1.39,47.42,45.85,371.0,Very Poor
Delhi,2016-01-16,1.55,35.05,41.92,311.0,Very Poor
Delhi,2016-01-17,1.45,35.01,58.56,321.0,Very Poor
Delhi,2016-01-18,2.4,45.72,78.22,424.0,Severe
Delhi,2016-01-19,3.82,43.49,61.04,435.0,Severe
Delhi,2016-01-20,1.84,40.44,56.67,455.0,Severe
Delhi,2016-01-21,1.68,37.76,52.83,398.0,Very Poor
Delhi,2016-01-22,1.94,48.9,73.9,399.0,Very Poor
Delhi,2016-01-23,2.13,67.05,78.21,469.0,Severe
Delhi,2016-01-24,2.6,56.64,64.55,488.0,Severe
Delhi,2016-01-25,1.32,44.74,66.89,401.0,Severe
Delhi,2016-01-26,1.7,58.38,80.14,446.0,Severe
Delhi,2016-01-27,2.03,63.16,87.93,456.0,Severe
Delhi,2016-01-28,2.09,68.84,90.45,451.0,Severe
Delhi,2016-01-29,2.54,74.39,117.07,501.0,Severe
Delhi,2016-01-30,2.54,78.01,111.19,505.0,Severe
Delhi,2016-01-31,1.77,53.86,46.17,437.0,Severe
Delhi,2016-02-01,1.08,37.51,60.12,305.0,Very Poor
Delhi,2016-02-02,1.14,32.1,63.6,292.0,Poor
Delhi,2016-02-03,1.11,30.46,61.81,306.0,Very Poor
Delhi,2016-02-04,1.47,31.31,67.45,300.0,Poor
Delhi,2016-02-05,1.82,38.98,86.15,371.0,Very Poor
Delhi,2016-02-06,2.6,41.58,85.86,408.0,Severe
Delhi,2016-02-07,1.28,46.76,72.61,343.0,Very Poor
Delhi,2016-02-08,1.26,45.57,57.0,301.0,Very Poor
Delhi,2016-02-09,1.46,44.85,65.45,322.0,Very Poor
Delhi,2016-02-10,2.02,48.24,81.98,368.0,Very Poor
Delhi,2016-02-11,1.88,41.33,70.99,349.0,Very Poor
Delhi,2016-02-12,1.56,35.09,79.43,334.0,Very Poor
Delhi,2016-02-13,2.14,33.55,56.05,333.0,Very Poor
Delhi,2016-02-14,1.11,35.13,61.73,257.0,Poor
Delhi,2016-02-15,1.88,35.02,66.8,265.0,Poor
Delhi,2016-02-16,1.25,32.58,65.75,297.0,Poor
Delhi,2016-02-17,1.36,35.79,80.76,289.0,Poor
Delhi,2016-02-18,1.41,54.55,76.11,310.0,Very Poor
Delhi,2016-02-19,1.76,67.61,66.45,366.0,Very Poor
Delhi,2016-02-20,1.48,79.34,47.72,345.0,Very Poor
Delhi,2016-02-21,1.0,47.95,30.51,228.0,Poor
Delhi,2016-02-22,1.02,30.92,41.47,213.0,Poor
Delhi,2016-02-23,1.41,28.75,56.77,208.0,Poor
Delhi,2016-02-24,2.07,35.85,117.04,319.0,Very Poor
Delhi,2016-02-25,1.6,36.07,81.93,315.0,Very Poor
Delhi,2016-02-26,1.63,27.19,76.82,293.0,Poor
Delhi,2016-02-27,1.78,36.93,86.59,342.0,Very Poor
Delhi,2016-02-28,1.98,41.99,76.43,338.0,Very Poor
Delhi,2016-02-29,1.99,49.77,76.4,344.0,Very Poor
Delhi,2016-03-01,2.43,51.11,102.02,370.0,Very Poor
Delhi,2016-03-02,1.94,41.75,102.23,365.0,Very Poor
Delhi,2016-03-03,2.61,48.37,100.71,348.0,Very Poor
Delhi,2016-03-04,1.36,39.42,60.47,312.0,Very Poor
Delhi,2016-03-05,0.73,31.6,48.15,214.0,Poor
Delhi,2016-03-06,0.86,44.64,55.78,165.0,Moderate
Delhi,2016-03-07,1.28,54.88,54.69,218.0,Poor
Delhi,2016-03-08,1.07,40.96,43.9,230.0,Poor
Delhi,2016-03-09,1.16,35.16,49.75,248.0,Poor
Delhi,2016-03-10,1.57,37.73,60.19,276.0,Poor
Delhi,2016-03-11,1.69,28.85,30.44,213.0,Poor
Delhi,2016-03-14,1.22,23.58,38.11,111.0,Moderate
Delhi,2016-03-15,1.74,26.0,34.54,193.0,Moderate
Delhi,2016-03-16,1.14,29.89,36.61,123.0,Moderate
Delhi,2016-03-17,1.12,31.57,65.89,194.0,Moderate
Delhi,2016-03-18,1.24,30.43,64.64,186.0,Moderate
Delhi,2016-03-19,2.2,38.99,77.89,242.0,Poor
Delhi,2016-03-20,1.56,52.94,57.84,267.0,Poor
Delhi,2016-03-21,1.14,33.75,36.37,207.0,Poor
Delhi,2016-03-22,0.96,21.64,31.12,176.0,Moderate
Delhi,2016-03-23,1.29,27.0,50.45,189.0,Moderate
Delhi,2016-03-24,2.18,39.36,88.44,341.0,Very Poor
Delhi,2016-03-25,2.1,44.01,85.91,325.0,Very Poor
Delhi,2016-03-26,1.1,37.72,42.51,259.0,Poor
Delhi,2016-03-27,0.74,28.36,37.18,178.0,Moderate
Delhi,2016-03-28,1.04,27.83,53.01,219.0,Poor
Delhi,2016-03-29,1.28,29.91,48.72,206.0,Poor
Delhi,2016-03-30,1.35,27.39,46.74,221.0,Poor
Delhi,2016-03-31,2.2,34.59,61.21,298.0,Poor
Delhi,2016-04-03,1.68,62.22,44.98,314.0,Very Poor
Delhi,2016-04-04,1.51,59.55,31.55,334.0,Very Poor
Delhi,2016-04-05,1.38,24.26,20.15,261.0,Poor
Delhi,2016-04-06,1.4,32.31,52.54,208.0,Poor
Delhi,2016-04-07,1.22,48.67,58.6,289.0,Poor
Delhi,2016-04-08,1.52,31.01,53.55,216.0,Poor
Delhi,2016-04-09,1.51,35.12,63.03,314.0,Very Poor
Delhi,2016-04-10,1.77,33.72,47.95,262.0,Poor
Delhi,2016-04-11,0.72,31.62,36.5,257.0,Poor
Delhi,2016-04-12,0.71,23.32,35.44,235.0,Poor
Delhi,2016-04-13,1.11,22.7,46.29,239.0,Poor
Delhi,2016-04-14,1.32,22.82,58.81,239.0,Poor
Delhi,2016-04-15,1.98,34.25,76.2,302.0,Very Poor
Delhi,2016-04-16,1.88,17.79,37.49,296.0,Poor
Delhi,2016-04-17,1.04,21.22,42.35,247.0,Poor
Delhi,2016-04-18,0.98,28.33,49.32,265.0,Poor
Delhi,2016-04-19,1.52,28.32,63.21,301.0,Very Poor
Delhi,2016-04-20,1.09,25.14,48.65,322.0,Very Poor
Delhi,2016-04-21,0.88,20.52,42.87,291.0,Poor
Delhi,2016-04-22,0.93,20.0,44.8,292.0,Poor
Delhi,2016-04-23,1.51,20.6,50.78,258.0,Poor
Delhi,2016-04-24,1.7,22.0,69.92,282.0,Poor
Delhi,2016-04-25,1.47,23.14,70.04,271.0,Poor
Delhi,2016-04-26,2.08,29.38,97.93,314.0,Very Poor
Delhi,2016-04-27,2.7,39.52,108.53,377.0,Very Poor
Delhi,2016-04-28,2.08,37.83,80.4,390.0,Very Poor
Delhi,2016-04-29,2.14,32.04,88.26,392.0,Very Poor
Delhi,2016-04-30,1.82,16.95,51.53,342.0,Very Poor
Delhi,2016-05-01,1.9,17.35,52.3,297.0,Poor
Delhi,2016-05-02,1.49,13.81,41.26,275.0,Poor
Delhi,2016-05-03,1.49,31.89,59.73,281.0,Poor
Delhi,2016-05-04,1.44,49.53,61.77,309.0,Very Poor
Delhi,2016-05-05,1.14,44.78,46.27,262.0,Poor
Delhi,2016-05-06,1.12,35.93,55.07,194.0,Moderate
Delhi,2016-05-07,0.98,39.63,66.68,229.0,Poor
Delhi,2016-05-08,1.1,45.99,64.2,246.0,Poor
Delhi,2016-05-09,1.04,51.11,48.67,225.0,Poor
Delhi,2016-05-10,1.05,43.66,57.52,221.0,Poor
Delhi,2016-05-11,0.98,53.04,52.3,185.0,Moderate
Delhi,2016-05-12,1.34,66.64,64.25,218.0,Poor
Delhi,2016-05-13,1.1,56.26,60.29,310.0,Very Poor
Delhi,2016-05-14,1.44,52.87,67.71,307.0,Very Poor
Delhi,2016-05-15,1.83,46.77,57.06,325.0,Very Poor
Delhi,2016-05-16,1.12,31.0,58.46,316.0,Very Poor
Delhi,2016-05-17,1.19,29.12,62.4,302.0,Very Poor
Delhi,2016-05-18,1.76,26.39,80.57,318.0,Very Poor
Delhi,2016-05-19,1.86,43.64,67.73,300.0,Poor
Delhi,2016-05-20,1.07,57.83,52.02,246.0,Poor
Delhi,2016-05-21,0.96,55.28,48.23,255.0,Poor
Delhi,2016-05-22,0.99,46.09,53.42,218.0,Poor
Delhi,2016-05-23,0.79,40.22,45.86,252.0,Poor
Delhi,2016-05-24,0.89,36.69,43.57,190.0,Moderate
Delhi,2016-05-25,1.48,48.53,50.77,256.0,Poor
Delhi,2016-05-26,1.06,42.29,48.12,311.0,Very Poor
Delhi,2016-05-27,1.29,43.19,50.38,381.0,Very Poor
Delhi,2016-05-28,0.96,29.71,34.37,409.0,Severe
Delhi,2016-05-29,0.87,30.46,35.71,269.0,Poor
Delhi,2016-05-30,1.39,39.34,50.18,187.0,Moderate
Delhi,2016-05-31,1.29,47.17,49.41,225.0,Poor
Delhi,2016-06-01,1.04,37.91,44.55,283.0,Poor
Delhi,2016-06-02,1.3,37.86,49.88,316.0,Very Poor
Delhi,2016-06-03,1.7,44.94,74.99,361.0,Very Poor
Delhi,2016-06-04,1.48,47.59,75.26,330.0,Very Poor
Delhi,2016-06-05,0.99,51.64,36.69,256.0,Poor
Delhi,2016-06-06,1.48,35.52,45.47,237.0,Poor
Delhi,2016-06-07,1.77,33.33,45.5,246.0,Poor
Delhi,2016-06-08,1.45,32.67,57.31,202.0,Poor
Delhi,2016-06-09,1.75,35.28,49.67,209.0,Poor
Delhi,2016-06-10,3.84,30.18,51.75,262.0,Poor
Delhi,2016-06-11,3.61,37.83,38.84,280.0,Poor
Delhi,2016-06-12,2.59,33.33,40.04,279.0,Poor
Delhi,2016-06-13,3.24,34.24,34.52,357.0,Very Poor
Delhi,2016-06-14,3.44,38.65,38.55,266.0,Poor
Delhi,2016-06-15,1.59,42.47,37.74,330.0,Very Poor
Delhi,2016-06-16,2.49,34.5,30.44,248.0,Poor
Delhi,2016-06-17,1.87,32.53,41.27,172.0,Moderate
Delhi,2016-06-18,1.94,33.32,33.98,234.0,Poor
Delhi,2016-06-19,2.64,34.93,32.55,201.0,Poor
Delhi,2016-06-20,2.11,34.93,40.24,206.0,Poor
Delhi,2016-06-21,2.49,35.69,32.04,159.0,Moderate
Delhi,2016-06-22,3.73,31.53,31.89,187.0,Moderate
Delhi,2016-06-23,2.11,28.31,37.7,228.0,Poor
Delhi,2016-06-24,2.02,33.1,45.29,284.0,Poor
Delhi,2016-06-25,1.09,43.4,50.91,310.0,Very Poor
Delhi,2016-06-26,0.85,39.05,40.57,158.0,Moderate
Delhi,2016-06-27,1.71,39.39,37.28,154.0,Moderate
Delhi,2016-06-28,3.0,35.05,40.07,187.0,Moderate
Delhi,2016-06-29,2.08,33.03,37.01,180.0,Moderate
Delhi,2016-06-30,2.39,31.42,34.17,190.0,Moderate
Delhi,2016-07-01,2.23,42.08,29.28,164.0,Moderate
Delhi,2016-07-02,2.93,36.91,33.9,148.0,Moderate
Delhi,2016-07-03,2.78,35.43,36.79,154.0,Moderate
Delhi,2016-07-04,1.72,35.38,37.93,160.0,Moderate
Delhi,2016-07-05,2.22,42.46,47.24,165.0,Moderate
Delhi,2016-07-06,2.64,52.72,34.78,210.0,Poor
Delhi,2016-07-07,2.18,37.18,27.69,158.0,Moderate
Delhi,2016-07-08,1.58,40.9,42.07,172.0,Moderate
Delhi,2016-07-09,1.96,40.31,30.77,151.0,Moderate
Delhi,2016-07-10,1.72,37.92,35.91,143.0,Moderate
Delhi,2016-07-11,1.08,38.15,33.57,156.0,Moderate
Delhi,2016-07-12,2.36,33.66,32.55,108.0,Moderate
Delhi,2016-07-13,1.82,43.92,31.96,163.0,Moderate
Delhi,2016-07-14,5.0,61.03,29.7,247.0,Poor
Delhi,2016-07-15,4.65,38.79,29.17,123.0,Moderate
Delhi,2016-07-16,1.21,40.89,22.38,106.0,Moderate
Delhi,2016-07-17,2.48,33.83,15.75,202.0,Poor
Delhi,2016-07-18,1.47,51.53,32.85,120.0,Moderate
Delhi,2016-07-19,1.31,55.76,31.4,135.0,Moderate
Delhi,2016-07-20,1.16,31.06,34.96,245.0,Poor
Delhi,2016-07-21,0.87,32.92,37.8,280.0,Poor
Delhi,2016-07-22,1.14,37.84,37.42,269.0,Poor
Delhi,2016-07-23,0.84,35.77,23.88,163.0,Moderate
Delhi,2016-07-25,1.32,45.77,58.4,195.0,Moderate
Delhi,2016-07-26,1.08,48.6,40.48,163.0,Moderate
Delhi,2016-07-27,1.36,42.48,40.86,108.0,Moderate
Delhi,2016-07-28,1.34,40.28,42.81,134.0,Moderate
Delhi,2016-07-29,1.76,41.18,44.18,155.0,Moderate
Delhi,2016-07-30,1.55,36.4,36.78,116.0,Moderate
Delhi,2016-07-31,1.29,37.62,32.5,136.0,Moderate
Delhi,2016-08-01,1.29,35.28,29.86,150.0,Moderate
Delhi,2016-08-02,2.69,34.99,34.87,121.0,Moderate
Delhi,2016-08-03,1.35,32.14,36.14,149.0,Moderate
Delhi,2016-08-04,0.92,32.45,35.93,178.0,Moderate
Delhi,2016-08-05,1.2,32.81,33.68,120.0,Moderate
Delhi,2016-08-06,2.13,32.22,38.29,140.0,Moderate
Delhi,2016-08-07,2.48,28.89,31.42,142.0,Moderate
Delhi,2016-08-08,1.37,29.3,34.27,141.0,Moderate
Delhi,2016-08-09,2.93,27.23,29.05,125.0,Moderate
Delhi,2016-08-10,1.6,29.55,30.76,127.0,Moderate
Delhi,2016-08-11,2.22,24.79,29.78,119.0,Moderate
Delhi,2016-08-12,1.39,23.83,34.9,111.0,Moderate
Delhi,2016-08-13,1.53,31.35,43.49,132.0,Moderate
Delhi,2016-08-14,1.28,32.09,42.53,149.0,Moderate
Delhi,2016-08-15,2.15,27.89,32.96,166.0,Moderate
Delhi,2016-08-16,3.78,26.6,28.74,274.0,Poor
Delhi,2016-08-17,0.95,25.64,36.46,295.0,Poor
Delhi,2016-08-18,1.23,30.91,51.48,219.0,Poor
Delhi,2016-08-19,1.15,28.14,43.97,169.0,Moderate
Delhi,2016-08-20,1.59,26.51,35.84,174.0,Moderate
Delhi,2016-08-21,3.11,23.44,27.58,111.0,Moderate
Delhi,2016-08-22,2.59,23.44,31.31,93.0,Satisfactory
Delhi,2016-08-23,1.25,26.3,39.47,107.0,Moderate
Delhi,2016-08-24,1.17,22.95,32.04,127.0,Moderate
Delhi,2016-08-25,0.99,30.36,35.41,93.0,Satisfactory
Delhi,2016-08-26,1.0,39.87,35.61,142.0,Moderate
Delhi,2016-08-28,1.67,31.55,28.7,224.0,Poor
Delhi,2016-08-29,1.1,29.89,37.48,169.0,Moderate
Delhi,2016-08-30,1.12,29.36,42.73,110.0,Moderate
Delhi,2016-08-31,2.07,28.42,41.82,100.0,Satisfactory
Delhi,2016-09-01,1.22,23.08,51.78,109.0,Moderate
Delhi,2016-09-02,0.98,26.32,41.71,154.0,Moderate
Delhi,2016-09-03,0.91,23.2,40.85,216.0,Poor
Delhi,2016-09-04,0.91,22.02,31.96,262.0,Poor
Delhi,2016-09-05,1.17,19.68,33.42,260.0,Poor
Delhi,2016-09-06,2.99,19.05,34.74,329.0,Very Poor
Delhi,2016-09-07,2.16,18.99,39.21,291.0,Poor
Delhi,2016-09-08,1.41,20.58,39.69,300.0,Poor
Delhi,2016-09-09,2.39,21.51,43.67,335.0,Very Poor
Delhi,2016-09-10,0.75,21.07,38.14,240.0,Poor
Delhi,2016-09-11,2.36,20.4,40.58,177.0,Moderate
Delhi,2016-09-12,2.12,21.52,39.41,178.0,Moderate
Delhi,2016-09-13,1.62,25.79,43.84,193.0,Moderate
Delhi,2016-09-14,1.25,23.03,45.6,150.0,Moderate
Delhi,2016-09-15,1.26,28.2,54.73,215.0,Poor
Delhi,2016-09-16,0.95,27.03,57.22,233.0,Poor
Delhi,2016-09-17,0.99,29.48,56.8,220.0,Poor
Delhi,2016-09-18,1.28,29.26,56.82,266.0,Poor
Delhi,2016-09-19,1.08,34.17,67.37,192.0,Moderate
Delhi,2016-09-20,1.3,28.66,86.2,264.0,Poor
Delhi,2016-09-21,0.89,29.75,70.0,284.0,Poor
Delhi,2016-09-22,0.8,27.78,44.35,150.0,Moderate
Delhi,2016-09-23,1.18,29.48,57.24,134.0,Moderate
Delhi,2016-09-24,1.03,30.1,53.66,197.0,Moderate
Delhi,2016-09-25,1.24,27.69,55.69,175.0,Moderate
Delhi,2016-09-26,1.35,32.26,68.3,236.0,Poor
Delhi,2016-09-27,0.71,29.98,41.03,185.0,Moderate
Delhi,2016-09-28,0.49,40.17,100.66,103.0,Moderate
Delhi,2016-09-29,0.97,37.22,63.0,289.0,Poor
Delhi,2016-09-30,1.01,32.18,65.05,224.0,Poor
Delhi,2016-10-01,1.4,40.08,73.71,312.0,Very Poor
Delhi,2016-10-02,1.13,35.58,59.82,234.0,Poor
Delhi,2016-10-03,1.09,43.92,66.31,282.0,Poor
Delhi,2016-10-04,1.3,50.14,78.18,351.0,Very Poor
Delhi,2016-10-05,1.26,46.47,77.96,232.0,Poor
Delhi,2016-10-06,1.3,54.59,87.85,280.0,Poor
Delhi,2016-10-07,1.28,47.26,74.99,311.0,Very Poor
Delhi,2016-10-08,1.54,42.99,76.99,408.0,Severe
Delhi,2016-10-09,1.42,43.55,92.64,416.0,Severe
Delhi,2016-10-10,1.24,39.72,88.86,387.0,Very Poor
Delhi,2016-10-11,1.6,36.52,83.87,408.0,Severe
Delhi,2016-10-12,1.05,31.55,83.3,405.0,Severe
Delhi,2016-10-13,0.84,27.85,81.11,371.0,Very Poor
Delhi,2016-10-14,1.31,29.54,87.15,375.0,Very Poor
Delhi,2016-10-15,1.26,34.74,108.83,400.0,Very Poor
Delhi,2016-10-16,1.32,34.88,89.01,430.0,Severe
Delhi,2016-10-17,2.19,37.11,94.29,425.0,Severe
Delhi,2016-10-18,1.6,39.9,95.27,438.0,Severe
Delhi,2016-10-19,1.48,39.26,91.52,428.0,Severe
Delhi,2016-10-20,1.83,44.98,90.28,425.0,Severe
Delhi,2016-10-21,2.14,46.41,88.27,496.0,Severe
Delhi,2016-10-22,1.44,47.03,84.96,472.0,Severe
Delhi,2016-10-23,1.11,44.08,90.22,470.0,Severe
Delhi,2016-10-24,1.42,37.79,88.17,454.0,Severe
Delhi,2016-10-25,1.63,38.89,82.7,396.0,Very Poor
Delhi,2016-10-26,1.88,48.82,111.23,413.0,Severe
Delhi,2016-10-27,1.94,58.75,120.07,558.0,Severe
Delhi,2016-10-28,1.91,64.34,119.42,570.0,Severe
Delhi,2016-10-29,2.65,79.24,162.5,554.0,Severe
Delhi,2016-10-30,2.28,89.56,112.59,522.0,Severe
Delhi,2016-10-31,2.36,95.27,113.21,520.0,Severe
Delhi,2016-11-01,2.09,91.77,120.66,550.0,Severe
Delhi,2016-11-02,2.8,111.69,149.12,593.0,Severe
Delhi,2016-11-03,2.78,104.84,148.92,625.0,Severe
Delhi,2016-11-04,2.23,88.02,131.92,480.0,Severe
Delhi,2016-11-05,2.2,89.1,113.31,603.0,Severe
Delhi,2016-11-06,3.23,96.22,128.15,676.0,Severe
Delhi,2016-11-07,2.21,72.81,123.36,716.0,Severe
Delhi,2016-11-08,1.32,55.65,92.18,542.0,Severe
Delhi,2016-11-09,1.38,58.89,103.26,455.0,Severe
Delhi,2016-11-10,1.61,73.93,133.98,471.0,Severe
Delhi,2016-11-11,1.62,88.96,147.03,514.0,Severe
Delhi,2016-11-12,1.49,81.99,127.18,491.0,Severe
Delhi,2016-11-13,1.24,67.76,113.74,469.0,Severe
Delhi,2016-11-14,0.91,49.95,119.58,404.0,Severe
Delhi,2016-11-15,1.49,59.24,116.66,379.0,Very Poor
Delhi,2016-11-16,1.34,53.33,109.65,428.0,Severe
Delhi,2016-11-17,0.73,41.1,96.23,504.0,Severe
Delhi,2016-11-18,0.87,43.06,102.95,512.0,Severe
Delhi,2016-11-19,1.16,55.83,114.11,494.0,Severe
Delhi,2016-11-20,1.52,80.15,117.17,438.0,Severe
Delhi,2016-11-21,1.6,81.94,128.85,474.0,Severe
Delhi,2016-11-22,1.55,63.32,111.52,471.0,Severe
Delhi,2016-11-23,1.24,48.28,98.73,432.0,Severe
Delhi,2016-11-24,1.21,55.54,109.5,397.0,Very Poor
Delhi,2016-11-25,0.41,28.84,68.9,375.0,Very Poor
Delhi,2016-11-26,0.46,25.22,70.01,330.0,Very Poor
Delhi,2016-11-27,0.65,26.73,71.29,347.0,Very Poor
Delhi,2016-11-28,0.91,28.3,82.99,274.0,Poor
Delhi,2016-11-29,1.75,64.54,133.28,360.0,Very Poor
Delhi,2016-11-30,1.16,84.51,95.64,441.0,Severe
Delhi,2016-12-01,1.25,79.35,83.15,418.0,Severe
Delhi,2016-12-02,1.05,77.5,101.67,474.0,Severe
Delhi,2016-12-03,1.41,51.11,97.75,419.0,Severe
Delhi,2016-12-04,1.93,68.69,109.4,379.0,Very Poor
Delhi,2016-12-05,1.55,27.41,78.79,389.0,Very Poor
Delhi,2016-12-06,1.86,56.8,96.68,402.0,Severe
Delhi,2016-12-07,1.34,49.99,81.86,472.0,Severe
Delhi,2016-12-08,1.53,36.31,72.44,422.0,Severe
Delhi,2016-12-09,1.66,40.93,71.44,443.0,Severe
Delhi,2016-12-10,0.84,34.4,58.86,413.0,Severe
Delhi,2016-12-11,1.25,29.59,50.79,351.0,Very Poor
Delhi,2016-12-12,2.39,50.66,76.9,418.0,Severe
Delhi,2016-12-13,1.32,40.75,76.81,413.0,Severe
Delhi,2016-12-14,0.92,39.57,66.38,379.0,Very Poor
Delhi,2016-12-15,1.06,32.77,61.53,359.0,Very Poor
Delhi,2016-12-16,1.45,42.38,85.26,390.0,Very Poor
Delhi,2016-12-17,1.16,52.64,88.54,437.0,Severe
Delhi,2016-12-18,1.17,61.3,86.92,411.0,Severe
Delhi,2016-12-19,0.92,61.04,88.02,443.0,Severe
Delhi,2016-12-20,0.61,45.61,68.35,377.0,Very Poor
Delhi,2016-12-21,0.81,40.01,66.67,317.0,Very Poor
Delhi,2016-12-22,1.14,50.67,82.03,349.0,Very Poor
Delhi,2016-12-23,1.92,90.37,122.88,470.0,Severe
Delhi,2016-12-24,1.65,99.22,114.03,576.0,Severe
Delhi,2016-12-25,0.7,61.98,59.88,412.0,Severe
Delhi,2016-12-26,0.66,51.87,65.49,338.0,Very Poor
Delhi,2016-12-27,0.94,47.88,93.45,319.0,Very Poor
Delhi,2016-12-28,1.61,60.4,129.41,455.0,Severe
Delhi,2016-12-29,1.3,88.44,108.76,524.0,Severe
Delhi,2016-12-30,0.96,54.58,62.46,381.0,Very Poor
Delhi,2016-12-31,1.14,52.53,56.66,338.0,Very Poor
Delhi,2017-01-01,1.31,55.92,66.19,332.0,Very Poor
Delhi,2017-01-02,1.47,66.57,95.55,384.0,Very Poor
Delhi,2017-01-03,1.28,58.97,90.79,373.0,Very Poor
Delhi,2017-01-04,1.55,68.53,91.07,439.0,Severe
Delhi,2017-01-05,1.24,61.04,87.15,318.0,Very Poor
Delhi,2017-01-06,0.9,58.18,65.86,390.0,Very Poor
Delhi,2017-01-07,0.77,36.9,38.85,332.0,Very Poor
Delhi,2017-01-08,0.63,29.21,52.31,283.0,Poor
Delhi,2017-01-09,0.77,36.32,64.33,300.0,Poor
Delhi,2017-01-10,0.71,28.52,59.2,305.0,Very Poor
Delhi,2017-01-11,0.79,31.36,67.72,337.0,Very Poor
Delhi,2017-01-12,0.95,43.41,79.35,417.0,Severe
Delhi,2017-01-13,1.03,45.76,85.07,426.0,Severe
Delhi,2017-01-14,0.37,36.49,84.75,439.0,Severe
Delhi,2017-01-15,0.45,24.33,63.97,382.0,Very Poor
Delhi,2017-01-16,0.93,39.47,60.94,397.0,Very Poor
Delhi,2017-01-17,0.63,33.13,51.44,330.0,Very Poor
Delhi,2017-01-18,0.7,31.97,66.94,358.0,Very Poor
Delhi,2017-01-19,0.6,25.48,55.95,376.0,Very Poor
Delhi,2017-01-20,0.6,31.55,63.7,334.0,Very Poor
Delhi,2017-01-21,0.03,19.27,63.36,387.0,Very Poor
Delhi,2017-01-22,0.09,24.1,63.71,446.0,Severe
Delhi,2017-01-23,0.53,33.51,67.27,379.0,Very Poor
Delhi,2017-01-24,1.3,56.08,92.12,375.0,Very Poor
Delhi,2017-01-25,1.08,69.27,88.02,450.0,Severe
Delhi,2017-01-26,0.32,48.42,50.39,340.0,Very Poor
Delhi,2017-01-27,0.35,31.84,42.24,203.0,Poor
Delhi,2017-01-28,0.44,28.3,45.82,236.0,Poor
Delhi,2017-01-29,0.35,28.3,46.68,252.0,Poor
Delhi,2017-01-30,0.83,40.53,65.43,302.0,Very Poor
Delhi,2017-01-31,0.79,54.92,82.78,358.0,Very Poor
Delhi,2017-02-01,0.9,46.63,64.08,317.0,Very Poor
Delhi,2017-02-02,1.26,60.67,93.86,387.0,Very Poor
Delhi,2017-02-03,1.26,62.33,88.38,438.0,Severe
Delhi,2017-02-04,0.92,57.26,62.01,407.0,Severe
Delhi,2017-02-05,0.84,40.73,49.57,312.0,Very Poor
Delhi,2017-02-06,1.03,46.21,60.62,367.0,Very Poor
Delhi,2017-02-07,0.62,28.73,55.29,263.0,Poor
Delhi,2017-02-08,0.83,31.42,69.98,287.0,Poor
Delhi,2017-02-09,0.75,39.7,67.24,346.0,Very Poor
Delhi,2017-02-10,0.68,47.34,62.77,314.0,Very Poor
Delhi,2017-02-11,0.54,55.54,58.31,314.0,Very Poor
Delhi,2017-02-12,0.38,95.27,56.97,314.0,Very Poor
Delhi,2017-02-13,0.79,51.62,73.3,298.0,Poor
Delhi,2017-02-14,0.87,50.31,81.51,319.0,Very Poor
Delhi,2017-02-15,0.78,54.38,82.14,382.0,Very Poor
Delhi,2017-02-16,0.72,55.87,78.82,352.0,Very Poor
Delhi,2017-02-17,0.71,53.4,72.55,309.0,Very Poor
Delhi,2017-02-18,0.66,62.34,71.98,301.0,Very Poor
Delhi,2017-02-19,0.78,75.4,68.84,274.0,Poor
Delhi,2017-02-20,1.06,83.01,67.45,313.0,Very Poor
Delhi,2017-02-21,0.7,66.01,60.72,310.0,Very Poor
Delhi,2017-02-22,0.8,58.5,65.62,258.0,Poor
Delhi,2017-02-23,0.27,38.51,55.22,238.0,Poor
Delhi,2017-02-24,0.0,29.63,42.2,449.0,Severe
Delhi,2017-02-25,0.0,34.4,46.64,516.0,Severe
Delhi,2017-02-26,0.41,40.72,59.34,520.0,Severe
Delhi,2017-02-27,0.8,43.29,72.8,363.0,Very Poor
Delhi,2017-02-28,1.42,76.09,94.66,362.0,Very Poor
Delhi,2017-03-01,0.92,73.27,79.46,397.0,Very Poor
Delhi,2017-03-02,0.47,62.98,69.08,280.0,Poor
Delhi,2017-03-03,0.57,41.85,56.64,206.0,Poor
Delhi,2017-03-04,0.57,39.3,60.55,190.0,Moderate
Delhi,2017-03-05,0.69,34.4,61.48,210.0,Poor
Delhi,2017-03-06,0.76,33.66,64.99,201.0,Poor
Delhi,2017-03-07,0.89,43.71,65.16,243.0,Poor
Delhi,2017-03-08,0.43,36.04,49.88,267.0,Poor
Delhi,2017-03-09,0.23,32.12,39.68,245.0,Poor
Delhi,2017-03-10,0.21,25.51,33.32,165.0,Moderate
Delhi,2017-03-11,0.25,24.61,32.0,102.0,Moderate
Delhi,2017-03-12,0.26,24.24,32.11,159.0,Moderate
Delhi,2017-03-13,0.24,21.02,27.78,174.0,Moderate
Delhi,2017-03-14,0.4,22.58,34.28,270.0,Poor
Delhi,2017-03-15,0.45,37.36,42.06,397.0,Very Poor
Delhi,2017-03-16,0.52,43.07,42.18,371.0,Very Poor
Delhi,2017-03-17,0.65,29.62,38.7,328.0,Very Poor
Delhi,2017-03-18,0.6,33.5,46.65,254.0,Poor
Delhi,2017-03-19,0.81,43.17,51.65,342.0,Very Poor
Delhi,2017-03-20,0.77,34.32,49.53,367.0,Very Poor
Delhi,2017-03-21,0.83,33.99,51.94,400.0,Very Poor
Delhi,2017-03-22,0.58,49.03,69.31,390.0,Very Poor
Delhi,2017-03-23,0.55,73.23,70.55,417.0,Severe
Delhi,2017-03-24,0.68,76.02,79.52,359.0,Very Poor
Delhi,2017-03-25,0.31,59.37,83.82,309.0,Very Poor
Delhi,2017-03-26,0.31,53.05,78.84,292.0,Poor
Delhi,2017-03-27,0.33,52.56,79.24,278.0,Poor
Delhi,2017-03-28,0.42,61.73,85.54,320.0,Very Poor
Delhi,2017-03-29,0.45,58.95,75.87,350.0,Very Poor
Delhi,2017-03-30,0.37,57.35,76.28,234.0,Poor
Delhi,2017-03-31,0.41,67.36,84.22,233.0,Poor
Delhi,2017-04-01,0.52,68.33,81.75,341.0,Very Poor
Delhi,2017-04-02,0.42,59.67,77.96,259.0,Poor
Delhi,2017-04-03,0.37,58.96,83.8,204.0,Poor
Delhi,2017-04-04,0.39,63.38,73.67,220.0,Poor
Delhi,2017-04-05,0.32,66.8,64.65,255.0,Poor
Delhi,2017-04-06,0.3,59.04,67.13,211.0,Poor
Delhi,2017-04-07,0.35,51.4,74.99,428.0,Severe
Delhi,2017-04-08,0.48,55.26,77.6,497.0,Severe
Delhi,2017-04-09,0.27,38.77,68.1,289.0,Poor
Delhi,2017-04-10,0.29,37.48,72.06,285.0,Poor
Delhi,2017-04-11,0.33,40.69,71.58,368.0,Very Poor
Delhi,2017-04-12,0.64,43.01,61.17,304.0,Very Poor
Delhi,2017-04-13,1.06,54.53,87.79,377.0,Very Poor
Delhi,2017-04-14,1.1,67.47,110.15,418.0,Severe
Delhi,2017-04-15,1.0,63.27,102.4,355.0,Very Poor
Delhi,2017-04-16,1.12,38.41,102.55,416.0,Severe
Delhi,2017-04-17,0.75,42.18,102.55,403.0,Severe
Delhi,2017-04-18,0.4,41.14,88.05,415.0,Severe
Delhi,2017-04-19,0.67,50.75,80.08,412.0,Severe
Delhi,2017-04-20,0.9,64.48,93.15,394.0,Very Poor
Delhi,2017-04-21,0.54,54.57,103.25,357.0,Very Poor
Delhi,2017-04-22,0.0,39.46,93.8,291.0,Poor
Delhi,2017-04-23,0.28,40.33,75.05,244.0,Poor
Delhi,2017-04-24,1.09,34.43,61.32,287.0,Poor
Delhi,2017-04-25,0.63,31.0,69.59,254.0,Poor
Delhi,2017-04-26,0.63,34.01,72.94,242.0,Poor
Delhi,2017-04-27,0.72,37.41,73.49,223.0,Poor
Delhi,2017-04-28,0.86,33.57,68.76,243.0,Poor
Delhi,2017-04-29,1.1,42.48,85.21,237.0,Poor
Delhi,2017-04-30,0.71,34.42,65.55,275.0,Poor
Delhi,2017-05-01,1.05,40.22,70.38,183.0,Moderate
Delhi,2017-05-02,1.41,44.95,108.48,370.0,Very Poor
Delhi,2017-05-03,1.06,44.27,97.21,419.0,Severe
Delhi,2017-05-04,0.83,34.41,67.76,317.0,Very Poor
Delhi,2017-05-05,0.99,32.24,75.66,455.0,Severe
Delhi,2017-05-06,1.5,37.01,92.19,435.0,Severe
Delhi,2017-05-07,2.08,41.82,92.34,468.0,Severe
Delhi,2017-05-08,1.34,50.62,94.19,442.0,Severe
Delhi,2017-05-09,0.64,36.69,65.21,400.0,Very Poor
Delhi,2017-05-10,0.6,34.59,46.48,223.0,Poor
Delhi,2017-05-11,0.85,30.7,62.22,220.0,Poor
Delhi,2017-05-12,0.89,35.38,70.84,474.0,Severe
Delhi,2017-05-13,1.17,42.62,87.53,479.0,Severe
Delhi,2017-05-14,0.89,32.57,70.37,373.0,Very Poor
Delhi,2017-05-15,0.7,37.08,75.55,354.0,Very Poor
Delhi,2017-05-16,0.57,20.17,54.83,349.0,Very Poor
Delhi,2017-05-17,0.4,12.09,47.84,264.0,Poor
Delhi,2017-05-18,0.41,13.57,50.3,188.0,Moderate
Delhi,2017-05-19,0.71,27.59,58.93,294.0,Poor
Delhi,2017-05-20,0.9,25.31,59.74,334.0,Very Poor
Delhi,2017-05-21,0.88,13.02,52.38,505.0,Severe
Delhi,2017-05-22,0.99,39.38,63.7,349.0,Very Poor
Delhi,2017-05-23,0.89,56.89,84.21,421.0,Severe
Delhi,2017-05-24,0.47,42.37,80.72,238.0,Poor
Delhi,2017-05-25,0.56,33.07,65.71,204.0,Poor
Delhi,2017-05-26,0.65,49.97,79.07,289.0,Poor
Delhi,2017-05-27,0.53,39.95,50.12,236.0,Poor
Delhi,2017-05-28,0.49,37.97,45.6,148.0,Moderate
Delhi,2017-05-29,0.54,41.24,55.2,94.0,Satisfactory
Delhi,2017-05-30,0.5,47.68,64.11,130.0,Moderate
Delhi,2017-05-31,0.83,53.68,69.98,123.0,Moderate
Delhi,2017-06-01,1.08,57.81,97.33,192.0,Moderate
Delhi,2017-06-02,1.08,60.86,131.55,324.0,Very Poor
Delhi,2017-06-03,1.1,62.41,119.37,357.0,Very Poor
Delhi,2017-06-04,0.72,55.02,92.68,393.0,Very Poor
Delhi,2017-06-05,0.56,41.28,64.07,302.0,Very Poor
Delhi,2017-06-06,0.56,43.51,57.63,239.0,Poor
Delhi,2017-06-07,0.29,48.84,70.77,210.0,Poor
Delhi,2017-06-08,0.0,40.3,79.9,77.0,Satisfactory
Delhi,2017-06-09,0.0,41.19,76.52,89.0,Satisfactory
Delhi,2017-06-10,0.0,41.51,80.04,143.0,Moderate
Delhi,2017-06-11,0.0,38.68,77.07,80.0,Satisfactory
Delhi,2017-06-12,0.0,50.52,106.23,92.0,Satisfactory
Delhi,2017-06-13,0.0,58.1,96.64,112.0,Moderate
Delhi,2017-06-14,0.0,52.51,86.9,117.0,Moderate
Delhi,2017-06-15,0.0,54.71,139.09,101.0,Moderate
Delhi,2017-06-16,0.0,51.3,80.43,106.0,Moderate
Delhi,2017-06-17,0.0,48.94,70.93,88.0,Satisfactory
Delhi,2017-06-18,0.0,48.14,56.65,94.0,Satisfactory
Delhi,2017-06-19,0.0,46.71,36.63,150.0,Moderate
Delhi,2017-06-20,0.0,59.54,99.75,97.0,Satisfactory
Delhi,2017-06-21,0.0,50.91,63.2,109.0,Moderate
Delhi,2017-06-22,0.0,69.13,36.35,124.0,Moderate
Delhi,2017-06-24,0.0,58.3,83.84,111.0,Moderate
Delhi,2017-06-25,0.0,45.21,71.42,148.0,Moderate
Delhi,2017-06-26,0.0,38.93,53.97,108.0,Moderate
Delhi,2017-06-27,0.0,37.64,54.02,73.0,Satisfactory
Delhi,2017-06-28,0.0,41.14,58.02,58.0,Satisfactory
Delhi,2017-06-29,0.0,33.87,35.01,58.0,Satisfactory
Delhi,2017-06-30,0.0,41.27,32.97,46.0,Good
Delhi,2017-07-01,0.0,44.12,17.4,84.0,Satisfactory
Delhi,2017-07-02,0.0,32.97,11.37,54.0,Satisfactory
Delhi,2017-07-03,0.0,32.02,20.06,49.0,Good
Delhi,2017-07-04,0.0,28.8,19.37,149.0,Moderate
Delhi,2017-07-05,0.0,25.81,14.86,212.0,Poor
Delhi,2017-07-06,0.0,24.82,18.32,85.0,Satisfactory
Delhi,2017-07-07,0.0,30.98,18.21,77.0,Satisfactory
Delhi,2017-07-08,0.0,28.82,23.52,65.0,Satisfactory
Delhi,2017-07-09,0.0,41.79,21.16,108.0,Moderate
Delhi,2017-07-10,0.0,27.22,18.81,78.0,Satisfactory
Delhi,2017-07-11,0.0,26.19,21.44,59.0,Satisfactory
Delhi,2017-07-12,0.0,27.31,19.98,47.0,Good
Delhi,2017-07-13,0.0,28.03,21.59,39.0,Good
Delhi,2017-07-14,0.0,29.06,38.36,40.0,Good
Delhi,2017-07-15,0.0,37.26,77.47,56.0,Satisfactory
Delhi,2017-07-16,0.0,35.52,76.98,65.0,Satisfactory
Delhi,2017-07-17,0.0,43.34,86.61,71.0,Satisfactory
Delhi,2017-07-18,0.0,49.2,126.91,97.0,Satisfactory
Delhi,2017-07-19,0.0,58.22,137.15,118.0,Moderate
Delhi,2017-07-20,0.0,44.64,61.54,116.0,Moderate
Delhi,2017-07-21,0.0,26.97,23.67,53.0,Satisfactory
Delhi,2017-07-22,0.0,23.32,19.9,30.0,Good
Delhi,2017-07-23,0.0,26.79,18.22,37.0,Good
Delhi,2017-07-24,0.0,28.58,19.95,35.0,Good
Delhi,2017-07-25,0.0,28.73,18.1,37.0,Good
Delhi,2017-07-26,0.0,27.09,21.95,32.0,Good
Delhi,2017-07-27,0.0,26.74,25.33,41.0,Good
Delhi,2017-07-28,0.0,25.11,24.07,42.0,Good
Delhi,2017-07-29,0.0,22.45,22.87,47.0,Good
Delhi,2017-07-30,0.0,22.24,20.58,30.0,Good
Delhi,2017-07-31,0.0,32.0,26.19,29.0,Good
Delhi,2017-08-01,0.0,33.36,23.4,44.0,Good
Delhi,2017-08-02,0.0,38.35,26.54,40.0,Good
Delhi,2017-08-03,0.0,34.14,29.16,49.0,Good
Delhi,2017-08-04,0.0,33.24,33.74,50.0,Good
Delhi,2017-08-05,0.0,36.4,42.98,88.0,Satisfactory
Delhi,2017-08-06,0.0,43.5,41.75,99.0,Satisfactory
Delhi,2017-08-07,0.0,33.07,32.2,110.0,Moderate
Delhi,2017-08-08,0.0,36.53,29.91,68.0,Satisfactory
Delhi,2017-08-09,0.0,42.64,48.7,73.0,Satisfactory
Delhi,2017-08-10,0.0,31.22,64.0,95.0,Satisfactory
Delhi,2017-08-11,0.0,17.92,35.39,58.0,Satisfactory
Delhi,2017-08-15,0.0,18.69,49.91,59.0,Satisfactory
Delhi,2017-08-16,0.0,23.94,64.66,53.0,Satisfactory
Delhi,2017-08-17,0.0,26.78,68.78,66.0,Satisfactory
Delhi,2017-08-18,0.0,24.79,60.15,70.0,Satisfactory
Delhi,2017-08-19,0.0,24.34,39.67,70.0,Satisfactory
Delhi,2017-08-20,0.0,17.65,30.28,63.0,Satisfactory
Delhi,2017-08-21,0.0,12.14,24.42,42.0,Good
Delhi,2017-08-24,0.0,23.83,45.26,58.0,Satisfactory
Delhi,2017-08-25,0.0,18.75,39.3,104.0,Moderate
Delhi,2017-08-30,0.0,38.09,101.89,73.0,Satisfactory
Delhi,2017-08-31,0.76,25.08,50.7,94.0,Satisfactory
Delhi,2017-09-01,0.54,17.6,26.64,91.0,Satisfactory
Delhi,2017-09-02,0.48,33.97,26.09,88.0,Satisfactory
Delhi,2017-09-03,0.4,25.9,27.32,88.0,Satisfactory
Delhi,2017-09-04,0.36,86.67,25.85,89.0,Satisfactory
Delhi,2017-09-05,0.37,30.21,30.29,88.0,Satisfactory
Delhi,2017-09-06,0.33,31.07,35.92,88.0,Satisfactory
Delhi,2017-09-07,0.36,36.46,23.75,88.0,Satisfactory
Delhi,2017-09-08,0.49,27.05,16.52,106.0,Moderate
Delhi,2017-09-09,0.45,31.1,17.54,96.0,Satisfactory
Delhi,2017-09-10,0.48,49.74,19.76,118.0,Moderate
Delhi,2017-09-11,0.45,48.0,20.25,119.0,Moderate
Delhi,2017-09-14,0.12,43.06,31.88,142.0,Moderate
Delhi,2017-09-15,0.36,31.02,34.75,169.0,Moderate
Delhi,2017-09-16,0.44,40.92,36.6,110.0,Moderate
Delhi,2017-09-17,0.33,31.89,37.33,106.0,Moderate
Delhi,2017-09-18,0.21,33.88,56.67,99.0,Satisfactory
Delhi,2017-09-19,0.43,45.0,34.72,109.0,Moderate
Delhi,2017-09-20,0.44,56.47,21.49,137.0,Moderate
Delhi,2017-09-21,0.46,31.36,22.74,144.0,Moderate
Delhi,2017-09-22,0.32,17.63,22.4,92.0,Satisfactory
Delhi,2017-09-23,0.35,17.47,18.63,83.0,Satisfactory
Delhi,2017-09-24,0.37,19.11,17.01,84.0,Satisfactory
Delhi,2017-09-25,0.37,19.81,27.25,104.0,Moderate
Delhi,2017-09-26,0.6,34.54,27.52,131.0,Moderate
Delhi,2017-09-27,0.61,50.34,21.39,165.0,Moderate
Delhi,2017-09-28,0.43,54.37,38.55,176.0,Moderate
Delhi,2017-09-29,0.45,41.19,29.45,172.0,Moderate
Delhi,2017-09-30,0.3,44.1,26.08,137.0,Moderate
Delhi,2017-10-01,0.46,50.15,28.66,131.0,Moderate
Delhi,2017-10-02,0.43,39.12,25.2,132.0,Moderate
Delhi,2017-10-03,0.2,31.36,26.09,115.0,Moderate
Delhi,2017-10-04,0.19,39.43,28.99,151.0,Moderate
Delhi,2017-10-05,0.27,37.22,24.45,180.0,Moderate
Delhi,2017-10-06,0.33,31.48,27.44,183.0,Moderate
Delhi,2017-10-07,0.32,35.37,25.61,193.0,Moderate
Delhi,2017-10-08,0.24,41.02,24.51,224.0,Poor
Delhi,2017-10-09,0.24,50.93,27.06,268.0,Poor
Delhi,2017-10-10,0.26,56.42,31.67,253.0,Poor
Delhi,2017-10-11,0.25,64.21,30.92,208.0,Poor
Delhi,2017-10-12,0.33,44.32,31.1,211.0,Poor
Delhi,2017-10-13,0.33,45.28,29.16,246.0,Poor
Delhi,2017-10-14,0.37,55.52,30.14,319.0,Very Poor
Delhi,2017-10-15,0.33,44.61,30.0,317.0,Very Poor
Delhi,2017-10-16,1.02,51.88,58.53,310.0,Very Poor
Delhi,2017-10-17,1.36,42.92,57.08,313.0,Very Poor
Delhi,2017-10-18,1.05,44.57,63.15,310.0,Very Poor
Delhi,2017-10-19,1.18,50.7,53.51,336.0,Very Poor
Delhi,2017-10-20,1.06,48.79,54.76,497.0,Severe
Delhi,2017-10-21,1.46,50.8,50.13,404.0,Severe
Delhi,2017-10-22,0.93,45.72,55.88,338.0,Very Poor
Delhi,2017-10-23,1.45,48.44,64.25,327.0,Very Poor
Delhi,2017-10-24,1.51,53.82,81.33,366.0,Very Poor
Delhi,2017-10-25,1.01,55.14,80.62,357.0,Very Poor
Delhi,2017-10-26,1.15,61.45,90.56,328.0,Very Poor
Delhi,2017-10-27,0.98,48.68,65.44,345.0,Very Poor
Delhi,2017-10-28,0.9,51.2,84.45,379.0,Very Poor
Delhi,2017-10-29,1.16,50.6,60.61,362.0,Very Poor
Delhi,2017-10-30,1.47,52.67,69.51,340.0,Very Poor
Delhi,2017-10-31,1.84,64.28,53.08,366.0,Very Poor
Delhi,2017-11-01,1.13,47.36,46.83,344.0,Very Poor
Delhi,2017-11-02,1.4,49.88,47.7,305.0,Very Poor
Delhi,2017-11-03,1.31,53.2,46.49,310.0,Very Poor
Delhi,2017-11-04,1.83,52.75,47.28,345.0,Very Poor
Delhi,2017-11-05,2.33,61.8,60.56,370.0,Very Poor
Delhi,2017-11-06,1.94,65.81,57.27,377.0,Very Poor
Delhi,2017-11-07,2.37,91.87,65.17,532.0,Severe
Delhi,2017-11-08,2.74,82.96,77.51,675.0,Severe
Delhi,2017-11-09,2.37,74.84,81.67,677.0,Severe
Delhi,2017-11-10,2.45,84.1,80.73,597.0,Severe
Delhi,2017-11-11,2.32,90.64,78.61,471.0,Severe
Delhi,2017-11-12,2.44,73.63,70.1,613.0,Severe
Delhi,2017-11-13,2.33,73.85,65.77,561.0,Severe
Delhi,2017-11-14,1.74,55.71,56.46,444.0,Severe
Delhi,2017-11-15,1.64,48.83,57.85,378.0,Very Poor
Delhi,2017-11-16,1.55,50.06,53.86,357.0,Very Poor
Delhi,2017-11-17,1.51,45.56,47.38,330.0,Very Poor
Delhi,2017-11-18,1.16,38.55,43.91,309.0,Very Poor
Delhi,2017-11-19,1.2,34.83,45.6,297.0,Poor
Delhi,2017-11-20,1.3,36.28,52.73,329.0,Very Poor
Delhi,2017-11-21,1.52,40.58,54.75,341.0,Very Poor
Delhi,2017-11-22,1.51,40.37,54.64,348.0,Very Poor
Delhi,2017-11-23,1.55,40.03,55.04,340.0,Very Poor
Delhi,2017-11-24,1.65,44.62,64.15,348.0,Very Poor
Delhi,2017-11-25,1.74,47.81,76.48,347.0,Very Poor
Delhi,2017-11-26,1.97,63.81,67.6,368.0,Very Poor
Delhi,2017-11-27,1.64,52.5,68.93,382.0,Very Poor
Delhi,2017-11-28,1.76,60.94,62.53,360.0,Very Poor
Delhi,2017-11-29,2.31,83.31,75.37,359.0,Very Poor
Delhi,2017-11-30,2.11,77.53,57.73,388.0,Very Poor
Delhi,2017-12-01,1.83,65.47,56.83,377.0,Very Poor
Delhi,2017-12-02,2.1,92.4,65.66,356.0,Very Poor
Delhi,2017-12-03,2.28,85.25,65.83,384.0,Very Poor
Delhi,2017-12-04,2.49,90.28,65.49,415.0,Severe
Delhi,2017-12-05,2.41,71.16,64.61,404.0,Severe
Delhi,2017-12-06,1.65,45.92,51.02,330.0,Very Poor
Delhi,2017-12-07,1.49,36.04,45.83,215.0,Poor
Delhi,2017-12-08,1.56,41.49,53.85,220.0,Poor
Delhi,2017-12-09,1.77,57.73,70.14,312.0,Very Poor
Delhi,2017-12-10,2.18,77.11,83.94,389.0,Very Poor
Delhi,2017-12-11,2.28,86.87,71.25,406.0,Severe
Delhi,2017-12-12,1.51,50.54,45.94,280.0,Poor
Delhi,2017-12-13,1.34,48.27,40.27,263.0,Poor
Delhi,2017-12-14,1.31,46.26,36.59,276.0,Poor
Delhi,2017-12-15,1.28,42.56,34.73,292.0,Poor
Delhi,2017-12-16,1.06,39.74,29.84,228.0,Poor
Delhi,2017-12-17,1.2,35.36,37.37,195.0,Moderate
Delhi,2017-12-18,1.28,45.71,45.8,223.0,Poor
Delhi,2017-12-19,1.48,56.27,54.84,291.0,Poor
Delhi,2017-12-20,1.91,78.25,66.41,378.0,Very Poor
Delhi,2017-12-21,1.45,72.97,61.63,467.0,Severe
Delhi,2017-12-22,1.17,55.36,50.73,370.0,Very Poor
Delhi,2017-12-23,1.54,51.89,50.97,253.0,Poor
Delhi,2017-12-24,1.74,73.83,66.65,309.0,Very Poor
Delhi,2017-12-25,1.68,68.61,58.92,398.0,Very Poor
Delhi,2017-12-26,1.57,62.83,57.6,372.0,Very Poor
Delhi,2017-12-27,1.69,71.71,65.61,379.0,Very Poor
Delhi,2017-12-28,1.86,79.07,70.25,398.0,Very Poor
Delhi,2017-12-29,1.7,68.22,59.7,399.0,Very Poor
Delhi,2017-12-30,1.96,75.04,60.4,421.0,Severe
Delhi,2017-12-31,1.95,83.55,66.97,451.0,Severe
Delhi,2018-01-01,1.8,73.16,63.92,462.0,Severe
Delhi,2018-01-02,1.52,55.61,53.73,439.0,Severe
Delhi,2018-01-03,1.29,50.81,52.24,405.0,Severe
Delhi,2018-01-04,1.36,55.17,61.57,394.0,Very Poor
Delhi,2018-01-05,1.38,51.36,54.8,398.0,Very Poor
Delhi,2018-01-06,1.59,63.78,59.12,403.0,Severe
Delhi,2018-01-07,1.3,50.09,47.02,384.0,Very Poor
Delhi,2018-01-08,1.33,47.52,51.6,314.0,Very Poor
Delhi,2018-01-09,1.54,58.65,66.19,373.0,Very Poor
Delhi,2018-01-10,1.4,48.38,60.21,366.0,Very Poor
Delhi,2018-01-11,1.47,47.42,63.57,318.0,Very Poor
Delhi,2018-01-12,1.56,55.07,65.3,306.0,Very Poor
Delhi,2018-01-13,2.12,75.88,61.28,370.0,Very Poor
Delhi,2018-01-14,1.72,55.35,54.37,365.0,Very Poor
Delhi,2018-01-15,1.42,54.6,52.51,352.0,Very Poor
Delhi,2018-01-16,1.36,43.23,46.86,278.0,Poor
Delhi,2018-01-17,1.61,52.37,47.86,350.0,Very Poor
Delhi,2018-01-18,2.04,59.73,55.08,411.0,Severe
Delhi,2018-01-19,1.82,63.31,49.45,451.0,Severe
Delhi,2018-01-20,1.31,66.51,38.87,351.0,Very Poor
Delhi,2018-01-21,1.51,63.25,44.09,310.0,Very Poor
Delhi,2018-01-22,1.87,63.15,56.45,362.0,Very Poor
Delhi,2018-01-23,1.43,51.07,47.26,343.0,Very Poor
Delhi,2018-01-24,1.32,43.08,35.33,286.0,Poor
Delhi,2018-01-25,1.37,40.74,40.13,267.0,Poor
Delhi,2018-01-26,1.43,44.28,38.17,263.0,Poor
Delhi,2018-01-27,1.4,46.22,45.14,284.0,Poor
Delhi,2018-01-28,1.85,45.66,47.6,334.0,Very Poor
Delhi,2018-01-29,1.96,44.78,54.51,332.0,Very Poor
Delhi,2018-01-30,2.0,38.68,47.59,300.0,Poor
Delhi,2018-01-31,2.52,39.32,45.46,271.0,Poor
Delhi,2018-02-01,1.62,46.95,63.88,293.0,Poor
Delhi,2018-02-02,1.49,52.36,54.28,318.0,Very Poor
Delhi,2018-02-03,1.29,46.26,51.46,277.0,Poor
Delhi,2018-02-04,1.3,45.13,46.74,284.0,Poor
Delhi,2018-02-05,1.33,45.41,63.42,313.0,Very Poor
Delhi,2018-02-06,1.21,44.96,56.51,324.0,Very Poor
Delhi,2018-02-07,1.18,43.31,54.53,287.0,Poor
Delhi,2018-02-08,1.75,47.89,74.83,334.0,Very Poor
Delhi,2018-02-09,1.7,49.6,74.5,375.0,Very Poor
Delhi,2018-02-10,2.55,47.52,99.06,378.0,Very Poor
Delhi,2018-02-11,1.56,51.43,62.4,350.0,Very Poor
Delhi,2018-02-12,0.97,46.64,33.08,218.0,Poor
Delhi,2018-02-13,1.21,50.89,46.48,189.0,Moderate
Delhi,2018-02-14,0.96,40.88,34.92,217.0,Poor
Delhi,2018-02-15,1.03,44.48,38.54,189.0,Moderate
Delhi,2018-02-16,1.21,49.81,48.33,248.0,Poor
Delhi,2018-02-17,1.27,49.73,49.9,277.0,Poor
Delhi,2018-02-18,1.36,45.32,50.94,284.0,Poor
Delhi,2018-02-19,1.96,46.22,71.76,321.0,Very Poor
Delhi,2018-02-20,1.89,49.25,68.29,335.0,Very Poor
Delhi,2018-02-21,2.42,49.47,92.54,347.0,Very Poor
Delhi,2018-02-22,1.8,55.72,66.4,333.0,Very Poor
Delhi,2018-02-23,1.81,59.64,70.77,331.0,Very Poor
Delhi,2018-02-24,1.52,62.61,62.66,347.0,Very Poor
Delhi,2018-02-25,1.0,50.57,42.88,317.0,Very Poor
Delhi,2018-02-26,0.88,41.83,33.59,170.0,Moderate
Delhi,2018-02-27,1.15,43.85,43.12,167.0,Moderate
Delhi,2018-02-28,1.47,53.64,52.5,274.0,Poor
Delhi,2018-03-01,1.43,49.29,51.74,293.0,Poor
Delhi,2018-03-02,1.64,48.86,50.64,300.0,Poor
Delhi,2018-03-03,1.18,44.26,41.07,244.0,Poor
Delhi,2018-03-04,0.99,39.35,39.02,205.0,Poor
Delhi,2018-03-05,0.99,38.32,39.58,180.0,Moderate
Delhi,2018-03-06,0.94,34.56,37.92,170.0,Moderate
Delhi,2018-03-07,1.11,36.46,45.6,192.0,Moderate
Delhi,2018-03-08,1.84,43.35,79.5,262.0,Poor
Delhi,2018-03-09,1.64,46.02,65.86,316.0,Very Poor
Delhi,2018-03-10,0.95,39.35,39.85,207.0,Poor
Delhi,2018-03-11,1.08,39.62,41.81,179.0,Moderate
Delhi,2018-03-12,1.18,42.8,45.32,236.0,Poor
Delhi,2018-03-13,1.54,42.23,56.5,241.0,Poor
Delhi,2018-03-14,1.63,40.47,64.82,287.0,Poor
Delhi,2018-03-15,1.23,43.23,48.86,314.0,Very Poor
Delhi,2018-03-16,1.09,42.2,41.48,269.0,Poor
Delhi,2018-03-17,1.09,33.72,32.61,218.0,Poor
Delhi,2018-03-18,1.2,30.32,31.72,177.0,Moderate
Delhi,2018-03-19,1.1,37.7,43.85,177.0,Moderate
Delhi,2018-03-20,1.42,44.26,55.71,224.0,Poor
Delhi,2018-03-21,1.36,49.85,45.33,302.0,Very Poor
Delhi,2018-03-22,1.0,42.95,33.49,226.0,Poor
Delhi,2018-03-23,0.89,34.91,34.53,171.0,Moderate
Delhi,2018-03-24,0.91,35.84,37.32,183.0,Moderate
Delhi,2018-03-25,0.96,37.35,34.66,202.0,Poor
Delhi,2018-03-26,1.06,36.49,41.2,203.0,Poor
Delhi,2018-03-27,1.52,37.92,60.75,246.0,Poor
Delhi,2018-03-28,1.74,37.48,71.04,293.0,Poor
Delhi,2018-03-29,1.01,37.18,41.56,238.0,Poor
Delhi,2018-03-30,1.11,37.57,45.84,234.0,Poor
Delhi,2018-03-31,1.17,42.4,44.76,269.0,Poor
Delhi,2018-04-01,1.01,37.86,37.97,217.0,Poor
Delhi,2018-04-02,1.22,43.29,48.52,217.0,Poor
Delhi,2018-04-03,1.28,45.56,51.63,239.0,Poor
Delhi,2018-04-04,1.44,50.48,52.51,244.0,Poor
Delhi,2018-04-05,1.76,49.53,60.24,329.0,Very Poor
Delhi,2018-04-06,1.42,43.35,44.92,271.0,Poor
Delhi,2018-04-07,1.12,42.48,36.94,170.0,Moderate
Delhi,2018-04-08,1.09,44.48,34.29,142.0,Moderate
Delhi,2018-04-09,1.35,44.12,39.45,133.0,Moderate
Delhi,2018-04-10,1.57,52.07,45.16,205.0,Poor
Delhi,2018-04-11,0.99,39.88,32.33,179.0,Moderate
Delhi,2018-04-12,1.3,33.55,40.94,135.0,Moderate
Delhi,2018-04-13,1.78,36.1,54.68,201.0,Poor
Delhi,2018-04-14,2.12,39.49,59.41,233.0,Poor
Delhi,2018-04-15,2.26,40.66,67.79,240.0,Poor
Delhi,2018-04-16,2.51,46.53,76.17,296.0,Poor
Delhi,2018-04-17,1.56,39.2,57.84,266.0,Poor
Delhi,2018-04-18,1.04,33.33,40.44,216.0,Poor
Delhi,2018-04-19,1.19,35.35,51.78,242.0,Poor
Delhi,2018-04-20,0.91,36.14,40.56,271.0,Poor
Delhi,2018-04-21,0.89,31.94,30.99,444.0,Severe
Delhi,2018-04-22,0.85,29.3,31.63,302.0,Very Poor
Delhi,2018-04-23,1.03,27.09,39.43,197.0,Moderate
Delhi,2018-04-24,1.28,32.19,57.07,242.0,Poor
Delhi,2018-04-25,2.02,31.94,82.47,287.0,Poor
Delhi,2018-04-26,2.09,41.32,78.5,329.0,Very Poor
Delhi,2018-04-27,1.41,51.03,49.86,351.0,Very Poor
Delhi,2018-04-28,1.14,44.78,36.11,288.0,Poor
Delhi,2018-04-29,1.26,47.69,42.57,259.0,Poor
Delhi,2018-04-30,1.12,49.72,46.42,221.0,Poor
Delhi,2018-05-01,0.81,44.37,33.37,173.0,Moderate
Delhi,2018-05-02,1.02,37.69,34.14,161.0,Moderate
Delhi,2018-05-03,1.23,38.01,31.77,167.0,Moderate
Delhi,2018-05-04,1.17,38.61,30.44,146.0,Moderate
Delhi,2018-05-05,1.74,44.85,46.75,174.0,Moderate
Delhi,2018-05-06,2.05,44.57,53.69,280.0,Poor
Delhi,2018-05-07,2.2,45.99,54.75,243.0,Poor
Delhi,2018-05-08,1.31,27.14,27.66,252.0,Poor
Delhi,2018-05-09,1.46,43.68,46.09,168.0,Moderate
Delhi,2018-05-10,2.41,53.84,52.15,218.0,Poor
Delhi,2018-05-11,2.73,51.67,65.41,292.0,Poor
Delhi,2018-05-12,3.2,65.63,74.13,330.0,Very Poor
Delhi,2018-05-13,2.1,59.34,31.22,285.0,Poor
Delhi,2018-05-14,2.05,46.61,40.3,174.0,Moderate
Delhi,2018-05-15,1.91,49.62,39.81,173.0,Moderate
Delhi,2018-05-16,1.11,43.11,41.79,194.0,Moderate
Delhi,2018-05-17,0.85,45.08,44.14,240.0,Poor
Delhi,2018-05-18,1.07,54.12,53.88,254.0,Poor
Delhi,2018-05-19,1.46,55.99,65.52,270.0,Poor
Delhi,2018-05-20,1.08,45.4,45.88,231.0,Poor
Delhi,2018-05-21,0.91,41.07,42.68,208.0,Poor
Delhi,2018-05-22,1.17,40.31,59.07,207.0,Poor
Delhi,2018-05-23,1.66,46.95,77.28,306.0,Very Poor
Delhi,2018-05-24,1.34,51.03,57.51,303.0,Very Poor
Delhi,2018-05-25,1.31,36.45,59.34,260.0,Poor
Delhi,2018-05-26,1.47,37.33,64.88,244.0,Poor
Delhi,2018-05-27,1.1,35.05,58.31,268.0,Poor
Delhi,2018-05-28,1.33,48.36,54.01,276.0,Poor
Delhi,2018-05-29,1.4,51.9,60.34,303.0,Very Poor
Delhi,2018-05-30,0.95,54.38,33.21,272.0,Poor
Delhi,2018-05-31,1.0,50.49,40.76,223.0,Poor
Delhi,2018-06-01,0.81,48.38,30.14,196.0,Moderate
Delhi,2018-06-02,0.98,41.24,29.28,183.0,Moderate
Delhi,2018-06-03,0.84,43.82,31.51,154.0,Moderate
Delhi,2018-06-04,0.81,49.08,30.68,170.0,Moderate
Delhi,2018-06-05,0.82,43.21,27.67,160.0,Moderate
Delhi,2018-06-06,0.88,39.58,31.11,146.0,Moderate
Delhi,2018-06-07,0.96,40.17,33.8,166.0,Moderate
Delhi,2018-06-08,0.95,46.72,31.27,180.0,Moderate
Delhi,2018-06-09,0.9,40.4,27.39,153.0,Moderate
Delhi,2018-06-10,0.93,49.24,34.23,153.0,Moderate
Delhi,2018-06-11,0.9,48.15,34.85,186.0,Moderate
Delhi,2018-06-12,0.87,40.05,31.72,285.0,Poor
Delhi,2018-06-13,0.77,32.58,25.75,453.0,Severe
Delhi,2018-06-14,0.72,27.3,25.37,522.0,Severe
Delhi,2018-06-15,0.7,26.27,24.61,593.0,Severe
Delhi,2018-06-16,0.68,28.12,25.0,531.0,Severe
Delhi,2018-06-17,0.68,27.53,22.78,384.0,Very Poor
Delhi,2018-06-18,0.77,33.27,26.68,179.0,Moderate
Delhi,2018-06-19,0.68,31.25,26.52,146.0,Moderate
Delhi,2018-06-20,0.77,36.03,33.71,175.0,Moderate
Delhi,2018-06-21,0.75,38.44,34.82,221.0,Poor
Delhi,2018-06-22,0.99,44.46,45.06,249.0,Poor
Delhi,2018-06-23,0.96,44.27,44.23,228.0,Poor
Delhi,2018-06-24,0.77,34.64,34.98,194.0,Moderate
Delhi,2018-06-25,0.74,32.64,34.92,168.0,Moderate
Delhi,2018-06-26,0.72,35.67,34.16,128.0,Moderate
Delhi,2018-06-27,0.84,44.57,31.0,126.0,Moderate
Delhi,2018-06-28,0.76,44.84,29.01,99.0,Satisfactory
Delhi,2018-06-29,0.87,42.44,30.43,90.0,Satisfactory
Delhi,2018-06-30,0.91,40.71,32.89,113.0,Moderate
Delhi,2018-07-01,0.78,44.47,28.46,102.0,Moderate
Delhi,2018-07-02,0.65,36.17,25.74,111.0,Moderate
Delhi,2018-07-03,0.86,38.7,37.27,122.0,Moderate
Delhi,2018-07-04,0.78,37.0,31.17,128.0,Moderate
Delhi,2018-07-05,0.95,38.45,38.05,130.0,Moderate
Delhi,2018-07-06,0.94,48.7,36.71,147.0,Moderate
Delhi,2018-07-07,0.9,51.84,34.43,155.0,Moderate
Delhi,2018-07-08,0.98,57.11,39.85,176.0,Moderate
Delhi,2018-07-09,0.93,55.38,35.14,168.0,Moderate
Delhi,2018-07-10,0.81,47.18,28.19,140.0,Moderate
Delhi,2018-07-11,0.84,39.31,31.82,111.0,Moderate
Delhi,2018-07-12,0.76,35.01,34.22,130.0,Moderate
Delhi,2018-07-13,0.88,33.49,31.94,109.0,Moderate
Delhi,2018-07-14,0.84,34.11,31.63,96.0,Satisfactory
Delhi,2018-07-15,0.78,32.08,28.9,92.0,Satisfactory
Delhi,2018-07-16,0.96,36.19,33.31,95.0,Satisfactory
Delhi,2018-07-17,0.87,41.85,30.73,105.0,Moderate
Delhi,2018-07-18,0.82,46.23,29.45,114.0,Moderate
Delhi,2018-07-19,0.8,41.74,27.41,106.0,Moderate
Delhi,2018-07-20,0.89,38.54,33.46,90.0,Satisfactory
Delhi,2018-07-21,0.97,43.54,36.48,114.0,Moderate
Delhi,2018-07-22,0.83,37.26,27.55,87.0,Satisfactory
Delhi,2018-07-23,0.81,39.3,28.74,80.0,Satisfactory
Delhi,2018-07-24,0.83,40.08,29.15,101.0,Moderate
Delhi,2018-07-25,0.81,39.46,27.58,90.0,Satisfactory
Delhi,2018-07-26,0.89,38.33,25.1,90.0,Satisfactory
Delhi,2018-07-27,0.91,33.02,23.41,68.0,Satisfactory
Delhi,2018-07-28,0.73,29.08,21.59,71.0,Satisfactory
Delhi,2018-07-29,0.74,36.7,25.02,100.0,Satisfactory
Delhi,2018-07-30,0.8,42.39,25.06,122.0,Moderate
Delhi,2018-07-31,0.91,41.94,28.84,135.0,Moderate
Delhi,2018-08-01,0.94,38.58,26.14,155.0,Moderate
Delhi,2018-08-02,0.86,36.33,25.2,215.0,Poor
Delhi,2018-08-03,0.78,34.43,26.08,228.0,Poor
Delhi,2018-08-04,0.76,33.4,28.77,215.0,Poor
Delhi,2018-08-05,0.71,33.84,24.82,234.0,Poor
Delhi,2018-08-06,0.9,45.36,26.59,166.0,Moderate
Delhi,2018-08-07,0.98,40.11,26.15,123.0,Moderate
Delhi,2018-08-08,1.02,38.57,25.24,108.0,Moderate
Delhi,2018-08-09,0.89,38.58,24.98,102.0,Moderate
Delhi,2018-08-10,1.11,40.95,34.82,111.0,Moderate
Delhi,2018-08-11,0.7,36.5,24.06,106.0,Moderate
Delhi,2018-08-12,0.66,30.55,23.5,92.0,Satisfactory
Delhi,2018-08-13,0.84,34.65,25.04,102.0,Moderate
Delhi,2018-08-14,1.09,39.38,29.49,122.0,Moderate
Delhi,2018-08-15,0.84,37.96,23.72,128.0,Moderate
Delhi,2018-08-16,1.21,40.19,29.32,109.0,Moderate
Delhi,2018-08-17,0.98,37.68,24.58,109.0,Moderate
Delhi,2018-08-18,0.88,32.83,26.17,90.0,Satisfactory
Delhi,2018-08-19,1.07,31.46,31.85,100.0,Satisfactory
Delhi,2018-08-20,1.18,38.4,32.54,138.0,Moderate
Delhi,2018-08-21,1.02,32.36,27.85,105.0,Moderate
Delhi,2018-08-22,0.9,28.58,28.18,91.0,Satisfactory
Delhi,2018-08-23,0.82,32.42,24.72,86.0,Satisfactory
Delhi,2018-08-24,0.8,28.45,24.6,89.0,Satisfactory
Delhi,2018-08-25,0.68,25.87,22.78,100.0,Satisfactory
Delhi,2018-08-26,0.6,24.13,19.92,85.0,Satisfactory
Delhi,2018-08-27,0.78,26.04,23.6,82.0,Satisfactory
Delhi,2018-08-28,0.85,27.99,25.52,81.0,Satisfactory
Delhi,2018-08-29,0.9,29.36,26.12,88.0,Satisfactory
Delhi,2018-08-30,0.95,29.82,28.28,97.0,Satisfactory
Delhi,2018-08-31,0.82,28.79,25.96,127.0,Moderate
Delhi,2018-09-01,1.02,31.04,28.51,132.0,Moderate
Delhi,2018-09-02,0.87,31.34,23.44,116.0,Moderate
Delhi,2018-09-03,1.06,30.05,27.63,89.0,Satisfactory
Delhi,2018-09-04,1.29,32.41,35.94,118.0,Moderate
Delhi,2018-09-05,1.04,29.56,30.63,108.0,Moderate
Delhi,2018-09-06,0.96,30.78,30.88,137.0,Moderate
Delhi,2018-09-07,1.1,32.06,37.91,117.0,Moderate
Delhi,2018-09-08,0.84,28.17,26.65,105.0,Moderate
Delhi,2018-09-09,0.72,24.71,23.58,86.0,Satisfactory
Delhi,2018-09-10,0.88,24.26,29.61,92.0,Satisfactory
Delhi,2018-09-11,0.78,23.37,26.0,91.0,Satisfactory
Delhi,2018-09-12,0.71,22.38,24.4,96.0,Satisfactory
Delhi,2018-09-13,0.63,20.34,23.21,108.0,Moderate
Delhi,2018-09-14,0.7,19.9,25.18,113.0,Moderate
Delhi,2018-09-15,0.8,22.31,27.72,126.0,Moderate
Delhi,2018-09-16,0.72,24.13,25.92,124.0,Moderate
Delhi,2018-09-17,0.78,25.37,29.15,135.0,Moderate
Delhi,2018-09-18,0.75,24.13,29.8,154.0,Moderate
Delhi,2018-09-19,0.89,26.44,37.36,157.0,Moderate
Delhi,2018-09-20,0.98,29.96,38.16,173.0,Moderate
Delhi,2018-09-21,0.75,28.6,26.7,155.0,Moderate
Delhi,2018-09-22,0.73,23.58,21.72,76.0,Satisfactory
Delhi,2018-09-23,0.67,22.73,19.88,69.0,Satisfactory
Delhi,2018-09-24,0.74,22.73,25.07,63.0,Satisfactory
Delhi,2018-09-25,0.81,22.28,25.67,63.0,Satisfactory
Delhi,2018-09-26,1.03,24.2,32.38,99.0,Satisfactory
Delhi,2018-09-27,1.5,30.7,37.42,151.0,Moderate
Delhi,2018-09-28,1.78,35.57,44.68,200.0,Moderate
Delhi,2018-09-29,1.57,37.78,46.15,229.0,Poor
Delhi,2018-09-30,1.0,31.15,34.52,176.0,Moderate
Delhi,2018-10-01,1.13,31.58,40.86,148.0,Moderate
Delhi,2018-10-02,1.11,35.08,36.68,186.0,Moderate
Delhi,2018-10-03,1.13,31.83,42.57,160.0,Moderate
Delhi,2018-10-04,1.34,37.79,48.01,206.0,Poor
Delhi,2018-10-05,1.62,42.52,53.69,268.0,Poor
Delhi,2018-10-06,1.23,36.24,44.71,237.0,Poor
Delhi,2018-10-07,1.25,35.47,44.81,189.0,Moderate
Delhi,2018-10-08,1.51,36.86,56.21,253.0,Poor
Delhi,2018-10-09,1.59,37.85,54.24,269.0,Poor
Delhi,2018-10-10,1.51,39.4,47.73,263.0,Poor
Delhi,2018-10-11,1.02,33.16,37.74,219.0,Poor
Delhi,2018-10-12,1.13,25.13,44.48,163.0,Moderate
Delhi,2018-10-13,1.41,33.8,49.89,264.0,Poor
Delhi,2018-10-14,1.3,30.33,47.34,237.0,Poor
Delhi,2018-10-15,1.61,33.54,55.44,253.0,Poor
Delhi,2018-10-16,2.2,43.63,64.18,309.0,Very Poor
Delhi,2018-10-17,1.93,42.22,52.81,332.0,Very Poor
Delhi,2018-10-18,2.47,48.05,57.64,330.0,Very Poor
Delhi,2018-10-19,1.66,41.31,54.31,300.0,Poor
Delhi,2018-10-20,1.55,37.9,54.04,344.0,Very Poor
Delhi,2018-10-21,1.52,38.07,55.77,325.0,Very Poor
Delhi,2018-10-22,1.55,36.59,55.49,296.0,Poor
Delhi,2018-10-23,1.84,35.0,63.32,274.0,Poor
Delhi,2018-10-24,2.52,44.37,77.72,354.0,Very Poor
Delhi,2018-10-25,2.35,45.37,72.23,356.0,Very Poor
Delhi,2018-10-26,2.72,48.25,74.04,394.0,Very Poor
Delhi,2018-10-27,3.14,52.18,77.3,396.0,Very Poor
Delhi,2018-10-28,2.45,47.85,57.66,403.0,Severe
Delhi,2018-10-29,2.67,48.43,62.22,397.0,Very Poor
Delhi,2018-10-30,2.9,52.74,70.46,456.0,Severe
Delhi,2018-10-31,2.91,55.85,68.02,422.0,Severe
Delhi,2018-11-01,2.97,58.01,71.63,433.0,Severe
Delhi,2018-11-02,1.99,51.21,65.98,391.0,Very Poor
Delhi,2018-11-03,1.43,48.63,47.39,353.0,Very Poor
Delhi,2018-11-04,1.0,36.62,34.18,238.0,Poor
Delhi,2018-11-05,1.88,44.82,48.25,424.0,Severe
Delhi,2018-11-06,1.29,31.18,43.78,411.0,Severe
Delhi,2018-11-07,1.44,30.5,45.14,317.0,Very Poor
Delhi,2018-11-08,2.45,44.2,64.57,452.0,Severe
Delhi,2018-11-09,2.65,49.84,68.25,487.0,Severe
Delhi,2018-11-10,3.01,55.35,79.5,430.0,Severe
Delhi,2018-11-11,2.89,55.03,70.55,454.0,Severe
Delhi,2018-11-12,2.85,58.85,71.88,437.0,Severe
Delhi,2018-11-13,2.74,62.24,74.72,454.0,Severe
Delhi,2018-11-14,1.68,53.0,59.36,361.0,Very Poor
Delhi,2018-11-15,1.29,49.76,47.83,251.0,Poor
Delhi,2018-11-16,1.24,41.19,42.41,302.0,Very Poor
Delhi,2018-11-17,1.6,40.93,51.93,292.0,Poor
Delhi,2018-11-18,2.0,44.39,61.82,330.0,Very Poor
Delhi,2018-11-19,1.56,48.41,56.73,340.0,Very Poor
Delhi,2018-11-20,2.04,54.51,63.96,367.0,Very Poor
Delhi,2018-11-21,1.79,46.84,63.79,396.0,Very Poor
Delhi,2018-11-22,2.09,42.27,74.93,317.0,Very Poor
Delhi,2018-11-23,2.04,45.84,61.06,356.0,Very Poor
Delhi,2018-11-24,1.34,36.97,46.57,296.0,Poor
Delhi,2018-11-25,1.72,39.78,58.16,266.0,Poor
Delhi,2018-11-26,2.43,47.15,68.3,349.0,Very Poor
Delhi,2018-11-27,3.32,53.89,78.94,396.0,Very Poor
Delhi,2018-11-28,2.85,53.87,69.6,363.0,Very Poor
Delhi,2018-11-29,2.52,51.41,63.68,384.0,Very Poor
Delhi,2018-11-30,1.96,46.35,56.74,365.0,Very Poor
Delhi,2018-12-01,1.91,42.49,56.43,335.0,Very Poor
Delhi,2018-12-02,2.77,45.3,67.18,329.0,Very Poor
Delhi,2018-12-03,2.74,47.02,66.91,356.0,Very Poor
Delhi,2018-12-04,3.17,51.21,74.17,394.0,Very Poor
Delhi,2018-12-05,2.59,49.26,65.87,374.0,Very Poor
Delhi,2018-12-06,3.04,52.53,71.73,385.0,Very Poor
Delhi,2018-12-07,2.09,49.16,54.83,376.0,Very Poor
Delhi,2018-12-08,2.2,49.42,59.06,366.0,Very Poor
Delhi,2018-12-09,2.67,50.23,65.3,389.0,Very Poor
Delhi,2018-12-10,2.75,55.63,66.58,431.0,Severe
Delhi,2018-12-11,2.78,58.67,68.87,464.0,Severe
Delhi,2018-12-12,1.95,51.27,55.1,443.0,Severe
Delhi,2018-12-13,1.21,40.31,42.59,264.0,Poor
Delhi,2018-12-14,1.22,42.01,45.22,248.0,Poor
Delhi,2018-12-15,1.22,41.97,47.31,274.0,Poor
Delhi,2018-12-16,1.42,45.92,50.86,295.0,Poor
Delhi,2018-12-17,1.93,50.27,58.08,338.0,Very Poor
Delhi,2018-12-18,1.78,51.04,61.34,370.0,Very Poor
Delhi,2018-12-19,1.92,48.82,63.77,370.0,Very Poor
Delhi,2018-12-20,2.64,54.66,68.97,423.0,Severe
Delhi,2018-12-21,2.22,57.91,66.03,422.0,Severe
Delhi,2018-12-22,2.59,60.21,78.71,468.0,Severe
Delhi,2018-12-23,3.36,67.29,77.63,557.0,Severe
Delhi,2018-12-24,3.36,65.75,75.26,577.0,Severe
Delhi,2018-12-25,1.9,57.34,61.2,475.0,Severe
Delhi,2018-12-26,1.99,50.38,65.2,405.0,Severe
Delhi,2018-12-27,2.87,56.6,78.43,458.0,Severe
Delhi,2018-12-28,1.66,55.46,60.59,413.0,Severe
Delhi,2018-12-29,1.96,51.53,64.97,420.0,Severe
Delhi,2018-12-30,2.94,57.55,76.89,484.0,Severe
Delhi,2018-12-31,2.7,56.0,70.54,509.0,Severe
Delhi,2019-01-01,2.54,56.66,69.46,475.0,Severe
Delhi,2019-01-02,2.78,63.63,75.06,501.0,Severe
Delhi,2019-01-03,2.55,61.02,66.2,537.0,Severe
Delhi,2019-01-04,2.01,53.09,57.53,432.0,Severe
Delhi,2019-01-05,2.23,56.49,60.35,440.0,Severe
Delhi,2019-01-06,1.49,55.71,51.94,371.0,Very Poor
Delhi,2019-01-07,1.57,56.06,52.45,331.0,Very Poor
Delhi,2019-01-08,1.31,49.69,48.95,340.0,Very Poor
Delhi,2019-01-09,1.3,43.53,49.49,321.0,Very Poor
Delhi,2019-01-10,1.75,44.67,58.22,317.0,Very Poor
Delhi,2019-01-11,2.9,56.53,76.71,401.0,Severe
Delhi,2019-01-12,3.11,63.46,85.14,482.0,Severe
Delhi,2019-01-13,2.36,63.66,66.11,464.0,Severe
Delhi,2019-01-14,1.04,40.52,42.16,320.0,Very Poor
Delhi,2019-01-15,1.37,39.74,52.45,248.0,Poor
Delhi,2019-01-16,2.58,55.19,83.75,383.0,Very Poor
Delhi,2019-01-17,3.13,60.95,84.74,515.0,Severe
Delhi,2019-01-18,2.06,48.6,68.58,437.0,Severe
Delhi,2019-01-19,2.35,50.3,77.9,411.0,Severe
Delhi,2019-01-20,3.66,62.37,106.04,480.0,Severe
Delhi,2019-01-21,1.83,57.52,63.04,413.0,Severe
Delhi,2019-01-22,1.01,39.73,38.56,174.0,Moderate
Delhi,2019-01-23,1.62,42.37,48.14,186.0,Moderate
Delhi,2019-01-24,1.44,41.06,44.11,328.0,Very Poor
Delhi,2019-01-25,1.01,34.17,40.03,188.0,Moderate
Delhi,2019-01-26,0.98,33.64,38.43,231.0,Poor
Delhi,2019-01-27,1.1,35.34,45.27,275.0,Poor
Delhi,2019-01-28,1.06,34.49,49.13,301.0,Very Poor
Delhi,2019-01-29,1.24,36.19,51.47,297.0,Poor
Delhi,2019-01-30,1.76,42.99,63.7,342.0,Very Poor
Delhi,2019-01-31,1.9,49.6,65.7,397.0,Very Poor
Delhi,2019-02-01,1.34,49.42,50.75,329.0,Very Poor
Delhi,2019-02-02,1.24,43.55,35.89,338.0,Very Poor
Delhi,2019-02-03,1.32,40.43,34.53,323.0,Very Poor
Delhi,2019-02-04,1.81,39.88,52.85,301.0,Very Poor
Delhi,2019-02-05,2.95,53.81,75.89,398.0,Very Poor
Delhi,2019-02-06,1.64,53.76,50.55,380.0,Very Poor
Delhi,2019-02-07,0.84,37.84,30.8,233.0,Poor
Delhi,2019-02-08,0.94,29.11,39.24,136.0,Moderate
Delhi,2019-02-09,0.96,28.42,38.31,169.0,Moderate
Delhi,2019-02-10,1.36,33.83,49.26,277.0,Poor
Delhi,2019-02-11,1.78,39.17,58.56,332.0,Very Poor
Delhi,2019-02-12,2.09,46.24,66.37,357.0,Very Poor
Delhi,2019-02-13,1.94,47.95,70.04,372.0,Very Poor
Delhi,2019-02-14,1.42,45.64,53.15,350.0,Very Poor
Delhi,2019-02-15,1.22,39.19,44.28,275.0,Poor
Delhi,2019-02-16,1.13,35.16,33.33,288.0,Poor
Delhi,2019-02-17,1.09,31.82,42.59,247.0,Poor
Delhi,2019-02-18,1.18,33.82,56.12,278.0,Poor
Delhi,2019-02-19,1.56,41.33,55.44,232.0,Poor
Delhi,2019-02-20,1.4,41.41,51.88,305.0,Very Poor
Delhi,2019-02-21,1.37,38.24,47.15,158.0,Moderate
Delhi,2019-02-22,1.07,39.11,33.95,191.0,Moderate
Delhi,2019-02-23,0.85,26.26,36.12,116.0,Moderate
Delhi,2019-02-24,1.03,29.95,46.26,169.0,Moderate
Delhi,2019-02-25,1.24,34.51,53.86,221.0,Poor
Delhi,2019-02-26,0.95,32.19,50.31,144.0,Moderate
Delhi,2019-02-27,0.79,26.57,35.07,112.0,Moderate
Delhi,2019-02-28,1.25,31.23,45.02,198.0,Moderate
Delhi,2019-03-01,1.17,30.2,48.87,222.0,Poor
Delhi,2019-03-02,1.36,36.48,62.05,227.0,Poor
Delhi,2019-03-03,1.16,30.98,40.61,172.0,Moderate
Delhi,2019-03-04,1.54,37.26,40.1,217.0,Poor
Delhi,2019-03-05,1.01,28.71,40.05,173.0,Moderate
Delhi,2019-03-06,1.25,29.05,45.3,189.0,Moderate
Delhi,2019-03-07,1.48,32.79,51.9,228.0,Poor
Delhi,2019-03-08,1.27,32.86,51.75,220.0,Poor
Delhi,2019-03-09,0.99,30.68,40.84,194.0,Moderate
Delhi,2019-03-10,0.96,27.17,44.17,157.0,Moderate
Delhi,2019-03-11,1.24,30.69,52.91,190.0,Moderate
Delhi,2019-03-12,0.93,29.97,37.45,149.0,Moderate
Delhi,2019-03-13,1.27,32.39,57.03,168.0,Moderate
Delhi,2019-03-14,1.36,39.07,48.81,281.0,Poor
Delhi,2019-03-15,1.0,32.74,41.27,183.0,Moderate
Delhi,2019-03-16,0.92,27.95,40.6,143.0,Moderate
Delhi,2019-03-17,1.07,30.56,46.88,198.0,Moderate
Delhi,2019-03-18,1.19,32.06,50.33,221.0,Poor
Delhi,2019-03-19,1.29,33.86,55.47,239.0,Poor
Delhi,2019-03-20,1.35,36.5,54.67,234.0,Poor
Delhi,2019-03-21,1.34,39.26,34.63,272.0,Poor
Delhi,2019-03-22,0.74,27.85,32.19,141.0,Moderate
Delhi,2019-03-23,0.89,26.54,34.57,131.0,Moderate
Delhi,2019-03-24,0.82,27.52,34.25,126.0,Moderate
Delhi,2019-03-25,0.93,30.32,34.84,136.0,Moderate
Delhi,2019-03-26,1.04,29.95,40.8,162.0,Moderate
Delhi,2019-03-27,1.22,29.54,49.68,177.0,Moderate
Delhi,2019-03-28,1.76,34.47,60.18,245.0,Poor
Delhi,2019-03-29,1.8,40.53,60.4,273.0,Poor
Delhi,2019-03-30,1.51,41.4,53.75,252.0,Poor
Delhi,2019-03-31,0.94,32.06,38.42,198.0,Moderate
Delhi,2019-04-01,0.88,27.21,38.55,153.0,Moderate
Delhi,2019-04-02,1.19,29.3,55.76,194.0,Moderate
Delhi,2019-04-03,1.32,30.85,54.91,208.0,Poor
Delhi,2019-04-04,1.8,37.04,63.62,260.0,Poor
Delhi,2019-04-05,1.96,41.23,64.7,284.0,Poor
Delhi,2019-04-06,1.32,37.35,48.72,269.0,Poor
Delhi,2019-04-07,1.49,52.01,44.64,315.0,Very Poor
Delhi,2019-04-08,1.06,41.0,45.87,284.0,Poor
Delhi,2019-04-09,1.44,38.26,53.88,240.0,Poor
Delhi,2019-04-10,1.76,40.97,56.82,263.0,Poor
Delhi,2019-04-11,1.21,34.96,47.54,196.0,Moderate
Delhi,2019-04-12,1.12,34.06,40.09,202.0,Poor
Delhi,2019-04-13,1.06,33.66,37.89,175.0,Moderate
Delhi,2019-04-14,1.02,29.84,36.61,150.0,Moderate
Delhi,2019-04-15,1.28,29.21,41.92,163.0,Moderate
Delhi,2019-04-16,1.1,30.98,35.01,206.0,Poor
Delhi,2019-04-17,0.9,26.7,26.84,102.0,Moderate
Delhi,2019-04-18,1.01,26.28,39.07,104.0,Moderate
Delhi,2019-04-19,1.24,29.85,47.56,151.0,Moderate
Delhi,2019-04-20,1.42,29.35,55.28,199.0,Moderate
Delhi,2019-04-21,1.66,31.53,58.95,225.0,Poor
Delhi,2019-04-22,1.87,36.99,61.72,246.0,Poor
Delhi,2019-04-23,1.92,38.2,63.45,257.0,Poor
Delhi,2019-04-24,1.41,37.64,51.58,232.0,Poor
Delhi,2019-04-25,1.31,40.86,39.89,251.0,Poor
Delhi,2019-04-26,1.34,32.2,50.69,223.0,Poor
Delhi,2019-04-27,1.05,28.15,39.8,248.0,Poor
Delhi,2019-04-28,1.06,25.63,40.9,269.0,Poor
Delhi,2019-04-29,1.33,27.82,52.04,256.0,Poor
Delhi,2019-04-30,1.62,31.91,59.32,257.0,Poor
Delhi,2019-05-01,1.61,36.73,63.15,285.0,Poor
Delhi,2019-05-02,1.19,36.44,43.19,275.0,Poor
Delhi,2019-05-03,1.09,32.34,49.82,202.0,Poor
Delhi,2019-05-04,1.26,30.39,59.78,182.0,Moderate
Delhi,2019-05-05,1.51,22.41,55.16,231.0,Poor
Delhi,2019-05-06,1.93,31.51,70.81,267.0,Poor
Delhi,2019-05-07,1.98,35.25,69.77,310.0,Very Poor
Delhi,2019-05-08,2.0,35.57,60.85,389.0,Very Poor
Delhi,2019-05-09,1.52,30.33,51.13,390.0,Very Poor
Delhi,2019-05-10,1.03,25.68,38.05,333.0,Very Poor
Delhi,2019-05-11,1.15,30.12,42.02,266.0,Poor
Delhi,2019-05-12,1.22,29.53,40.68,352.0,Very Poor
Delhi,2019-05-13,1.51,36.48,50.88,376.0,Very Poor
Delhi,2019-05-14,1.02,33.9,37.53,217.0,Poor
Delhi,2019-05-15,1.52,43.8,57.75,194.0,Moderate
Delhi,2019-05-16,1.38,44.72,50.99,192.0,Moderate
Delhi,2019-05-17,1.31,41.4,45.67,257.0,Poor
Delhi,2019-05-18,1.04,39.74,33.79,176.0,Moderate
Delhi,2019-05-19,1.21,35.4,45.8,168.0,Moderate
Delhi,2019-05-20,1.35,35.13,56.55,216.0,Poor
Delhi,2019-05-21,1.21,32.12,47.58,206.0,Poor
Delhi,2019-05-22,1.5,32.83,51.8,167.0,Moderate
Delhi,2019-05-23,1.49,36.98,52.71,228.0,Poor
Delhi,2019-05-24,1.21,45.86,40.33,151.0,Moderate
Delhi,2019-05-25,0.99,33.81,34.52,125.0,Moderate
Delhi,2019-05-26,1.06,27.2,41.51,135.0,Moderate
Delhi,2019-05-27,1.28,28.45,53.92,163.0,Moderate
Delhi,2019-05-28,1.3,29.84,61.45,175.0,Moderate
Delhi,2019-05-29,1.45,29.53,65.84,191.0,Moderate
Delhi,2019-05-30,1.75,33.5,71.8,226.0,Poor
Delhi,2019-05-31,1.47,34.26,56.83,266.0,Poor
Delhi,2019-06-01,1.56,40.73,57.24,300.0,Poor
Delhi,2019-06-02,1.07,48.12,32.22,222.0,Poor
Delhi,2019-06-03,1.03,43.32,30.33,232.0,Poor
Delhi,2019-06-04,1.14,34.34,36.0,212.0,Poor
Delhi,2019-06-05,1.29,35.7,42.68,190.0,Moderate
Delhi,2019-06-06,1.13,35.27,44.85,209.0,Poor
Delhi,2019-06-07,1.11,32.37,35.32,192.0,Moderate
Delhi,2019-06-08,1.47,38.84,51.0,184.0,Moderate
Delhi,2019-06-09,1.86,35.74,62.84,237.0,Poor
Delhi,2019-06-10,1.63,36.64,61.53,230.0,Poor
Delhi,2019-06-11,1.41,32.16,49.86,315.0,Very Poor
Delhi,2019-06-12,0.92,34.98,30.46,280.0,Poor
Delhi,2019-06-13,1.03,30.0,34.53,189.0,Moderate
Delhi,2019-06-14,1.07,23.77,37.07,167.0,Moderate
Delhi,2019-06-15,1.18,23.84,47.15,217.0,Poor
Delhi,2019-06-16,0.8,24.86,20.56,205.0,Poor
Delhi,2019-06-17,0.89,26.8,27.51,126.0,Moderate
Delhi,2019-06-18,1.03,25.6,32.32,119.0,Moderate
Delhi,2019-06-19,1.12,35.53,37.14,173.0,Moderate
Delhi,2019-06-20,0.92,29.5,31.19,175.0,Moderate
Delhi,2019-06-21,1.22,32.14,44.78,178.0,Moderate
Delhi,2019-06-22,1.11,32.1,44.12,185.0,Moderate
Delhi,2019-06-23,0.95,31.36,23.02,153.0,Moderate
Delhi,2019-06-24,0.92,28.84,25.93,118.0,Moderate
Delhi,2019-06-25,1.07,28.87,32.24,131.0,Moderate
Delhi,2019-06-26,1.16,30.64,37.39,161.0,Moderate
Delhi,2019-06-27,1.16,29.35,39.94,169.0,Moderate
Delhi,2019-06-28,1.02,27.53,38.37,207.0,Poor
Delhi,2019-06-29,0.93,23.72,34.56,223.0,Poor
Delhi,2019-06-30,1.04,25.87,33.03,234.0,Poor
Delhi,2019-07-01,0.94,26.07,31.09,195.0,Moderate
Delhi,2019-07-02,0.99,27.24,28.13,202.0,Poor
Delhi,2019-07-03,0.99,33.05,26.57,162.0,Moderate
Delhi,2019-07-04,1.11,28.65,29.23,111.0,Moderate
Delhi,2019-07-05,1.2,37.63,34.77,113.0,Moderate
Delhi,2019-07-06,1.0,36.77,29.91,99.0,Satisfactory
Delhi,2019-07-07,1.08,32.3,28.87,101.0,Moderate
Delhi,2019-07-08,1.15,33.43,32.85,129.0,Moderate
Delhi,2019-07-09,1.11,32.19,30.38,131.0,Moderate
Delhi,2019-07-10,1.04,33.73,31.36,150.0,Moderate
Delhi,2019-07-11,0.97,32.06,29.87,300.0,Poor
Delhi,2019-07-12,1.05,33.13,26.97,294.0,Poor
Delhi,2019-07-13,0.97,28.61,23.13,312.0,Very Poor
Delhi,2019-07-14,0.95,26.67,25.1,243.0,Poor
Delhi,2019-07-15,1.09,25.07,27.17,180.0,Moderate
Delhi,2019-07-16,1.05,26.39,27.54,117.0,Moderate
Delhi,2019-07-17,1.03,25.91,28.44,92.0,Satisfactory
Delhi,2019-07-18,1.24,26.54,37.14,98.0,Satisfactory
Delhi,2019-07-19,1.41,30.83,40.79,142.0,Moderate
Delhi,2019-07-20,1.15,34.1,37.1,137.0,Moderate
Delhi,2019-07-21,1.39,37.02,33.89,123.0,Moderate
Delhi,2019-07-22,1.55,43.72,33.03,124.0,Moderate
Delhi,2019-07-23,1.61,45.51,39.89,156.0,Moderate
Delhi,2019-07-24,1.41,44.36,40.29,165.0,Moderate
Delhi,2019-07-25,0.94,37.17,33.52,98.0,Satisfactory
Delhi,2019-07-26,0.99,36.06,31.61,94.0,Satisfactory
Delhi,2019-07-27,1.0,30.26,25.34,85.0,Satisfactory
Delhi,2019-07-28,0.89,28.65,21.89,83.0,Satisfactory
Delhi,2019-07-29,0.92,31.27,25.11,82.0,Satisfactory
Delhi,2019-07-30,0.97,33.49,26.92,90.0,Satisfactory
Delhi,2019-07-31,0.93,33.79,26.45,90.0,Satisfactory
Delhi,2019-08-01,0.94,33.55,28.4,98.0,Satisfactory
Delhi,2019-08-02,1.03,32.66,30.96,95.0,Satisfactory
Delhi,2019-08-03,1.07,35.33,31.0,104.0,Moderate
Delhi,2019-08-04,1.13,34.25,30.9,101.0,Moderate
Delhi,2019-08-05,1.24,37.17,34.64,108.0,Moderate
Delhi,2019-08-06,1.14,42.32,34.68,99.0,Satisfactory
Delhi,2019-08-07,1.22,33.65,31.82,104.0,Moderate
Delhi,2019-08-08,1.01,30.9,28.9,99.0,Satisfactory
Delhi,2019-08-09,0.86,28.01,22.08,89.0,Satisfactory
Delhi,2019-08-10,0.87,24.4,22.06,75.0,Satisfactory
Delhi,2019-08-11,0.96,25.93,25.93,83.0,Satisfactory
Delhi,2019-08-12,1.02,24.89,26.18,80.0,Satisfactory
Delhi,2019-08-13,1.1,29.25,27.12,85.0,Satisfactory
Delhi,2019-08-14,1.19,29.08,31.9,93.0,Satisfactory
Delhi,2019-08-15,1.04,31.29,25.03,93.0,Satisfactory
Delhi,2019-08-16,0.87,27.58,21.51,73.0,Satisfactory
Delhi,2019-08-17,0.81,25.82,19.1,67.0,Satisfactory
Delhi,2019-08-18,0.98,23.25,20.93,66.0,Satisfactory
Delhi,2019-08-19,1.31,25.62,28.59,99.0,Satisfactory
Delhi,2019-08-20,1.23,33.03,26.86,103.0,Moderate
Delhi,2019-08-21,1.14,34.19,32.68,107.0,Moderate
Delhi,2019-08-22,1.21,34.28,42.21,125.0,Moderate
Delhi,2019-08-23,1.3,36.4,40.32,130.0,Moderate
Delhi,2019-08-24,1.47,41.36,41.76,149.0,Moderate
Delhi,2019-08-25,0.93,34.91,31.71,107.0,Moderate
Delhi,2019-08-26,0.99,29.89,31.6,77.0,Satisfactory
Delhi,2019-08-27,1.17,31.99,34.48,114.0,Moderate
Delhi,2019-08-28,1.07,34.95,34.62,119.0,Moderate
Delhi,2019-08-29,0.93,32.6,30.6,103.0,Moderate
Delhi,2019-08-30,1.02,33.69,32.44,110.0,Moderate
Delhi,2019-08-31,1.41,38.62,40.79,123.0,Moderate
Delhi,2019-09-01,1.11,41.15,32.08,123.0,Moderate
Delhi,2019-09-02,1.07,36.31,31.91,105.0,Moderate
Delhi,2019-09-03,1.21,36.34,36.51,131.0,Moderate
Delhi,2019-09-04,1.22,37.13,36.99,165.0,Moderate
Delhi,2019-09-05,0.97,33.31,29.09,118.0,Moderate
Delhi,2019-09-06,0.99,34.35,30.05,96.0,Satisfactory
Delhi,2019-09-07,1.0,30.75,30.9,95.0,Satisfactory
Delhi,2019-09-08,0.9,32.14,26.84,99.0,Satisfactory
Delhi,2019-09-09,1.0,30.37,30.47,107.0,Moderate
Delhi,2019-09-10,1.07,29.2,34.12,139.0,Moderate
Delhi,2019-09-11,1.15,31.57,39.69,166.0,Moderate
Delhi,2019-09-12,0.99,30.72,34.01,158.0,Moderate
Delhi,2019-09-13,0.88,28.56,29.75,103.0,Moderate
Delhi,2019-09-14,0.77,25.04,26.05,85.0,Satisfactory
Delhi,2019-09-15,0.91,24.48,27.77,83.0,Satisfactory
Delhi,2019-09-16,1.13,26.11,36.18,111.0,Moderate
Delhi,2019-09-17,1.12,27.51,38.18,143.0,Moderate
Delhi,2019-09-18,0.86,25.54,31.3,117.0,Moderate
Delhi,2019-09-19,0.78,22.6,24.15,80.0,Satisfactory
Delhi,2019-09-20,0.95,24.91,31.73,96.0,Satisfactory
Delhi,2019-09-21,0.99,24.45,31.43,112.0,Moderate
Delhi,2019-09-22,0.91,26.2,30.66,86.0,Satisfactory
Delhi,2019-09-23,0.93,25.37,30.02,89.0,Satisfactory
Delhi,2019-09-24,0.98,25.61,34.98,103.0,Moderate
Delhi,2019-09-25,0.9,24.88,29.99,100.0,Satisfactory
Delhi,2019-09-26,0.83,24.04,27.25,87.0,Satisfactory
Delhi,2019-09-27,0.78,22.32,24.52,78.0,Satisfactory
Delhi,2019-09-28,0.77,21.94,26.18,78.0,Satisfactory
Delhi,2019-09-29,0.74,21.99,22.84,68.0,Satisfactory
Delhi,2019-09-30,0.92,22.01,27.89,75.0,Satisfactory
Delhi,2019-10-01,0.96,23.99,28.0,98.0,Satisfactory
Delhi,2019-10-02,1.05,24.63,29.72,105.0,Moderate
Delhi,2019-10-03,1.25,27.17,36.77,140.0,Moderate
Delhi,2019-10-04,0.99,26.21,34.07,113.0,Moderate
Delhi,2019-10-05,1.03,23.56,33.82,108.0,Moderate
Delhi,2019-10-06,0.99,26.89,36.98,127.0,Moderate
Delhi,2019-10-07,0.91,26.98,33.46,133.0,Moderate
Delhi,2019-10-08,0.85,23.12,33.4,123.0,Moderate
Delhi,2019-10-09,1.37,25.59,45.5,165.0,Moderate
Delhi,2019-10-10,1.34,29.71,50.32,208.0,Poor
Delhi,2019-10-11,1.37,31.79,48.05,243.0,Poor
Delhi,2019-10-12,1.44,33.54,48.54,235.0,Poor
Delhi,2019-10-13,1.65,34.93,51.27,282.0,Poor
Delhi,2019-10-14,1.73,34.7,50.83,285.0,Poor
Delhi,2019-10-15,2.18,36.03,58.61,291.0,Poor
Delhi,2019-10-16,1.77,38.12,53.03,320.0,Very Poor
Delhi,2019-10-17,1.44,35.08,46.51,300.0,Poor
Delhi,2019-10-18,1.14,33.94,39.62,265.0,Poor
Delhi,2019-10-19,1.18,33.65,51.37,170.0,Moderate
Delhi,2019-10-20,1.26,33.32,48.83,242.0,Poor
Delhi,2019-10-21,1.3,31.9,51.05,254.0,Poor
Delhi,2019-10-22,1.37,29.84,50.05,243.0,Poor
Delhi,2019-10-23,1.79,34.38,57.92,248.0,Poor
Delhi,2019-10-24,2.46,41.69,67.36,335.0,Very Poor
Delhi,2019-10-25,1.72,37.02,52.55,331.0,Very Poor
Delhi,2019-10-26,1.92,40.14,56.43,315.0,Very Poor
Delhi,2019-10-27,1.77,40.04,48.37,354.0,Very Poor
Delhi,2019-10-28,1.77,40.16,48.45,417.0,Severe
Delhi,2019-10-29,2.43,49.0,60.03,419.0,Severe
Delhi,2019-10-30,2.67,52.82,63.87,452.0,Severe
Delhi,2019-10-31,2.92,55.54,71.37,460.0,Severe
Delhi,2019-11-01,2.59,58.29,73.61,591.0,Severe
Delhi,2019-11-02,1.93,49.38,54.1,473.0,Severe
Delhi,2019-11-03,2.39,56.52,49.67,659.0,Severe
Delhi,2019-11-04,1.47,39.67,44.53,532.0,Severe
Delhi,2019-11-05,1.43,33.01,44.32,385.0,Very Poor
Delhi,2019-11-06,1.52,31.99,54.77,265.0,Poor
Delhi,2019-11-07,1.58,37.3,51.64,296.0,Poor
Delhi,2019-11-08,1.68,38.97,52.79,346.0,Very Poor
Delhi,2019-11-09,1.34,35.4,44.01,321.0,Very Poor
Delhi,2019-11-10,1.44,32.4,50.35,339.0,Very Poor
Delhi,2019-11-11,1.79,37.01,61.36,376.0,Very Poor
Delhi,2019-11-12,2.25,40.72,66.1,475.0,Severe
Delhi,2019-11-13,2.5,43.4,73.6,532.0,Severe
Delhi,2019-11-14,2.92,50.55,82.63,537.0,Severe
Delhi,2019-11-15,2.35,50.12,59.35,595.0,Severe
Delhi,2019-11-16,1.34,35.82,42.35,438.0,Severe
Delhi,2019-11-17,0.92,29.55,33.78,273.0,Poor
Delhi,2019-11-18,1.26,29.79,40.05,245.0,Poor
Delhi,2019-11-19,1.6,33.12,52.79,251.0,Poor
Delhi,2019-11-20,2.21,40.19,77.62,315.0,Very Poor
Delhi,2019-11-21,3.0,44.56,91.65,375.0,Very Poor
Delhi,2019-11-22,2.4,42.17,75.08,377.0,Very Poor
Delhi,2019-11-23,1.3,34.6,52.7,334.0,Very Poor
Delhi,2019-11-24,1.01,34.33,43.51,264.0,Poor
Delhi,2019-11-25,1.45,35.67,53.29,269.0,Poor
Delhi,2019-11-26,1.41,37.04,53.83,284.0,Poor
Delhi,2019-11-27,0.89,34.32,42.94,166.0,Moderate
Delhi,2019-11-28,0.65,30.25,32.3,106.0,Moderate
Delhi,2019-11-29,1.03,31.59,41.9,89.0,Satisfactory
Delhi,2019-11-30,1.21,36.65,45.04,175.0,Moderate
Delhi,2019-12-01,1.17,36.51,50.39,257.0,Poor
Delhi,2019-12-02,1.49,38.4,57.23,299.0,Poor
Delhi,2019-12-03,1.49,38.81,60.85,302.0,Very Poor
Delhi,2019-12-04,1.95,43.21,71.65,313.0,Very Poor
Delhi,2019-12-05,2.95,55.2,91.53,389.0,Very Poor
Delhi,2019-12-06,2.03,57.17,69.73,423.0,Severe
Delhi,2019-12-07,2.32,55.32,66.41,382.0,Very Poor
Delhi,2019-12-08,2.88,58.01,68.59,404.0,Severe
Delhi,2019-12-09,2.32,56.75,68.28,371.0,Very Poor
Delhi,2019-12-10,2.41,59.1,72.63,377.0,Very Poor
Delhi,2019-12-11,3.2,68.66,85.56,430.0,Severe
Delhi,2019-12-12,2.01,70.65,64.36,471.0,Severe
Delhi,2019-12-13,1.14,50.03,41.21,322.0,Very Poor
Delhi,2019-12-14,1.18,38.62,41.29,179.0,Moderate
Delhi,2019-12-15,1.15,38.46,39.9,205.0,Poor
Delhi,2019-12-16,1.04,39.25,35.06,202.0,Poor
Delhi,2019-12-17,1.07,46.78,32.7,178.0,Moderate
Delhi,2019-12-18,1.24,51.81,44.41,273.0,Poor
Delhi,2019-12-19,1.92,57.3,55.64,354.0,Very Poor
Delhi,2019-12-20,2.16,58.04,60.58,452.0,Severe
Delhi,2019-12-21,1.71,62.14,50.24,441.0,Severe
Delhi,2019-12-22,1.13,57.51,38.96,351.0,Very Poor
Delhi,2019-12-23,1.28,53.04,39.83,321.0,Very Poor
Delhi,2019-12-24,1.76,53.3,56.72,376.0,Very Poor
Delhi,2019-12-25,1.2,48.52,39.77,384.0,Very Poor
Delhi,2019-12-26,1.17,51.83,45.08,340.0,Very Poor
Delhi,2019-12-27,1.39,52.64,54.6,372.0,Very Poor
Delhi,2019-12-28,1.96,50.47,55.98,425.0,Severe
Delhi,2019-12-29,1.86,49.61,57.76,455.0,Severe
Delhi,2019-12-30,2.24,50.75,55.61,506.0,Severe
Delhi,2019-12-31,1.8,48.22,47.5,417.0,Severe
Delhi,2020-01-01,3.15,56.85,64.18,492.0,Severe
Delhi,2020-01-02,3.32,58.26,64.8,485.0,Severe
Delhi,2020-01-03,2.8,53.02,55.65,426.0,Severe
Delhi,2020-01-04,2.2,53.46,57.67,366.0,Very Poor
Delhi,2020-01-05,1.23,47.94,48.25,354.0,Very Poor
Delhi,2020-01-06,1.27,47.01,51.19,335.0,Very Poor
Delhi,2020-01-07,1.18,43.53,44.9,285.0,Poor
Delhi,2020-01-08,1.13,44.73,38.64,281.0,Poor
Delhi,2020-01-09,0.89,36.87,32.3,231.0,Poor
Delhi,2020-01-10,1.3,37.73,45.12,255.0,Poor
Delhi,2020-01-11,1.54,40.97,53.28,309.0,Very Poor
Delhi,2020-01-12,2.26,48.65,59.91,352.0,Very Poor
Delhi,2020-01-13,2.11,53.64,55.04,381.0,Very Poor
Delhi,2020-01-14,1.16,46.34,38.08,314.0,Very Poor
Delhi,2020-01-15,1.17,41.76,47.45,241.0,Poor
Delhi,2020-01-16,1.11,43.54,44.21,286.0,Poor
Delhi,2020-01-17,1.14,40.15,36.19,287.0,Poor
Delhi,2020-01-18,1.32,39.56,43.78,262.0,Poor
Delhi,2020-01-19,0.96,38.38,34.18,290.0,Poor
Delhi,2020-01-20,1.39,39.27,38.21,282.0,Poor
Delhi,2020-01-21,1.93,48.02,48.18,359.0,Very Poor
Delhi,2020-01-22,1.9,45.17,44.3,378.0,Very Poor
Delhi,2020-01-23,0.79,36.32,35.26,273.0,Poor
Delhi,2020-01-24,0.99,34.23,44.0,155.0,Moderate
Delhi,2020-01-25,1.48,41.37,56.31,251.0,Poor
Delhi,2020-01-26,2.09,48.8,50.94,349.0,Very Poor
Delhi,2020-01-27,2.19,53.66,67.09,365.0,Very Poor
Delhi,2020-01-28,1.26,42.76,42.01,302.0,Very Poor
Delhi,2020-01-29,1.24,38.01,42.24,218.0,Poor
Delhi,2020-01-30,1.08,36.77,45.04,195.0,Moderate
Delhi,2020-01-31,1.1,34.03,47.35,203.0,Poor
Delhi,2020-02-01,1.26,35.95,44.25,244.0,Poor
Delhi,2020-02-02,1.2,36.46,45.28,254.0,Poor
Delhi,2020-02-03,1.51,37.5,53.71,297.0,Poor
Delhi,2020-02-04,2.21,43.09,64.8,336.0,Very Poor
Delhi,2020-02-05,1.3,40.07,53.35,344.0,Very Poor
Delhi,2020-02-06,1.18,36.16,51.82,277.0,Poor
Delhi,2020-02-07,1.51,38.38,58.46,307.0,Very Poor
Delhi,2020-02-08,1.16,40.72,47.55,315.0,Very Poor
Delhi,2020-02-09,1.29,40.04,50.75,310.0,Very Poor
Delhi,2020-02-10,1.61,39.99,56.48,328.0,Very Poor
Delhi,2020-02-11,1.89,39.73,60.12,347.0,Very Poor
Delhi,2020-02-12,1.29,40.92,55.96,343.0,Very Poor
Delhi,2020-02-13,0.95,36.91,41.59,279.0,Poor
Delhi,2020-02-14,0.82,34.06,34.6,186.0,Moderate
Delhi,2020-02-15,0.91,32.48,44.57,174.0,Moderate
Delhi,2020-02-16,1.38,38.77,57.15,254.0,Poor
Delhi,2020-02-17,1.61,42.77,61.17,323.0,Very Poor
Delhi,2020-02-18,1.39,37.01,59.91,292.0,Poor
Delhi,2020-02-19,2.0,44.11,59.9,300.0,Poor
Delhi,2020-02-20,0.99,39.61,44.05,253.0,Poor
Delhi,2020-02-21,0.83,35.81,33.27,170.0,Moderate
Delhi,2020-02-22,1.2,33.46,41.23,104.0,Moderate
Delhi,2020-02-23,1.26,38.33,42.24,221.0,Poor
Delhi,2020-02-24,1.02,33.19,44.2,169.0,Moderate
Delhi,2020-02-25,1.22,39.61,46.76,244.0,Poor
Delhi,2020-02-26,1.54,42.7,50.67,303.0,Very Poor
Delhi,2020-02-27,1.23,43.64,46.15,270.0,Poor
Delhi,2020-02-28,0.97,41.44,33.92,214.0,Poor
Delhi,2020-02-29,0.83,34.88,33.98,144.0,Moderate
Delhi,2020-03-01,0.97,31.4,40.73,105.0,Moderate
Delhi,2020-03-02,1.58,39.78,50.23,192.0,Moderate
Delhi,2020-03-03,1.22,37.02,46.6,226.0,Poor
Delhi,2020-03-04,1.1,37.32,45.62,200.0,Moderate
Delhi,2020-03-05,0.81,32.27,32.97,112.0,Moderate
Delhi,2020-03-06,0.87,29.56,33.71,82.0,Satisfactory
Delhi,2020-03-07,0.82,29.01,35.53,77.0,Satisfactory
Delhi,2020-03-08,1.11,31.51,37.14,156.0,Moderate
Delhi,2020-03-09,0.75,29.29,32.29,138.0,Moderate
Delhi,2020-03-10,0.84,30.99,30.22,186.0,Moderate
Delhi,2020-03-11,0.76,32.88,29.76,128.0,Moderate
Delhi,2020-03-12,0.94,35.31,36.74,125.0,Moderate
Delhi,2020-03-13,0.87,31.36,40.53,170.0,Moderate
Delhi,2020-03-14,0.76,34.29,34.59,131.0,Moderate
Delhi,2020-03-15,0.9,31.09,41.09,124.0,Moderate
Delhi,2020-03-16,0.89,31.07,41.52,148.0,Moderate
Delhi,2020-03-17,1.0,32.31,43.5,164.0,Moderate
Delhi,2020-03-18,1.07,32.99,45.86,162.0,Moderate
Delhi,2020-03-19,1.14,36.15,45.67,191.0,Moderate
Delhi,2020-03-20,1.24,34.3,51.26,209.0,Poor
Delhi,2020-03-21,1.18,36.61,46.04,205.0,Poor
Delhi,2020-03-22,0.92,32.61,29.85,198.0,Moderate
Delhi,2020-03-23,0.78,30.31,25.96,127.0,Moderate
Delhi,2020-03-24,0.81,31.91,27.07,124.0,Moderate
Delhi,2020-03-25,0.68,34.43,21.11,92.0,Satisfactory
Delhi,2020-03-26,0.58,33.68,16.58,93.0,Satisfactory
Delhi,2020-03-27,0.53,27.4,15.32,76.0,Satisfactory
Delhi,2020-03-28,0.54,25.22,17.52,51.0,Satisfactory
Delhi,2020-03-29,0.52,23.98,16.6,64.0,Satisfactory
Delhi,2020-03-30,0.58,23.21,17.52,74.0,Satisfactory
Delhi,2020-03-31,0.56,26.5,18.03,81.0,Satisfactory
Delhi,2020-04-01,0.62,26.73,19.17,80.0,Satisfactory
Delhi,2020-04-02,0.6,22.22,17.18,78.0,Satisfactory
Delhi,2020-04-03,0.61,21.54,20.07,84.0,Satisfactory
Delhi,2020-04-04,0.68,23.06,22.38,90.0,Satisfactory
Delhi,2020-04-05,0.81,25.14,24.42,103.0,Moderate
Delhi,2020-04-06,0.81,26.41,24.37,134.0,Moderate
Delhi,2020-04-07,0.6,25.53,19.27,100.0,Satisfactory
Delhi,2020-04-08,0.56,23.41,18.56,91.0,Satisfactory
Delhi,2020-04-09,0.66,23.84,21.37,89.0,Satisfactory
Delhi,2020-04-10,0.81,27.71,27.12,111.0,Moderate
Delhi,2020-04-11,0.83,28.33,23.64,126.0,Moderate
Delhi,2020-04-12,0.67,26.99,17.59,102.0,Moderate
Delhi,2020-04-13,0.83,27.95,23.4,119.0,Moderate
Delhi,2020-04-14,0.93,28.76,25.71,134.0,Moderate
Delhi,2020-04-15,0.93,28.36,24.55,152.0,Moderate
Delhi,2020-04-16,0.94,30.36,25.01,172.0,Moderate
Delhi,2020-04-17,0.64,26.06,15.83,123.0,Moderate
Delhi,2020-04-18,0.68,27.18,15.45,102.0,Moderate
Delhi,2020-04-19,0.71,29.94,19.72,95.0,Satisfactory
Delhi,2020-04-20,1.02,31.57,24.56,115.0,Moderate
Delhi,2020-04-21,0.82,29.75,19.64,102.0,Moderate
Delhi,2020-04-22,0.86,29.39,24.79,122.0,Moderate
Delhi,2020-04-23,0.91,30.02,24.83,129.0,Moderate
Delhi,2020-04-24,0.99,32.62,25.62,143.0,Moderate
Delhi,2020-04-25,0.75,28.65,18.68,121.0,Moderate
Delhi,2020-04-26,0.77,31.61,17.45,119.0,Moderate
Delhi,2020-04-27,0.76,29.94,14.8,98.0,Satisfactory
Delhi,2020-04-28,0.86,28.6,17.35,105.0,Moderate
Delhi,2020-04-29,0.91,28.86,20.11,123.0,Moderate
Delhi,2020-04-30,0.84,32.99,17.61,128.0,Moderate
Delhi,2020-05-01,0.89,36.43,18.46,140.0,Moderate
Delhi,2020-05-02,0.76,33.93,14.36,127.0,Moderate
Delhi,2020-05-03,0.68,32.48,15.14,110.0,Moderate
Delhi,2020-05-04,0.72,31.35,16.95,92.0,Satisfactory
Delhi,2020-05-05,0.87,30.86,21.36,117.0,Moderate
Delhi,2020-05-06,0.89,29.53,21.88,139.0,Moderate
Delhi,2020-05-07,0.73,25.51,17.97,140.0,Moderate
Delhi,2020-05-08,0.83,27.98,21.66,138.0,Moderate
Delhi,2020-05-09,0.85,30.14,17.65,142.0,Moderate
Delhi,2020-05-10,0.74,28.71,16.46,127.0,Moderate
Delhi,2020-05-11,0.76,28.13,19.53,113.0,Moderate
Delhi,2020-05-12,0.75,29.43,18.49,122.0,Moderate
Delhi,2020-05-13,0.9,32.29,21.34,132.0,Moderate
Delhi,2020-05-14,0.89,30.82,25.12,154.0,Moderate
Delhi,2020-05-15,0.84,27.39,23.45,125.0,Moderate
Delhi,2020-05-16,0.99,27.62,26.17,175.0,Moderate
Delhi,2020-05-17,1.06,28.76,31.96,202.0,Poor
Delhi,2020-05-18,1.12,28.97,34.76,222.0,Poor
Delhi,2020-05-19,1.31,30.58,42.67,238.0,Poor
Delhi,2020-05-20,1.03,28.73,32.8,196.0,Moderate
Delhi,2020-05-21,1.09,25.55,31.36,149.0,Moderate
Delhi,2020-05-22,1.31,28.56,45.36,199.0,Moderate
Delhi,2020-05-23,1.16,28.82,42.43,202.0,Poor
Delhi,2020-05-24,0.87,26.54,27.35,174.0,Moderate
Delhi,2020-05-25,0.94,27.22,30.92,157.0,Moderate
Delhi,2020-05-26,1.1,27.06,37.79,153.0,Moderate
Delhi,2020-05-27,0.83,25.79,26.95,156.0,Moderate
Delhi,2020-05-28,0.8,29.02,17.1,174.0,Moderate
Delhi,2020-05-29,0.77,32.19,19.02,129.0,Moderate
Delhi,2020-05-30,0.84,36.19,18.51,84.0,Satisfactory
Delhi,2020-05-31,0.84,34.91,17.05,80.0,Satisfactory
Delhi,2020-06-01,0.96,35.0,22.99,100.0,Satisfactory
Delhi,2020-06-02,0.92,35.78,24.78,123.0,Moderate
Delhi,2020-06-03,0.9,36.05,28.02,123.0,Moderate
Delhi,2020-06-04,1.09,38.85,34.11,144.0,Moderate
Delhi,2020-06-05,0.87,35.51,25.87,126.0,Moderate
Delhi,2020-06-06,0.82,31.81,21.25,102.0,Moderate
Delhi,2020-06-07,0.86,30.79,22.65,104.0,Moderate
Delhi,2020-06-08,0.94,31.81,25.81,112.0,Moderate
Delhi,2020-06-09,1.01,33.83,32.01,138.0,Moderate
Delhi,2020-06-10,1.03,33.27,34.31,154.0,Moderate
Delhi,2020-06-11,0.91,36.54,30.94,142.0,Moderate
Delhi,2020-06-12,1.06,38.64,30.05,152.0,Moderate
Delhi,2020-06-13,0.95,36.62,25.46,132.0,Moderate
Delhi,2020-06-14,1.04,40.0,26.01,147.0,Moderate
Delhi,2020-06-15,0.88,35.38,25.95,130.0,Moderate
Delhi,2020-06-16,0.88,32.62,24.58,126.0,Moderate
Delhi,2020-06-17,0.78,29.4,16.94,110.0,Moderate
Delhi,2020-06-18,0.82,28.68,18.32,107.0,Moderate
Delhi,2020-06-19,0.86,27.96,17.78,132.0,Moderate
Delhi,2020-06-20,0.8,26.38,20.37,158.0,Moderate
Delhi,2020-06-21,0.85,28.84,23.7,105.0,Moderate
Delhi,2020-06-22,0.91,34.32,20.61,104.0,Moderate
Delhi,2020-06-23,0.88,33.32,16.39,85.0,Satisfactory
Delhi,2020-06-24,0.89,31.45,16.84,71.0,Satisfactory
Delhi,2020-06-25,1.02,30.48,21.41,86.0,Satisfactory
Delhi,2020-06-26,1.01,32.64,22.06,104.0,Moderate
Delhi,2020-06-27,0.87,31.43,21.46,112.0,Moderate
Delhi,2020-06-28,0.94,29.27,21.6,196.0,Moderate
Delhi,2020-06-29,0.88,27.97,21.57,233.0,Poor
Delhi,2020-06-30,0.84,28.48,17.96,114.0,Moderate
Delhi,2020-07-01,0.97,29.06,21.05,101.0,Moderate
Ernakulam,2020-01-25,1.17,104.05,7.8,154.0,Moderate
Ernakulam,2020-01-26,1.2,103.2,7.95,153.0,Moderate
Ernakulam,2020-01-27,1.24,133.25,5.9,159.0,Moderate
Ernakulam,2020-01-28,1.37,107.43,7.48,180.0,Moderate
Ernakulam,2020-01-29,1.35,36.6,16.13,127.0,Moderate
Ernakulam,2020-01-30,1.35,19.41,19.16,96.0,Satisfactory
Ernakulam,2020-01-31,1.27,28.95,19.28,89.0,Satisfactory
Ernakulam,2020-02-01,1.17,27.62,19.55,86.0,Satisfactory
Ernakulam,2020-02-02,1.08,26.53,19.76,77.0,Satisfactory
Ernakulam,2020-02-03,1.13,26.07,13.29,80.0,Satisfactory
Ernakulam,2020-02-04,1.41,24.66,5.13,92.0,Satisfactory
Ernakulam,2020-02-05,1.41,23.18,3.9,97.0,Satisfactory
Ernakulam,2020-02-06,1.36,21.83,0.72,95.0,Satisfactory
Ernakulam,2020-02-07,1.51,44.3,0.69,98.0,Satisfactory
Ernakulam,2020-02-10,1.33,56.08,0.33,91.0,Satisfactory
Ernakulam,2020-02-11,1.23,74.95,0.68,104.0,Moderate
Ernakulam,2020-02-12,1.42,64.53,0.68,101.0,Moderate
Ernakulam,2020-02-13,1.36,58.5,2.63,92.0,Satisfactory
Ernakulam,2020-02-14,1.46,17.96,0.36,108.0,Moderate
Ernakulam,2020-02-15,1.36,14.05,0.81,99.0,Satisfactory
Ernakulam,2020-02-16,1.04,15.4,0.27,106.0,Moderate
Ernakulam,2020-02-17,1.33,12.57,0.87,96.0,Satisfactory
Ernakulam,2020-02-18,1.28,11.86,1.19,93.0,Satisfactory
Ernakulam,2020-02-19,1.64,11.41,1.42,133.0,Moderate
Ernakulam,2020-02-20,1.39,10.94,1.63,114.0,Moderate
Ernakulam,2020-02-21,1.61,10.68,1.77,102.0,Moderate
Ernakulam,2020-02-22,1.39,10.8,1.72,96.0,Satisfactory
Ernakulam,2020-02-23,1.22,10.66,1.79,76.0,Satisfactory
Ernakulam,2020-02-24,1.5,10.47,1.89,90.0,Satisfactory
Ernakulam,2020-02-25,1.53,10.41,1.94,94.0,Satisfactory
Ernakulam,2020-02-26,1.35,10.52,1.89,96.0,Satisfactory
Ernakulam,2020-02-27,1.55,10.45,1.94,95.0,Satisfactory
Ernakulam,2020-02-28,1.73,10.71,1.89,102.0,Moderate
Ernakulam,2020-02-29,1.41,9.75,2.24,94.0,Satisfactory
Ernakulam,2020-03-01,1.24,9.59,2.32,79.0,Satisfactory
Ernakulam,2020-03-02,1.58,9.66,2.31,89.0,Satisfactory
Ernakulam,2020-03-03,1.63,9.34,2.47,101.0,Moderate
Ernakulam,2020-03-04,1.76,0.18,6.94,102.0,Moderate
Ernakulam,2020-03-05,1.87,0.11,6.96,104.0,Moderate
Ernakulam,2020-03-06,1.79,0.05,6.99,104.0,Moderate
Ernakulam,2020-03-07,1.25,0.02,7.0,86.0,Satisfactory
Ernakulam,2020-03-08,1.35,0.02,7.0,88.0,Satisfactory
Ernakulam,2020-03-09,1.48,0.15,6.99,90.0,Satisfactory
Ernakulam,2020-03-10,1.32,0.01,7.0,77.0,Satisfactory
Ernakulam,2020-03-12,1.37,1.0,5.0,88.0,Satisfactory
Ernakulam,2020-03-14,1.48,2.04,2.99,94.0,Satisfactory
Ernakulam,2020-03-15,1.38,2.05,2.99,87.0,Satisfactory
Ernakulam,2020-03-16,1.58,2.07,2.99,93.0,Satisfactory
Ernakulam,2020-03-17,1.6,2.04,2.99,98.0,Satisfactory
Ernakulam,2020-03-18,1.85,2.05,2.99,99.0,Satisfactory
Ernakulam,2020-03-19,1.7,2.05,3.0,100.0,Satisfactory
Ernakulam,2020-03-20,1.54,2.43,3.14,98.0,Satisfactory
Ernakulam,2020-03-21,1.52,3.44,3.5,92.0,Satisfactory
Ernakulam,2020-03-22,1.11,3.41,3.5,69.0,Satisfactory
Ernakulam,2020-03-23,1.25,3.44,3.5,70.0,Satisfactory
Ernakulam,2020-03-24,1.25,3.42,3.5,74.0,Satisfactory
Ernakulam,2020-03-25,1.15,3.41,3.5,61.0,Satisfactory
Ernakulam,2020-03-26,1.1,3.39,3.5,59.0,Satisfactory
Ernakulam,2020-03-27,1.17,3.41,3.5,64.0,Satisfactory
Ernakulam,2020-03-28,1.15,3.48,3.5,63.0,Satisfactory
Ernakulam,2020-03-31,1.26,3.39,3.5,68.0,Satisfactory
Ernakulam,2020-04-01,1.23,3.43,2.98,66.0,Satisfactory
Ernakulam,2020-04-02,1.29,3.44,1.3,68.0,Satisfactory
Ernakulam,2020-04-03,1.29,3.38,1.3,69.0,Satisfactory
Ernakulam,2020-04-04,1.25,3.4,1.3,67.0,Satisfactory
Ernakulam,2020-04-05,1.21,3.43,1.3,64.0,Satisfactory
Ernakulam,2020-04-06,1.17,3.41,1.3,63.0,Satisfactory
Ernakulam,2020-04-07,1.31,3.38,1.3,67.0,Satisfactory
Ernakulam,2020-04-08,1.38,3.41,1.3,75.0,Satisfactory
Ernakulam,2020-04-09,1.23,3.4,1.3,66.0,Satisfactory
Ernakulam,2020-04-10,1.13,3.4,1.96,61.0,Satisfactory
Ernakulam,2020-04-11,1.18,3.4,2.8,62.0,Satisfactory
Ernakulam,2020-04-12,1.23,3.41,2.82,65.0,Satisfactory
Ernakulam,2020-04-13,1.48,3.43,3.62,77.0,Satisfactory
Ernakulam,2020-04-14,1.44,3.42,3.5,77.0,Satisfactory
Ernakulam,2020-04-15,1.34,3.42,3.15,71.0,Satisfactory
Ernakulam,2020-04-16,1.3,3.41,3.19,69.0,Satisfactory
Ernakulam,2020-04-17,1.29,3.44,3.66,72.0,Satisfactory
Ernakulam,2020-04-18,1.45,3.43,3.55,75.0,Satisfactory
Ernakulam,2020-04-19,1.48,3.42,3.16,78.0,Satisfactory
Ernakulam,2020-04-20,1.46,3.4,2.73,78.0,Satisfactory
Ernakulam,2020-04-21,1.12,109.88,0.19,77.0,Satisfactory
Ernakulam,2020-04-24,1.12,18.23,0.06,64.0,Satisfactory
Ernakulam,2020-04-25,1.05,25.49,0.06,55.0,Satisfactory
Ernakulam,2020-06-11,2.14,18.38,1.53,108.0,Moderate
Ernakulam,2020-06-12,2.85,18.26,1.55,115.0,Moderate
Ernakulam,2020-06-13,2.32,18.39,1.54,114.0,Moderate
Ernakulam,2020-06-14,1.78,17.78,1.55,100.0,Satisfactory
Ernakulam,2020-06-16,1.97,4.82,0.1,100.0,Satisfactory
Ernakulam,2020-06-20,2.53,4.58,2.14,106.0,Moderate
Ernakulam,2020-06-21,2.06,1.51,2.4,103.0,Moderate
Ernakulam,2020-06-22,2.51,4.56,2.2,109.0,Moderate
Ernakulam,2020-06-23,2.51,5.46,2.19,110.0,Moderate
Ernakulam,2020-06-24,2.78,2.46,2.34,113.0,Moderate
Ernakulam,2020-06-25,2.22,3.2,2.29,106.0,Moderate
Ernakulam,2020-06-26,2.16,2.09,2.38,104.0,Moderate
Ernakulam,2020-06-27,2.43,4.78,2.16,108.0,Moderate
Ernakulam,2020-06-28,2.16,7.32,2.0,106.0,Moderate
Ernakulam,2020-06-29,2.41,5.06,2.17,109.0,Moderate
Ernakulam,2020-06-30,2.42,2.99,2.35,109.0,Moderate
Ernakulam,2020-07-01,2.1,1.44,2.4,111.0,Moderate
Gurugram,2020-03-05,1.16,39.69,28.84,104.0,Moderate
Gurugram,2020-03-06,1.06,41.15,27.15,95.0,Satisfactory
Gurugram,2020-03-07,0.97,39.4,27.52,79.0,Satisfactory
Gurugram,2020-03-08,0.97,33.94,28.16,115.0,Moderate
Gurugram,2020-03-09,0.77,34.01,23.13,117.0,Moderate
Gurugram,2020-03-10,0.92,29.39,25.83,160.0,Moderate
Gurugram,2020-03-11,0.89,32.17,25.06,114.0,Moderate
Gurugram,2020-03-12,0.88,38.11,30.02,115.0,Moderate
Gurugram,2020-03-13,0.84,32.89,30.6,134.0,Moderate
Gurugram,2020-03-14,0.82,31.5,25.9,118.0,Moderate
Gurugram,2020-03-15,0.97,28.03,27.24,119.0,Moderate
Gurugram,2020-03-16,1.06,45.16,24.94,155.0,Moderate
Gurugram,2020-03-17,1.18,62.83,25.66,181.0,Moderate
Gurugram,2020-03-18,1.28,54.53,30.5,178.0,Moderate
Gurugram,2020-03-19,1.23,51.6,28.31,175.0,Moderate
Gurugram,2020-03-20,1.11,57.77,18.07,176.0,Moderate
Gurugram,2020-03-21,0.88,74.89,16.63,154.0,Moderate
Gurugram,2020-03-22,1.13,62.06,19.83,168.0,Moderate
Gurugram,2020-03-23,0.81,56.53,15.96,124.0,Moderate
Gurugram,2020-03-24,0.97,54.29,17.61,122.0,Moderate
Gurugram,2020-03-25,0.75,54.02,15.06,86.0,Satisfactory
Gurugram,2020-03-26,0.56,52.39,15.96,65.0,Satisfactory
Gurugram,2020-03-27,0.54,48.2,14.19,59.0,Satisfactory
Gurugram,2020-03-28,0.49,48.37,14.65,62.0,Satisfactory
Gurugram,2020-03-29,0.5,45.05,13.75,68.0,Satisfactory
Gurugram,2020-03-30,0.55,42.26,12.76,80.0,Satisfactory
Gurugram,2020-03-31,0.52,40.83,13.39,80.0,Satisfactory
Gurugram,2020-04-01,0.55,38.89,14.94,81.0,Satisfactory
Gurugram,2020-04-02,0.52,40.42,16.0,81.0,Satisfactory
Gurugram,2020-04-03,0.47,37.53,12.75,95.0,Satisfactory
Gurugram,2020-04-04,0.52,35.59,12.52,93.0,Satisfactory
Gurugram,2020-04-05,0.69,36.33,15.9,99.0,Satisfactory
Gurugram,2020-04-06,0.65,36.91,14.5,106.0,Moderate
Gurugram,2020-04-07,0.43,35.85,11.95,94.0,Satisfactory
Gurugram,2020-04-08,0.42,34.39,10.94,96.0,Satisfactory
Gurugram,2020-04-09,0.47,33.63,12.14,101.0,Moderate
Gurugram,2020-04-10,0.68,33.84,18.33,105.0,Moderate
Gurugram,2020-04-11,0.81,34.72,18.3,127.0,Moderate
Gurugram,2020-04-12,0.6,35.82,16.41,107.0,Moderate
Gurugram,2020-04-13,0.76,34.84,17.19,114.0,Moderate
Gurugram,2020-04-14,0.81,37.1,19.88,122.0,Moderate
Gurugram,2020-04-15,0.79,39.87,18.25,138.0,Moderate
Gurugram,2020-04-16,0.83,38.95,17.1,157.0,Moderate
Gurugram,2020-04-17,0.62,37.36,12.66,120.0,Moderate
Gurugram,2020-04-18,0.57,36.77,12.87,107.0,Moderate
Gurugram,2020-04-19,0.65,37.27,15.3,109.0,Moderate
Gurugram,2020-04-20,0.78,40.1,19.64,99.0,Satisfactory
Gurugram,2020-04-21,0.68,36.66,14.88,105.0,Moderate
Gurugram,2020-04-22,0.77,37.91,18.46,120.0,Moderate
Gurugram,2020-04-23,0.79,38.34,18.33,113.0,Moderate
Gurugram,2020-04-24,0.77,36.58,15.69,124.0,Moderate
Gurugram,2020-04-25,0.58,40.59,12.23,121.0,Moderate
Gurugram,2020-04-26,0.67,43.4,13.94,113.0,Moderate
Gurugram,2020-04-27,0.54,38.04,10.35,103.0,Moderate
Gurugram,2020-04-28,0.63,37.56,11.32,118.0,Moderate
Gurugram,2020-04-29,0.75,28.22,13.84,126.0,Moderate
Gurugram,2020-04-30,0.76,22.41,12.84,141.0,Moderate
Gurugram,2020-05-01,0.74,22.14,12.69,155.0,Moderate
Gurugram,2020-05-02,0.7,16.18,10.69,152.0,Moderate
Gurugram,2020-05-03,0.73,13.18,10.84,126.0,Moderate
Gurugram,2020-05-04,0.55,16.83,11.12,94.0,Satisfactory
Gurugram,2020-05-05,0.81,16.73,13.71,130.0,Moderate
Gurugram,2020-05-06,0.72,24.99,14.5,143.0,Moderate
Gurugram,2020-05-07,0.61,31.94,13.66,138.0,Moderate
Gurugram,2020-05-08,0.72,25.48,14.09,144.0,Moderate
Gurugram,2020-05-09,0.77,17.78,13.16,166.0,Moderate
Gurugram,2020-05-10,0.77,12.6,11.14,154.0,Moderate
Gurugram,2020-05-11,0.53,21.99,12.79,113.0,Moderate
Gurugram,2020-05-12,0.68,15.54,13.56,133.0,Moderate
Gurugram,2020-05-13,0.81,10.45,16.23,133.0,Moderate
Gurugram,2020-05-14,0.94,8.99,27.73,147.0,Moderate
Gurugram,2020-05-15,0.76,12.08,36.56,155.0,Moderate
Gurugram,2020-05-16,0.85,14.61,44.32,208.0,Poor
Gurugram,2020-05-17,1.01,22.68,37.52,184.0,Moderate
Gurugram,2020-05-18,0.91,22.59,34.85,160.0,Moderate
Gurugram,2020-05-19,0.99,22.82,35.58,160.0,Moderate
Gurugram,2020-05-20,0.89,22.17,27.33,167.0,Moderate
Gurugram,2020-05-21,0.92,22.2,24.81,141.0,Moderate
Gurugram,2020-05-22,1.06,21.97,24.42,152.0,Moderate
Gurugram,2020-05-23,1.02,22.63,19.3,146.0,Moderate
Gurugram,2020-05-24,0.91,17.11,21.9,150.0,Moderate
Gurugram,2020-05-25,0.93,20.07,18.16,139.0,Moderate
Gurugram,2020-05-26,0.91,23.19,22.71,140.0,Moderate
Gurugram,2020-05-27,0.91,22.52,25.72,162.0,Moderate
Gurugram,2020-05-28,0.88,24.53,16.27,202.0,Poor
Gurugram,2020-05-29,0.67,17.69,15.43,166.0,Moderate
Gurugram,2020-05-30,0.7,19.87,13.94,86.0,Satisfactory
Gurugram,2020-05-31,0.79,15.53,16.09,105.0,Moderate
Gurugram,2020-06-01,0.85,12.39,20.5,133.0,Moderate
Gurugram,2020-06-02,0.77,11.73,14.95,156.0,Moderate
Gurugram,2020-06-03,0.78,9.97,14.13,135.0,Moderate
Gurugram,2020-06-04,0.87,9.73,17.88,130.0,Moderate
Gurugram,2020-06-05,0.82,13.31,15.71,121.0,Moderate
Gurugram,2020-06-06,0.77,10.83,13.55,110.0,Moderate
Gurugram,2020-06-07,0.87,7.97,14.17,122.0,Moderate
Gurugram,2020-06-08,1.0,6.96,15.24,133.0,Moderate
Gurugram,2020-06-09,0.92,6.4,18.55,141.0,Moderate
Gurugram,2020-06-10,0.81,5.8,19.0,135.0,Moderate
Gurugram,2020-06-11,0.72,5.36,15.17,122.0,Moderate
Gurugram,2020-06-12,0.77,5.32,24.0,147.0,Moderate
Gurugram,2020-06-13,0.64,4.92,13.94,158.0,Moderate
Gurugram,2020-06-14,0.68,4.99,10.48,157.0,Moderate
Gurugram,2020-06-15,0.58,5.05,12.44,155.0,Moderate
Gurugram,2020-06-16,0.55,4.74,13.67,128.0,Moderate
Gurugram,2020-06-17,0.53,3.9,11.29,128.0,Moderate
Gurugram,2020-06-18,0.55,1.08,8.86,122.0,Moderate
Gurugram,2020-06-19,0.7,4.43,9.0,148.0,Moderate
Gurugram,2020-06-20,0.53,4.04,8.09,172.0,Moderate
Gurugram,2020-06-21,0.49,4.05,8.75,132.0,Moderate
Gurugram,2020-06-22,0.65,4.3,8.8,134.0,Moderate
Gurugram,2020-06-23,0.69,4.23,8.95,108.0,Moderate
Gurugram,2020-06-24,0.63,4.17,7.9,86.0,Satisfactory
Gurugram,2020-06-25,0.75,3.74,8.14,102.0,Moderate
Gurugram,2020-06-26,0.9,3.88,10.07,122.0,Moderate
Gurugram,2020-06-27,0.66,3.33,8.05,121.0,Moderate
Gurugram,2020-06-28,0.67,3.43,9.65,153.0,Moderate
Gurugram,2020-06-29,0.57,3.05,8.97,140.0,Moderate
Gurugram,2020-06-30,0.78,3.2,10.38,131.0,Moderate
Gurugram,2020-07-01,1.11,2.91,10.58,157.0,Moderate
Guwahati,2019-02-17,0.48,29.24,9.3,92.0,Satisfactory
Guwahati,2019-02-18,0.47,23.6,10.82,122.0,Moderate
Guwahati,2019-02-19,0.51,19.03,9.65,80.0,Satisfactory
Guwahati,2019-02-20,0.49,16.68,11.71,105.0,Moderate
Guwahati,2019-02-21,1.09,17.55,13.63,105.0,Moderate
Guwahati,2019-02-22,1.52,23.72,21.87,293.0,Poor
Guwahati,2019-02-23,1.13,23.86,19.93,321.0,Very Poor
Guwahati,2019-02-24,0.54,23.12,10.49,206.0,Poor
Guwahati,2019-02-26,1.11,28.03,17.65,285.0,Poor
Guwahati,2019-02-27,0.64,27.84,13.79,152.0,Moderate
Guwahati,2019-02-28,0.67,25.34,11.73,93.0,Satisfactory
Guwahati,2019-03-01,0.85,22.89,11.5,113.0,Moderate
Guwahati,2019-03-02,1.06,18.52,18.77,183.0,Moderate
Guwahati,2019-03-03,1.26,18.98,18.6,226.0,Poor
Guwahati,2019-03-04,0.92,21.65,15.4,277.0,Poor
Guwahati,2019-03-05,0.62,18.33,9.74,126.0,Moderate
Guwahati,2019-03-06,0.54,21.26,10.2,148.0,Moderate
Guwahati,2019-03-07,0.85,23.67,15.01,102.0,Moderate
Guwahati,2019-03-08,1.19,24.09,21.06,236.0,Poor
Guwahati,2019-03-09,1.19,23.52,21.55,265.0,Poor
Guwahati,2019-03-10,1.09,21.46,19.23,303.0,Very Poor
Guwahati,2019-03-11,1.31,23.91,17.73,267.0,Poor
Guwahati,2019-03-12,0.99,25.52,16.95,316.0,Very Poor
Guwahati,2019-03-13,1.03,19.71,21.98,212.0,Poor
Guwahati,2019-03-14,1.29,22.77,30.42,303.0,Very Poor
Guwahati,2019-03-15,1.23,27.43,24.74,321.0,Very Poor
Guwahati,2019-03-16,1.03,26.43,23.71,312.0,Very Poor
Guwahati,2019-03-17,1.12,24.28,24.87,231.0,Poor
Guwahati,2019-03-18,1.61,25.47,31.59,308.0,Very Poor
Guwahati,2019-03-19,0.9,25.42,16.31,303.0,Very Poor
Guwahati,2019-03-20,0.82,21.3,15.9,118.0,Moderate
Guwahati,2019-03-21,0.59,17.6,12.45,148.0,Moderate
Guwahati,2019-03-22,0.4,14.5,8.41,198.0,Moderate
Guwahati,2019-03-23,0.72,14.17,12.05,150.0,Moderate
Guwahati,2019-03-24,0.86,14.97,14.69,123.0,Moderate
Guwahati,2019-03-25,1.21,18.56,26.61,268.0,Poor
Guwahati,2019-03-26,1.12,23.34,24.83,306.0,Very Poor
Guwahati,2019-03-27,0.67,22.19,10.6,156.0,Moderate
Guwahati,2019-03-28,0.93,22.37,18.47,109.0,Moderate
Guwahati,2019-03-29,1.26,25.66,29.01,258.0,Poor
Guwahati,2019-03-30,1.26,25.77,23.92,300.0,Poor
Guwahati,2019-03-31,0.5,23.15,11.86,236.0,Poor
Guwahati,2019-04-01,0.76,17.19,11.66,74.0,Satisfactory
Guwahati,2019-04-02,0.76,18.8,14.85,109.0,Moderate
Guwahati,2019-04-03,0.43,14.1,13.17,99.0,Satisfactory
Guwahati,2019-04-04,0.37,13.07,11.69,120.0,Moderate
Guwahati,2019-04-05,0.46,12.53,12.24,61.0,Satisfactory
Guwahati,2019-04-06,0.74,13.76,15.92,74.0,Satisfactory
Guwahati,2019-04-07,0.64,14.9,13.05,103.0,Moderate
Guwahati,2019-04-08,0.48,13.98,11.5,59.0,Satisfactory
Guwahati,2019-04-09,0.56,12.78,14.44,53.0,Satisfactory
Guwahati,2019-04-10,0.75,12.7,14.69,74.0,Satisfactory
Guwahati,2019-04-11,1.03,17.3,18.87,114.0,Moderate
Guwahati,2019-04-12,0.95,16.62,25.1,161.0,Moderate
Guwahati,2019-04-13,0.88,16.31,25.11,179.0,Moderate
Guwahati,2019-04-14,0.59,13.48,19.16,140.0,Moderate
Guwahati,2019-04-15,0.66,10.45,16.23,67.0,Satisfactory
Guwahati,2019-04-16,0.55,9.93,16.64,90.0,Satisfactory
Guwahati,2019-04-17,0.84,10.46,18.99,92.0,Satisfactory
Guwahati,2019-04-18,0.78,14.55,13.0,181.0,Moderate
Guwahati,2019-04-19,0.8,13.91,16.64,107.0,Moderate
Guwahati,2019-04-20,0.52,12.75,12.81,107.0,Moderate
Guwahati,2019-04-21,0.54,11.27,12.7,86.0,Satisfactory
Guwahati,2019-04-22,0.59,11.48,15.48,84.0,Satisfactory
Guwahati,2019-04-23,0.8,10.86,22.46,95.0,Satisfactory
Guwahati,2019-04-24,1.0,11.7,31.12,115.0,Moderate
Guwahati,2019-04-25,1.15,14.22,31.38,202.0,Poor
Guwahati,2019-04-26,0.92,15.11,35.39,218.0,Poor
Guwahati,2019-04-27,0.58,14.18,17.36,137.0,Moderate
Guwahati,2019-04-28,0.47,10.07,10.65,71.0,Satisfactory
Guwahati,2019-04-29,0.42,7.5,11.02,53.0,Satisfactory
Guwahati,2019-04-30,0.36,7.8,8.73,53.0,Satisfactory
Guwahati,2019-05-01,0.35,7.04,7.25,54.0,Satisfactory
Guwahati,2019-05-02,0.58,7.02,14.02,67.0,Satisfactory
Guwahati,2019-05-03,0.28,7.21,7.0,79.0,Satisfactory
Guwahati,2019-05-06,0.81,17.89,17.0,80.0,Satisfactory
Guwahati,2019-05-07,0.56,15.17,15.16,110.0,Moderate
Guwahati,2019-05-08,0.36,10.98,9.28,76.0,Satisfactory
Guwahati,2019-05-09,0.38,8.96,8.06,77.0,Satisfactory
Guwahati,2019-05-10,0.39,7.62,8.33,79.0,Satisfactory
Guwahati,2019-05-11,0.43,7.66,9.44,73.0,Satisfactory
Guwahati,2019-05-12,0.57,8.63,10.32,62.0,Satisfactory
Guwahati,2019-05-13,0.49,12.61,13.27,99.0,Satisfactory
Guwahati,2019-05-14,0.44,14.18,11.58,122.0,Moderate
Guwahati,2019-05-15,0.45,10.74,12.33,86.0,Satisfactory
Guwahati,2019-05-16,0.47,8.53,11.17,68.0,Satisfactory
Guwahati,2019-05-17,0.51,8.09,14.25,73.0,Satisfactory
Guwahati,2019-05-18,0.42,7.43,9.06,70.0,Satisfactory
Guwahati,2019-05-19,0.78,7.09,12.25,62.0,Satisfactory
Guwahati,2019-05-20,0.61,9.71,15.82,93.0,Satisfactory
Guwahati,2019-05-21,0.54,8.7,13.08,68.0,Satisfactory
Guwahati,2019-05-22,0.44,8.33,10.37,63.0,Satisfactory
Guwahati,2019-05-23,0.4,8.69,10.73,73.0,Satisfactory
Guwahati,2019-05-24,0.36,8.06,9.53,71.0,Satisfactory
Guwahati,2019-05-25,0.55,5.01,12.52,210.0,Poor
Guwahati,2019-05-26,0.79,5.68,17.89,838.0,Severe
Guwahati,2019-05-27,0.66,7.03,17.05,149.0,Moderate
Guwahati,2019-05-28,0.5,5.97,12.81,61.0,Satisfactory
Guwahati,2019-05-29,0.79,5.93,18.48,72.0,Satisfactory
Guwahati,2019-05-30,0.75,7.31,21.24,102.0,Moderate
Guwahati,2019-05-31,0.54,6.2,18.76,79.0,Satisfactory
Guwahati,2019-06-01,0.81,6.11,21.67,75.0,Satisfactory
Guwahati,2019-06-02,0.89,6.24,21.15,106.0,Moderate
Guwahati,2019-06-03,0.46,6.51,11.09,72.0,Satisfactory
Guwahati,2019-06-04,0.37,6.66,11.44,54.0,Satisfactory
Guwahati,2019-06-05,0.45,4.76,9.15,48.0,Good
Guwahati,2019-06-06,0.48,4.89,13.14,55.0,Satisfactory
Guwahati,2019-06-07,0.6,7.96,12.89,78.0,Satisfactory
Guwahati,2019-06-08,0.4,9.85,6.72,48.0,Good
Guwahati,2019-06-09,0.4,9.92,8.81,33.0,Good
Guwahati,2019-06-10,0.5,9.98,10.66,40.0,Good
Guwahati,2019-06-11,0.53,10.74,13.11,41.0,Good
Guwahati,2019-06-12,0.68,11.22,18.64,60.0,Satisfactory
Guwahati,2019-06-13,0.58,10.16,16.46,99.0,Satisfactory
Guwahati,2019-06-14,0.44,9.28,13.25,45.0,Good
Guwahati,2019-06-15,0.54,8.16,9.73,38.0,Good
Guwahati,2019-06-16,0.52,8.27,11.79,44.0,Good
Guwahati,2019-06-17,0.53,6.8,13.27,49.0,Good
Guwahati,2019-06-18,0.61,6.04,15.51,54.0,Satisfactory
Guwahati,2019-06-19,0.74,7.67,22.06,89.0,Satisfactory
Guwahati,2019-06-20,0.7,8.73,16.77,93.0,Satisfactory
Guwahati,2019-06-21,0.77,9.3,15.6,76.0,Satisfactory
Guwahati,2019-06-22,0.61,8.4,11.32,54.0,Satisfactory
Guwahati,2019-06-23,0.35,7.31,6.61,44.0,Good
Guwahati,2019-06-24,0.38,12.36,9.02,40.0,Good
Guwahati,2019-06-25,0.48,15.17,14.71,58.0,Satisfactory
Guwahati,2019-06-26,0.44,9.14,10.41,41.0,Good
Guwahati,2019-06-27,0.46,8.35,8.46,31.0,Good
Guwahati,2019-06-28,0.58,6.99,14.92,40.0,Good
Guwahati,2019-06-29,0.51,6.28,12.56,47.0,Good
Guwahati,2019-06-30,0.66,5.52,14.26,55.0,Satisfactory
Guwahati,2019-07-01,0.63,5.57,16.5,71.0,Satisfactory
Guwahati,2019-07-02,0.38,6.07,9.45,39.0,Good
Guwahati,2019-07-03,0.34,5.19,9.95,25.0,Good
Guwahati,2019-07-04,0.42,4.53,9.96,33.0,Good
Guwahati,2019-07-05,0.51,5.7,12.65,46.0,Good
Guwahati,2019-07-06,0.3,4.99,10.04,46.0,Good
Guwahati,2019-07-07,0.25,3.85,6.5,53.0,Satisfactory
Guwahati,2019-07-08,0.27,3.68,6.73,42.0,Good
Guwahati,2019-07-11,0.52,12.28,9.97,64.0,Satisfactory
Guwahati,2019-07-12,0.55,8.86,10.55,36.0,Good
Guwahati,2019-07-13,0.55,9.95,11.17,47.0,Good
Guwahati,2019-07-14,0.45,8.22,10.66,57.0,Satisfactory
Guwahati,2019-07-15,0.48,6.56,9.4,38.0,Good
Guwahati,2019-07-16,0.61,6.07,10.85,118.0,Moderate
Guwahati,2019-07-17,0.55,7.62,11.46,161.0,Moderate
Guwahati,2019-07-18,0.54,6.2,9.98,91.0,Satisfactory
Guwahati,2019-07-19,0.59,6.88,11.38,88.0,Satisfactory
Guwahati,2019-07-20,0.45,8.73,10.39,103.0,Moderate
Guwahati,2019-07-21,0.33,8.54,6.25,96.0,Satisfactory
Guwahati,2019-07-22,0.41,7.34,8.78,66.0,Satisfactory
Guwahati,2019-07-23,0.38,7.81,7.42,101.0,Moderate
Guwahati,2019-07-24,0.37,7.5,9.77,98.0,Satisfactory
Guwahati,2019-07-25,0.57,6.96,11.31,74.0,Satisfactory
Guwahati,2019-07-26,0.35,6.51,8.75,62.0,Satisfactory
Guwahati,2019-07-27,0.34,4.17,7.69,68.0,Satisfactory
Guwahati,2019-07-28,0.58,3.67,9.47,54.0,Satisfactory
Guwahati,2019-07-29,0.43,4.39,10.86,91.0,Satisfactory
Guwahati,2019-07-30,0.47,7.24,10.76,182.0,Moderate
Guwahati,2019-07-31,0.37,8.98,8.22,150.0,Moderate
Guwahati,2019-08-01,0.31,7.43,9.14,104.0,Moderate
Guwahati,2019-08-02,0.43,4.83,8.03,92.0,Satisfactory
Guwahati,2019-08-03,0.44,4.88,9.33,164.0,Moderate
Guwahati,2019-08-04,0.49,6.13,10.96,87.0,Satisfactory
Guwahati,2019-08-05,0.44,3.8,10.05,40.0,Good
Guwahati,2019-08-06,0.59,5.42,10.15,104.0,Moderate
Guwahati,2019-08-07,0.39,8.94,9.62,74.0,Satisfactory
Guwahati,2019-08-08,0.35,8.16,9.24,47.0,Good
Guwahati,2019-08-09,0.36,6.84,8.59,246.0,Poor
Guwahati,2019-08-10,0.39,6.53,6.67,266.0,Poor
Guwahati,2019-08-11,0.42,5.49,10.37,102.0,Moderate
Guwahati,2019-08-12,0.49,4.6,10.25,488.0,Severe
Guwahati,2019-08-13,0.39,5.36,9.4,956.0,Severe
Guwahati,2019-08-14,0.34,7.04,7.78,141.0,Moderate
Guwahati,2019-08-15,0.37,9.78,6.07,36.0,Good
Guwahati,2019-08-16,0.51,7.37,13.33,43.0,Good
Guwahati,2019-08-17,0.56,6.69,10.57,69.0,Satisfactory
Guwahati,2019-08-18,0.44,5.28,6.35,49.0,Good
Guwahati,2019-08-19,0.36,4.87,8.63,38.0,Good
Guwahati,2019-08-20,0.44,5.4,7.61,48.0,Good
Guwahati,2019-08-21,0.4,5.81,8.73,41.0,Good
Guwahati,2019-08-22,0.56,6.64,14.94,68.0,Satisfactory
Guwahati,2019-08-23,0.43,6.14,8.98,54.0,Satisfactory
Guwahati,2019-08-24,0.34,5.57,6.88,30.0,Good
Guwahati,2019-08-25,0.34,3.72,5.98,26.0,Good
Guwahati,2019-08-26,0.44,4.58,11.68,32.0,Good
Guwahati,2019-08-27,0.58,5.13,12.59,52.0,Satisfactory
Guwahati,2019-08-28,0.59,5.28,12.48,48.0,Good
Guwahati,2019-08-29,0.52,5.79,9.24,41.0,Good
Guwahati,2019-08-30,0.57,7.24,11.55,52.0,Satisfactory
Guwahati,2019-08-31,0.53,10.86,9.13,113.0,Moderate
Guwahati,2019-09-01,0.68,7.01,11.26,58.0,Satisfactory
Guwahati,2019-09-02,0.7,3.8,16.77,62.0,Satisfactory
Guwahati,2019-09-03,0.58,3.42,9.12,54.0,Satisfactory
Guwahati,2019-09-04,0.56,3.49,10.16,35.0,Good
Guwahati,2019-09-05,0.59,5.16,9.13,46.0,Good
Guwahati,2019-09-06,0.43,4.3,6.3,34.0,Good
Guwahati,2019-09-07,0.48,2.7,9.07,34.0,Good
Guwahati,2019-09-08,0.52,1.83,8.46,53.0,Satisfactory
Guwahati,2019-09-09,0.56,2.0,8.83,46.0,Good
Guwahati,2019-09-10,0.57,2.32,11.61,51.0,Satisfactory
Guwahati,2019-09-11,0.56,2.48,10.78,55.0,Satisfactory
Guwahati,2019-09-12,0.52,2.86,8.51,58.0,Satisfactory
Guwahati,2019-09-13,0.46,2.28,7.01,43.0,Good
Guwahati,2019-09-14,0.5,2.27,8.08,41.0,Good
Guwahati,2019-09-15,0.49,2.11,5.59,48.0,Good
Guwahati,2019-09-16,0.43,2.32,7.02,40.0,Good
Guwahati,2019-09-17,0.59,2.35,10.34,46.0,Good
Guwahati,2019-09-18,0.73,2.75,6.41,62.0,Satisfactory
Guwahati,2019-09-19,0.55,1.86,14.64,44.0,Good
Guwahati,2019-09-20,0.7,1.87,14.84,80.0,Satisfactory
Guwahati,2019-09-21,0.52,2.17,12.68,68.0,Satisfactory
Guwahati,2019-09-22,0.52,2.14,12.31,65.0,Satisfactory
Guwahati,2019-09-23,0.36,1.84,5.22,35.0,Good
Guwahati,2019-09-24,0.44,1.93,7.54,26.0,Good
Guwahati,2019-09-25,0.48,1.64,5.97,26.0,Good
Guwahati,2019-09-26,0.77,1.71,6.98,58.0,Satisfactory
Guwahati,2019-09-27,0.6,1.42,9.97,47.0,Good
Guwahati,2019-09-28,0.64,1.29,9.2,52.0,Satisfactory
Guwahati,2019-09-29,0.54,1.28,9.48,39.0,Good
Guwahati,2019-09-30,0.57,1.6,7.97,41.0,Good
Guwahati,2019-10-01,0.55,2.28,7.16,37.0,Good
Guwahati,2019-10-02,0.48,1.98,6.86,30.0,Good
Guwahati,2019-10-03,0.78,1.49,8.38,66.0,Satisfactory
Guwahati,2019-10-04,0.66,1.54,11.52,60.0,Satisfactory
Guwahati,2019-10-05,0.65,1.85,13.23,70.0,Satisfactory
Guwahati,2019-10-06,0.88,2.45,12.49,83.0,Satisfactory
Guwahati,2019-10-07,0.68,1.98,11.94,82.0,Satisfactory
Guwahati,2019-10-08,0.45,1.55,7.53,38.0,Good
Guwahati,2019-10-09,0.45,1.3,7.62,27.0,Good
Guwahati,2019-10-10,0.47,1.41,11.06,34.0,Good
Guwahati,2019-10-11,0.73,2.01,14.46,78.0,Satisfactory
Guwahati,2019-10-12,0.68,2.23,17.13,86.0,Satisfactory
Guwahati,2019-10-13,0.76,2.6,20.3,113.0,Moderate
Guwahati,2019-10-14,0.76,2.62,20.01,111.0,Moderate
Guwahati,2019-10-15,0.76,2.3,17.03,89.0,Satisfactory
Guwahati,2019-10-17,0.82,2.42,20.29,94.0,Satisfactory
Guwahati,2019-10-18,0.79,2.5,19.98,101.0,Moderate
Guwahati,2019-10-19,0.8,3.49,20.0,110.0,Moderate
Guwahati,2019-10-20,0.73,4.21,15.39,98.0,Satisfactory
Guwahati,2019-10-21,0.72,3.42,10.89,88.0,Satisfactory
Guwahati,2019-10-22,0.72,4.49,13.86,123.0,Moderate
Guwahati,2019-10-23,1.0,6.43,21.77,215.0,Poor
Guwahati,2019-10-24,0.74,7.42,14.82,174.0,Moderate
Guwahati,2019-10-25,0.36,6.74,8.85,43.0,Good
Guwahati,2019-10-26,0.32,4.83,7.05,27.0,Good
Guwahati,2019-10-27,0.45,4.26,7.33,45.0,Good
Guwahati,2019-10-28,0.83,5.61,11.35,351.0,Very Poor
Guwahati,2019-10-29,0.75,4.58,13.43,326.0,Very Poor
Guwahati,2019-10-30,0.87,3.83,14.17,86.0,Satisfactory
Guwahati,2019-10-31,0.91,4.48,14.61,91.0,Satisfactory
Guwahati,2019-11-01,0.72,3.89,14.21,142.0,Moderate
Guwahati,2019-11-02,0.8,3.56,16.91,112.0,Moderate
Guwahati,2019-11-03,0.79,3.19,13.91,116.0,Moderate
Guwahati,2019-11-04,0.81,3.33,16.39,113.0,Moderate
Guwahati,2019-11-05,0.88,3.84,18.23,123.0,Moderate
Guwahati,2019-11-06,0.7,3.93,13.6,90.0,Satisfactory
Guwahati,2019-11-07,0.9,4.59,15.87,110.0,Moderate
Guwahati,2019-11-08,0.87,4.26,12.73,114.0,Moderate
Guwahati,2019-11-09,0.77,3.08,11.2,84.0,Satisfactory
Guwahati,2019-11-10,0.54,2.95,8.88,50.0,Good
Guwahati,2019-11-11,0.52,2.34,11.88,36.0,Good
Guwahati,2019-11-12,0.95,5.59,13.55,96.0,Satisfactory
Guwahati,2019-11-13,0.95,5.75,16.54,133.0,Moderate
Guwahati,2019-11-14,0.98,5.25,14.87,105.0,Moderate
Guwahati,2019-11-15,0.96,5.25,15.93,154.0,Moderate
Guwahati,2019-11-16,0.91,5.01,19.74,136.0,Moderate
Guwahati,2019-11-17,0.99,5.94,20.12,165.0,Moderate
Guwahati,2019-11-18,1.16,7.72,19.81,226.0,Poor
Guwahati,2019-11-19,1.13,10.07,15.08,290.0,Poor
Guwahati,2019-11-20,0.61,6.56,13.37,129.0,Moderate
Guwahati,2019-11-21,0.87,4.4,18.9,112.0,Moderate
Guwahati,2019-11-22,0.93,5.83,16.71,135.0,Moderate
Guwahati,2019-11-23,1.02,10.85,13.7,148.0,Moderate
Guwahati,2019-11-24,0.94,11.7,14.23,185.0,Moderate
Guwahati,2019-11-25,0.93,11.45,13.89,180.0,Moderate
Guwahati,2019-11-26,1.09,11.79,13.55,197.0,Moderate
Guwahati,2019-11-27,1.0,10.7,13.88,182.0,Moderate
Guwahati,2019-11-28,1.05,10.4,13.77,136.0,Moderate
Guwahati,2019-11-29,1.09,10.81,14.52,183.0,Moderate
Guwahati,2019-11-30,1.14,11.77,13.48,230.0,Poor
Guwahati,2019-12-01,0.83,11.89,10.73,211.0,Poor
Guwahati,2019-12-02,0.64,10.35,8.41,102.0,Moderate
Guwahati,2019-12-03,1.02,11.72,10.02,181.0,Moderate
Guwahati,2019-12-04,1.14,11.57,11.55,198.0,Moderate
Guwahati,2019-12-05,1.03,11.55,11.6,184.0,Moderate
Guwahati,2019-12-06,1.04,12.43,11.17,170.0,Moderate
Guwahati,2019-12-07,1.03,13.4,11.36,206.0,Poor
Guwahati,2019-12-08,1.05,12.71,11.39,206.0,Poor
Guwahati,2019-12-09,1.31,14.79,14.22,251.0,Poor
Guwahati,2019-12-10,1.35,19.7,11.83,278.0,Poor
Guwahati,2019-12-11,1.34,22.66,10.72,328.0,Very Poor
Guwahati,2019-12-12,1.18,19.26,9.56,224.0,Poor
Guwahati,2019-12-13,1.21,16.26,9.08,309.0,Very Poor
Guwahati,2019-12-14,1.11,17.7,11.41,228.0,Poor
Guwahati,2019-12-15,1.25,18.43,13.37,303.0,Very Poor
Guwahati,2019-12-16,1.15,17.71,11.71,304.0,Very Poor
Guwahati,2019-12-17,0.94,18.22,11.09,299.0,Poor
Guwahati,2019-12-18,1.08,18.06,12.46,257.0,Poor
Guwahati,2019-12-19,1.17,17.01,10.71,310.0,Very Poor
Guwahati,2019-12-20,1.35,18.17,9.08,327.0,Very Poor
Guwahati,2019-12-21,0.94,16.26,9.17,297.0,Poor
Guwahati,2019-12-22,1.03,16.21,9.15,289.0,Poor
Guwahati,2019-12-23,1.38,15.68,8.9,276.0,Poor
Guwahati,2019-12-24,1.92,16.06,9.44,347.0,Very Poor
Guwahati,2019-12-25,2.12,16.63,10.99,356.0,Very Poor
Guwahati,2019-12-26,1.93,15.45,12.73,329.0,Very Poor
Guwahati,2019-12-27,1.44,14.77,11.56,336.0,Very Poor
Guwahati,2019-12-28,1.26,15.03,11.46,243.0,Poor
Guwahati,2019-12-29,1.64,14.3,11.86,319.0,Very Poor
Guwahati,2019-12-30,1.82,13.83,13.42,334.0,Very Poor
Guwahati,2019-12-31,1.99,14.34,15.39,334.0,Very Poor
Guwahati,2020-01-01,1.96,15.06,11.41,346.0,Very Poor
Guwahati,2020-01-02,0.7,14.36,12.47,149.0,Moderate
Guwahati,2020-01-03,0.7,13.72,9.85,116.0,Moderate
Guwahati,2020-01-04,0.84,15.08,7.57,114.0,Moderate
Guwahati,2020-01-05,1.38,15.76,9.51,284.0,Poor
Guwahati,2020-01-06,0.8,13.98,10.11,170.0,Moderate
Guwahati,2020-01-07,1.62,16.3,12.45,301.0,Very Poor
Guwahati,2020-01-08,1.75,16.43,12.53,332.0,Very Poor
Guwahati,2020-01-09,1.72,17.9,10.68,322.0,Very Poor
Guwahati,2020-01-10,1.85,18.47,12.1,331.0,Very Poor
Guwahati,2020-01-11,1.87,19.26,13.16,331.0,Very Poor
Guwahati,2020-01-12,1.68,18.04,15.26,335.0,Very Poor
Guwahati,2020-01-13,1.68,16.55,14.06,321.0,Very Poor
Guwahati,2020-01-14,1.84,17.74,14.47,326.0,Very Poor
Guwahati,2020-01-15,3.75,24.31,15.07,462.0,Severe
Guwahati,2020-01-16,2.16,27.33,11.13,402.0,Severe
Guwahati,2020-01-17,1.39,21.27,14.04,311.0,Very Poor
Guwahati,2020-01-18,1.52,20.37,16.06,309.0,Very Poor
Guwahati,2020-01-19,1.42,22.25,13.79,325.0,Very Poor
Guwahati,2020-01-20,0.6,17.68,8.74,211.0,Poor
Guwahati,2020-01-21,0.9,16.06,12.31,192.0,Moderate
Guwahati,2020-01-22,1.41,17.02,15.68,314.0,Very Poor
Guwahati,2020-01-23,1.29,16.87,18.01,307.0,Very Poor
Guwahati,2020-01-24,1.74,16.17,17.95,318.0,Very Poor
Guwahati,2020-01-25,1.87,15.74,16.51,363.0,Very Poor
Guwahati,2020-01-26,1.71,16.12,12.98,332.0,Very Poor
Guwahati,2020-01-27,1.62,16.7,17.7,327.0,Very Poor
Guwahati,2020-01-28,1.94,18.21,17.88,264.0,Poor
Guwahati,2020-01-29,1.97,20.06,21.97,285.0,Poor
Guwahati,2020-01-30,1.71,21.83,16.34,346.0,Very Poor
Guwahati,2020-01-31,0.61,17.74,8.8,195.0,Moderate
Guwahati,2020-02-01,1.21,18.14,10.06,250.0,Poor
Guwahati,2020-02-02,1.23,18.48,14.67,298.0,Poor
Guwahati,2020-02-03,1.06,15.9,22.49,238.0,Poor
Guwahati,2020-02-04,1.34,17.55,23.76,315.0,Very Poor
Guwahati,2020-02-05,1.63,19.22,25.12,317.0,Very Poor
Guwahati,2020-02-06,1.48,19.64,18.76,326.0,Very Poor
Guwahati,2020-02-07,1.44,18.53,20.56,323.0,Very Poor
Guwahati,2020-02-08,1.5,17.57,20.06,316.0,Very Poor
Guwahati,2020-02-09,1.15,17.92,17.93,302.0,Very Poor
Guwahati,2020-02-10,0.99,18.24,19.55,212.0,Poor
Guwahati,2020-02-11,1.23,18.56,23.03,278.0,Poor
Guwahati,2020-02-12,1.19,19.25,24.27,267.0,Poor
Guwahati,2020-02-13,1.29,21.57,30.59,306.0,Very Poor
Guwahati,2020-02-14,1.23,23.68,27.41,315.0,Very Poor
Guwahati,2020-02-15,1.36,23.71,31.8,321.0,Very Poor
Guwahati,2020-02-16,1.61,24.27,24.33,357.0,Very Poor
Guwahati,2020-02-17,1.81,24.88,24.22,367.0,Very Poor
Guwahati,2020-02-18,1.4,29.04,15.68,361.0,Very Poor
Guwahati,2020-02-19,0.56,24.13,13.21,239.0,Poor
Guwahati,2020-02-20,1.25,25.27,17.04,288.0,Poor
Guwahati,2020-02-21,1.14,22.11,17.71,282.0,Poor
Guwahati,2020-02-22,1.27,21.01,17.95,302.0,Very Poor
Guwahati,2020-02-23,1.18,20.84,21.62,302.0,Very Poor
Guwahati,2020-02-24,0.89,16.1,18.84,269.0,Poor
Guwahati,2020-02-25,0.61,14.76,19.02,171.0,Moderate
Guwahati,2020-02-26,0.12,13.39,12.41,78.0,Satisfactory
Guwahati,2020-02-27,0.25,13.55,14.97,58.0,Satisfactory
Guwahati,2020-02-28,0.63,12.8,21.7,114.0,Moderate
Guwahati,2020-02-29,0.75,13.24,29.75,160.0,Moderate
Guwahati,2020-03-01,0.92,16.28,30.85,224.0,Poor
Guwahati,2020-03-02,0.95,16.51,28.98,300.0,Poor
Guwahati,2020-03-03,0.51,17.05,23.76,164.0,Moderate
Guwahati,2020-03-04,0.21,15.46,15.58,71.0,Satisfactory
Guwahati,2020-03-05,0.29,12.0,14.86,84.0,Satisfactory
Guwahati,2020-03-06,0.32,12.3,15.28,110.0,Moderate
Guwahati,2020-03-07,0.67,16.12,19.39,128.0,Moderate
Guwahati,2020-03-08,0.6,16.85,15.52,138.0,Moderate
Guwahati,2020-03-09,0.43,15.21,20.19,152.0,Moderate
Guwahati,2020-03-10,0.64,13.47,23.06,168.0,Moderate
Guwahati,2020-03-11,0.7,13.02,31.04,191.0,Moderate
Guwahati,2020-03-12,0.77,17.38,30.51,226.0,Poor
Guwahati,2020-03-13,0.48,15.43,32.03,148.0,Moderate
Guwahati,2020-03-14,0.88,15.1,23.49,260.0,Poor
Guwahati,2020-03-15,0.37,13.28,18.55,140.0,Moderate
Guwahati,2020-03-16,0.59,11.72,18.99,204.0,Poor
Guwahati,2020-03-17,0.5,13.93,36.21,158.0,Moderate
Guwahati,2020-03-18,0.76,14.17,43.42,228.0,Poor
Guwahati,2020-03-19,0.89,16.17,40.3,257.0,Poor
Guwahati,2020-03-20,0.8,20.73,27.59,273.0,Poor
Guwahati,2020-03-21,0.71,19.14,26.82,223.0,Poor
Guwahati,2020-03-22,0.71,17.4,18.11,225.0,Poor
Guwahati,2020-03-23,0.59,18.06,17.48,265.0,Poor
Guwahati,2020-03-24,0.42,16.08,23.59,124.0,Moderate
Guwahati,2020-03-25,0.55,16.54,24.63,195.0,Moderate
Guwahati,2020-03-26,0.62,18.2,23.28,238.0,Poor
Guwahati,2020-03-27,0.7,20.0,23.58,270.0,Poor
Guwahati,2020-03-28,0.67,19.07,14.9,298.0,Poor
Guwahati,2020-03-29,0.09,11.88,5.65,176.0,Moderate
Guwahati,2020-03-30,0.27,12.16,17.44,169.0,Moderate
Guwahati,2020-03-31,0.92,15.72,30.83,201.0,Poor
Guwahati,2020-04-01,0.98,19.62,26.92,307.0,Very Poor
Guwahati,2020-04-02,0.78,20.71,16.05,315.0,Very Poor
Guwahati,2020-04-03,0.47,14.09,14.11,275.0,Poor
Guwahati,2020-04-04,0.49,12.91,20.73,222.0,Poor
Guwahati,2020-04-05,0.46,10.25,15.72,158.0,Moderate
Guwahati,2020-04-06,0.45,8.04,15.17,162.0,Moderate
Guwahati,2020-04-07,0.34,6.82,6.98,152.0,Moderate
Guwahati,2020-04-08,0.38,4.23,13.87,198.0,Moderate
Guwahati,2020-04-09,0.36,3.57,7.41,154.0,Moderate
Guwahati,2020-04-10,0.19,6.05,6.41,104.0,Moderate
Guwahati,2020-04-11,0.58,11.7,9.42,104.0,Moderate
Guwahati,2020-04-12,0.89,24.53,8.34,169.0,Moderate
Guwahati,2020-04-13,1.01,31.06,11.14,200.0,Moderate
Guwahati,2020-04-14,1.03,38.13,10.97,266.0,Poor
Guwahati,2020-04-15,0.83,38.23,10.71,254.0,Poor
Guwahati,2020-04-16,0.41,28.31,6.46,109.0,Moderate
Guwahati,2020-04-17,0.3,27.97,6.6,51.0,Satisfactory
Guwahati,2020-04-18,0.33,23.01,6.67,45.0,Good
Guwahati,2020-04-19,0.45,25.38,5.59,38.0,Good
Guwahati,2020-04-20,0.38,20.35,6.69,62.0,Satisfactory
Guwahati,2020-04-21,0.34,11.71,5.79,45.0,Good
Guwahati,2020-04-22,0.39,9.66,6.81,40.0,Good
Guwahati,2020-04-23,0.38,10.16,7.14,46.0,Good
Guwahati,2020-04-24,0.25,6.01,3.45,55.0,Satisfactory
Guwahati,2020-04-25,0.25,3.34,3.81,54.0,Satisfactory
Guwahati,2020-04-26,0.35,2.57,6.56,50.0,Good
Guwahati,2020-04-27,0.42,2.47,10.71,50.0,Good
Guwahati,2020-04-28,0.4,3.96,9.0,52.0,Satisfactory
Guwahati,2020-04-29,0.42,3.46,7.14,51.0,Satisfactory
Guwahati,2020-04-30,0.39,4.63,7.68,47.0,Good
Guwahati,2020-05-01,0.41,4.28,7.83,46.0,Good
Guwahati,2020-05-02,0.38,3.93,12.37,45.0,Good
Guwahati,2020-05-03,0.33,3.86,7.04,55.0,Satisfactory
Guwahati,2020-05-04,0.42,3.41,10.84,51.0,Satisfactory
Guwahati,2020-05-05,0.39,5.28,9.76,49.0,Good
Guwahati,2020-05-06,0.36,5.87,7.34,44.0,Good
Guwahati,2020-05-07,0.38,4.52,7.21,39.0,Good
Guwahati,2020-05-08,0.4,5.86,12.02,45.0,Good
Guwahati,2020-05-09,0.41,7.1,13.77,68.0,Satisfactory
Guwahati,2020-05-10,0.51,7.78,18.13,75.0,Satisfactory
Guwahati,2020-05-11,0.58,7.97,23.76,72.0,Satisfactory
Guwahati,2020-05-12,0.6,10.77,15.35,90.0,Satisfactory
Guwahati,2020-05-13,0.4,6.8,11.16,54.0,Satisfactory
Guwahati,2020-05-14,0.37,3.9,9.36,43.0,Good
Guwahati,2020-05-15,0.37,3.82,6.52,43.0,Good
Guwahati,2020-05-16,0.34,3.44,5.69,41.0,Good
Guwahati,2020-05-17,0.35,3.68,9.57,49.0,Good
Guwahati,2020-05-18,0.53,3.77,19.51,50.0,Good
Guwahati,2020-05-19,1.2,5.4,19.87,86.0,Satisfactory
Guwahati,2020-05-20,0.73,9.72,12.62,89.0,Satisfactory
Guwahati,2020-05-21,0.26,4.46,9.51,47.0,Good
Guwahati,2020-05-22,0.26,1.12,5.04,45.0,Good
Guwahati,2020-05-23,0.38,1.34,6.8,38.0,Good
Guwahati,2020-05-24,0.4,1.33,6.31,33.0,Good
Guwahati,2020-05-25,0.43,2.7,10.22,34.0,Good
Guwahati,2020-05-26,0.34,4.3,5.95,45.0,Good
Guwahati,2020-05-27,0.34,2.44,9.54,53.0,Satisfactory
Guwahati,2020-05-28,0.37,0.86,6.03,53.0,Satisfactory
Guwahati,2020-05-29,0.4,1.41,8.68,55.0,Satisfactory
Guwahati,2020-05-30,0.42,2.23,11.33,51.0,Satisfactory
Guwahati,2020-05-31,0.56,2.61,11.2,47.0,Good
Guwahati,2020-06-01,0.57,2.69,11.03,57.0,Satisfactory
Guwahati,2020-06-02,0.5,3.67,6.54,50.0,Good
Guwahati,2020-06-03,0.41,3.75,8.21,56.0,Satisfactory
Guwahati,2020-06-04,0.32,1.61,4.28,47.0,Good
Guwahati,2020-06-05,0.38,1.3,6.29,42.0,Good
Guwahati,2020-06-06,0.39,1.38,6.97,37.0,Good
Guwahati,2020-06-07,0.41,1.22,6.8,30.0,Good
Guwahati,2020-06-08,0.47,3.03,8.0,39.0,Good
Guwahati,2020-06-09,0.49,4.27,8.33,53.0,Satisfactory
Guwahati,2020-06-10,0.68,4.95,18.6,63.0,Satisfactory
Guwahati,2020-06-11,0.65,5.16,14.8,85.0,Satisfactory
Guwahati,2020-06-12,0.48,3.71,11.08,39.0,Good
Guwahati,2020-06-13,0.46,2.37,10.19,45.0,Good
Guwahati,2020-06-14,0.4,1.65,10.51,31.0,Good
Guwahati,2020-06-15,0.36,1.84,8.73,31.0,Good
Guwahati,2020-06-16,0.4,1.6,9.27,34.0,Good
Guwahati,2020-06-17,0.31,0.72,6.26,35.0,Good
Guwahati,2020-06-18,0.31,0.91,5.42,31.0,Good
Guwahati,2020-06-19,0.38,2.92,5.73,30.0,Good
Guwahati,2020-06-20,0.52,4.15,10.26,35.0,Good
Guwahati,2020-06-21,0.46,3.76,7.49,46.0,Good
Guwahati,2020-06-22,0.56,4.03,10.55,41.0,Good
Guwahati,2020-06-23,0.4,3.84,6.61,46.0,Good
Guwahati,2020-06-24,0.4,3.13,5.43,36.0,Good
Guwahati,2020-06-25,0.46,4.47,12.57,37.0,Good
Guwahati,2020-06-26,0.48,4.08,7.72,35.0,Good
Guwahati,2020-06-27,0.51,2.85,8.37,35.0,Good
Guwahati,2020-06-28,0.44,2.32,8.12,36.0,Good
Guwahati,2020-06-29,0.46,3.51,6.38,48.0,Good
Guwahati,2020-06-30,0.43,3.38,5.11,39.0,Good
Guwahati,2020-07-01,0.61,5.02,6.59,36.0,Good
Hyderabad,2015-09-08,0.48,24.94,28.93,179.0,Moderate
Hyderabad,2015-09-09,0.57,24.81,31.15,162.0,Moderate
Hyderabad,2015-09-10,0.73,24.8,28.96,76.0,Satisfactory
Hyderabad,2015-09-11,0.53,25.86,30.64,140.0,Moderate
Hyderabad,2015-09-12,0.57,24.78,26.03,128.0,Moderate
Hyderabad,2015-09-13,0.49,21.68,19.82,164.0,Moderate
Hyderabad,2015-09-14,0.57,21.4,19.94,169.0,Moderate
Hyderabad,2015-09-15,0.59,22.34,20.0,189.0,Moderate
Hyderabad,2015-09-16,0.39,20.69,18.53,142.0,Moderate
Hyderabad,2015-09-17,0.41,20.92,12.01,112.0,Moderate
Hyderabad,2015-10-01,0.64,27.65,21.65,340.0,Very Poor
Hyderabad,2015-10-02,0.6,20.45,25.94,125.0,Moderate
Hyderabad,2015-10-03,0.64,18.05,20.11,75.0,Satisfactory
Hyderabad,2015-10-04,1.22,14.41,17.81,85.0,Satisfactory
Hyderabad,2015-10-05,0.93,15.02,16.05,113.0,Moderate
Hyderabad,2015-10-06,0.66,8.62,11.76,231.0,Poor
Hyderabad,2015-10-07,0.8,7.44,6.52,246.0,Poor
Hyderabad,2015-10-08,0.71,11.73,7.43,244.0,Poor
Hyderabad,2015-10-09,1.03,7.42,7.93,316.0,Very Poor
Hyderabad,2015-10-10,1.09,7.43,2.3,219.0,Poor
Hyderabad,2015-10-11,0.97,7.42,2.28,117.0,Moderate
Hyderabad,2015-10-12,1.43,7.44,2.56,182.0,Moderate
Hyderabad,2015-10-13,1.35,7.43,3.46,125.0,Moderate
Hyderabad,2015-10-14,1.06,7.44,6.46,189.0,Moderate
Hyderabad,2015-10-15,1.31,7.41,3.91,272.0,Poor
Hyderabad,2015-10-16,0.87,7.46,1.87,266.0,Poor
Hyderabad,2015-10-17,0.78,7.42,1.17,230.0,Poor
Hyderabad,2015-10-18,0.61,7.44,0.95,210.0,Poor
Hyderabad,2015-10-19,0.95,9.27,1.05,118.0,Moderate
Hyderabad,2015-10-20,1.05,11.14,2.84,179.0,Moderate
Hyderabad,2015-10-21,1.25,11.18,3.3,212.0,Poor
Hyderabad,2015-10-22,0.62,11.18,1.94,156.0,Moderate
Hyderabad,2015-10-23,0.41,11.18,1.33,191.0,Moderate
Hyderabad,2015-10-24,1.05,11.17,0.85,185.0,Moderate
Hyderabad,2015-10-25,0.86,11.17,0.74,235.0,Poor
Hyderabad,2015-10-26,0.84,11.18,0.74,210.0,Poor
Hyderabad,2015-10-27,1.34,11.15,0.73,226.0,Poor
Hyderabad,2015-10-28,1.28,11.17,0.67,227.0,Poor
Hyderabad,2015-10-29,1.08,11.16,0.64,216.0,Poor
Hyderabad,2015-10-30,1.09,10.78,0.62,487.0,Severe
Hyderabad,2015-10-31,0.94,11.2,0.65,502.0,Severe
Hyderabad,2015-11-01,1.02,12.02,0.71,188.0,Moderate
Hyderabad,2015-11-02,1.15,11.97,0.71,106.0,Moderate
Hyderabad,2015-11-03,0.96,11.93,1.18,120.0,Moderate
Hyderabad,2015-11-04,0.99,11.75,1.72,130.0,Moderate
Hyderabad,2015-11-05,0.96,12.04,4.47,103.0,Moderate
Hyderabad,2015-11-06,1.53,12.06,14.73,179.0,Moderate
Hyderabad,2015-11-07,0.93,11.96,14.84,206.0,Poor
Hyderabad,2015-11-08,1.24,12.03,10.48,145.0,Moderate
Hyderabad,2015-11-09,0.59,11.98,15.98,114.0,Moderate
Hyderabad,2015-11-10,0.55,11.93,18.54,129.0,Moderate
Hyderabad,2015-11-11,0.78,11.96,17.0,135.0,Moderate
Hyderabad,2015-11-12,0.61,11.91,19.56,275.0,Poor
Hyderabad,2015-11-13,0.61,11.7,15.59,157.0,Moderate
Hyderabad,2015-11-14,1.19,9.85,15.61,131.0,Moderate
Hyderabad,2015-11-15,1.2,2.5,16.18,144.0,Moderate
Hyderabad,2015-11-16,1.06,3.52,10.53,130.0,Moderate
Hyderabad,2015-11-17,0.81,6.01,6.38,128.0,Moderate
Hyderabad,2015-11-18,0.84,5.94,6.58,102.0,Moderate
Hyderabad,2015-11-19,0.89,5.96,5.1,110.0,Moderate
Hyderabad,2015-11-20,0.94,5.97,6.96,86.0,Satisfactory
Hyderabad,2015-11-21,0.93,6.83,9.18,92.0,Satisfactory
Hyderabad,2015-11-22,1.25,10.08,7.21,121.0,Moderate
Hyderabad,2015-11-23,0.76,9.44,7.92,97.0,Satisfactory
Hyderabad,2015-11-24,0.92,8.95,10.51,102.0,Moderate
Hyderabad,2015-11-25,1.1,8.87,15.65,119.0,Moderate
Hyderabad,2015-11-26,1.4,8.95,21.0,199.0,Moderate
Hyderabad,2015-11-27,1.1,8.93,16.36,172.0,Moderate
Hyderabad,2015-11-28,1.01,8.6,11.75,172.0,Moderate
Hyderabad,2015-11-29,0.97,8.95,9.39,164.0,Moderate
Hyderabad,2015-11-30,0.92,8.93,8.74,119.0,Moderate
Hyderabad,2015-12-01,0.93,8.94,10.07,101.0,Moderate
Hyderabad,2015-12-02,0.87,9.32,10.13,95.0,Satisfactory
Hyderabad,2015-12-03,0.85,10.45,17.38,99.0,Satisfactory
Hyderabad,2015-12-04,1.28,9.3,19.75,120.0,Moderate
Hyderabad,2015-12-05,1.04,10.39,16.02,127.0,Moderate
Hyderabad,2015-12-07,1.17,10.53,22.09,160.0,Moderate
Hyderabad,2015-12-08,1.14,10.43,17.02,147.0,Moderate
Hyderabad,2015-12-09,1.12,10.35,16.7,137.0,Moderate
Hyderabad,2015-12-10,1.11,10.5,16.6,120.0,Moderate
Hyderabad,2015-12-11,0.91,10.5,12.14,101.0,Moderate
Hyderabad,2015-12-12,1.18,10.48,13.9,111.0,Moderate
Hyderabad,2015-12-13,0.86,10.46,9.76,124.0,Moderate
Hyderabad,2015-12-14,0.81,10.43,10.89,102.0,Moderate
Hyderabad,2015-12-15,0.89,10.53,14.83,100.0,Satisfactory
Hyderabad,2015-12-16,0.85,10.54,12.81,101.0,Moderate
Hyderabad,2015-12-17,0.8,10.55,12.47,92.0,Satisfactory
Hyderabad,2015-12-18,0.94,10.46,12.44,98.0,Satisfactory
Hyderabad,2015-12-19,1.03,10.41,13.32,101.0,Moderate
Hyderabad,2015-12-20,0.88,10.49,8.87,104.0,Moderate
Hyderabad,2015-12-21,0.6,10.49,11.64,93.0,Satisfactory
Hyderabad,2015-12-22,0.92,10.38,13.39,102.0,Moderate
Hyderabad,2015-12-23,0.8,10.42,12.88,115.0,Moderate
Hyderabad,2015-12-24,0.99,10.42,11.42,113.0,Moderate
Hyderabad,2015-12-25,0.91,10.42,8.91,142.0,Moderate
Hyderabad,2015-12-26,1.26,10.35,12.23,174.0,Moderate
Hyderabad,2015-12-27,1.26,10.38,14.89,176.0,Moderate
Hyderabad,2015-12-28,1.57,10.43,21.23,148.0,Moderate
Hyderabad,2015-12-29,1.52,10.35,27.59,147.0,Moderate
Hyderabad,2015-12-30,1.71,10.51,29.6,171.0,Moderate
Hyderabad,2015-12-31,1.73,10.46,25.5,213.0,Poor
Hyderabad,2016-01-01,1.45,10.58,17.35,387.0,Very Poor
Hyderabad,2016-01-02,1.15,10.46,16.6,211.0,Poor
Hyderabad,2016-01-03,1.23,10.35,15.35,145.0,Moderate
Hyderabad,2016-01-04,1.27,10.52,15.94,177.0,Moderate
Hyderabad,2016-01-05,1.21,10.55,16.65,218.0,Poor
Hyderabad,2016-01-06,1.33,10.53,19.71,205.0,Poor
Hyderabad,2016-01-07,0.93,10.52,13.35,195.0,Moderate
Hyderabad,2016-01-08,1.14,10.43,18.17,145.0,Moderate
Hyderabad,2016-01-09,1.26,10.47,20.69,228.0,Poor
Hyderabad,2016-01-10,1.17,10.44,19.99,200.0,Moderate
Hyderabad,2016-01-11,1.21,10.47,19.87,159.0,Moderate
Hyderabad,2016-01-12,1.39,10.33,22.42,219.0,Poor
Hyderabad,2016-01-13,1.22,10.43,21.93,257.0,Poor
Hyderabad,2016-01-14,0.91,10.44,13.38,216.0,Poor
Hyderabad,2016-01-15,0.73,10.4,7.15,155.0,Moderate
Hyderabad,2016-01-16,0.93,10.42,9.91,148.0,Moderate
Hyderabad,2016-01-17,1.05,10.39,8.61,161.0,Moderate
Hyderabad,2016-01-18,0.78,10.41,9.64,171.0,Moderate
Hyderabad,2016-01-19,0.74,10.42,9.39,152.0,Moderate
Hyderabad,2016-01-20,1.02,10.51,12.5,128.0,Moderate
Hyderabad,2016-01-21,0.78,10.39,10.2,147.0,Moderate
Hyderabad,2016-01-22,0.92,10.42,10.0,117.0,Moderate
Hyderabad,2016-01-23,0.99,10.5,13.23,118.0,Moderate
Hyderabad,2016-01-24,0.89,10.59,10.36,149.0,Moderate
Hyderabad,2016-01-25,1.25,10.58,6.65,148.0,Moderate
Hyderabad,2016-01-26,0.98,10.42,2.7,120.0,Moderate
Hyderabad,2016-01-27,0.81,10.44,2.75,133.0,Moderate
Hyderabad,2016-01-28,1.24,10.45,2.59,117.0,Moderate
Hyderabad,2016-01-29,1.76,10.4,3.01,112.0,Moderate
Hyderabad,2016-01-30,1.94,10.4,2.88,110.0,Moderate
Hyderabad,2016-01-31,1.32,10.42,2.87,139.0,Moderate
Hyderabad,2016-02-01,1.43,10.5,2.76,136.0,Moderate
Hyderabad,2016-02-02,0.86,10.52,2.9,120.0,Moderate
Hyderabad,2016-02-03,1.73,10.51,3.04,112.0,Moderate
Hyderabad,2016-02-04,1.25,10.57,8.26,108.0,Moderate
Hyderabad,2016-02-05,0.98,10.61,13.49,174.0,Moderate
Hyderabad,2016-02-06,1.12,10.57,10.58,137.0,Moderate
Hyderabad,2016-02-07,0.92,10.28,8.97,121.0,Moderate
Hyderabad,2016-02-08,0.86,10.42,10.01,134.0,Moderate
Hyderabad,2016-02-09,1.02,10.38,11.19,149.0,Moderate
Hyderabad,2016-02-10,0.92,10.28,12.15,137.0,Moderate
Hyderabad,2016-02-11,0.92,10.45,10.13,124.0,Moderate
Hyderabad,2016-02-12,0.68,10.28,10.43,122.0,Moderate
Hyderabad,2016-02-13,0.89,10.39,10.25,120.0,Moderate
Hyderabad,2016-02-14,0.94,10.3,7.93,120.0,Moderate
Hyderabad,2016-02-15,0.67,10.28,9.52,116.0,Moderate
Hyderabad,2016-02-16,1.1,9.8,9.96,123.0,Moderate
Hyderabad,2016-02-17,0.93,10.49,12.95,95.0,Satisfactory
Hyderabad,2016-02-18,0.99,10.47,11.18,102.0,Moderate
Hyderabad,2016-02-19,1.06,10.57,12.82,100.0,Satisfactory
Hyderabad,2016-02-20,1.22,10.49,17.14,134.0,Moderate
Hyderabad,2016-02-21,1.57,10.53,19.14,442.0,Severe
Hyderabad,2016-02-22,1.17,10.47,16.83,510.0,Severe
Hyderabad,2016-02-23,0.82,10.46,10.53,235.0,Poor
Hyderabad,2016-02-24,0.79,10.42,9.25,115.0,Moderate
Hyderabad,2016-02-25,0.9,10.48,10.41,113.0,Moderate
Hyderabad,2016-02-26,0.89,10.4,7.94,109.0,Moderate
Hyderabad,2016-02-27,0.87,10.31,8.1,100.0,Satisfactory
Hyderabad,2016-02-28,0.79,10.32,9.6,99.0,Satisfactory
Hyderabad,2016-02-29,0.92,10.39,9.41,98.0,Satisfactory
Hyderabad,2016-03-01,0.88,10.29,8.86,102.0,Moderate
Hyderabad,2016-03-02,1.08,10.26,10.22,106.0,Moderate
Hyderabad,2016-03-03,1.0,10.21,12.11,110.0,Moderate
Hyderabad,2016-03-04,1.08,10.27,12.41,117.0,Moderate
Hyderabad,2016-03-05,1.1,10.37,12.36,129.0,Moderate
Hyderabad,2016-03-06,0.87,10.16,10.03,118.0,Moderate
Hyderabad,2016-03-07,0.77,10.3,8.1,100.0,Satisfactory
Hyderabad,2016-03-08,0.75,10.33,9.64,98.0,Satisfactory
Hyderabad,2016-03-09,1.33,10.29,13.18,118.0,Moderate
Hyderabad,2016-03-10,1.14,10.27,15.99,121.0,Moderate
Hyderabad,2016-03-11,1.11,10.31,16.48,117.0,Moderate
Hyderabad,2016-03-12,0.96,10.33,13.84,135.0,Moderate
Hyderabad,2016-03-13,0.82,10.27,8.84,121.0,Moderate
Hyderabad,2016-03-14,0.86,10.26,8.98,126.0,Moderate
Hyderabad,2016-03-15,0.85,10.29,8.51,109.0,Moderate
Hyderabad,2016-03-16,0.83,10.11,13.73,106.0,Moderate
Hyderabad,2016-03-19,1.01,9.14,2.57,95.0,Satisfactory
Hyderabad,2016-03-20,1.37,10.32,2.69,111.0,Moderate
Hyderabad,2016-03-21,1.66,10.22,3.0,112.0,Moderate
Hyderabad,2016-03-22,1.53,10.4,3.09,121.0,Moderate
Hyderabad,2016-03-23,1.68,10.39,14.08,123.0,Moderate
Hyderabad,2016-03-24,0.85,10.31,10.41,160.0,Moderate
Hyderabad,2016-03-25,1.01,10.34,11.53,151.0,Moderate
Hyderabad,2016-03-26,0.91,10.35,11.4,134.0,Moderate
Hyderabad,2016-03-27,1.0,10.29,9.86,141.0,Moderate
Hyderabad,2016-03-28,1.18,10.31,9.19,138.0,Moderate
Hyderabad,2016-03-29,1.12,10.12,11.1,123.0,Moderate
Hyderabad,2016-03-30,1.13,10.16,11.15,125.0,Moderate
Hyderabad,2016-03-31,0.66,10.31,10.39,92.0,Satisfactory
Hyderabad,2016-04-01,0.9,10.47,11.52,103.0,Moderate
Hyderabad,2016-04-04,1.21,28.56,24.81,146.0,Moderate
Hyderabad,2016-04-05,0.86,26.16,34.56,103.0,Moderate
Hyderabad,2016-04-06,1.5,22.29,33.59,117.0,Moderate
Hyderabad,2016-04-07,0.96,22.34,31.94,120.0,Moderate
Hyderabad,2016-04-08,0.8,20.01,35.11,88.0,Satisfactory
Hyderabad,2016-04-09,0.87,19.59,32.42,77.0,Satisfactory
Hyderabad,2016-04-10,0.82,17.59,34.6,79.0,Satisfactory
Hyderabad,2016-04-11,1.24,18.48,34.5,99.0,Satisfactory
Hyderabad,2016-04-12,1.61,19.29,34.56,117.0,Moderate
Hyderabad,2016-04-13,1.24,22.54,31.16,116.0,Moderate
Hyderabad,2016-04-14,1.2,25.98,37.0,131.0,Moderate
Hyderabad,2016-04-15,0.83,23.21,23.02,121.0,Moderate
Hyderabad,2016-04-16,1.05,21.43,21.28,125.0,Moderate
Hyderabad,2016-04-17,0.97,21.25,20.25,151.0,Moderate
Hyderabad,2016-04-18,1.2,22.27,28.92,139.0,Moderate
Hyderabad,2016-04-19,1.1,20.13,27.73,107.0,Moderate
Hyderabad,2016-04-20,1.02,22.38,33.13,105.0,Moderate
Hyderabad,2016-04-21,1.3,23.69,33.5,120.0,Moderate
Hyderabad,2016-04-22,1.06,22.04,41.0,100.0,Satisfactory
Hyderabad,2016-04-23,0.6,18.78,21.79,101.0,Moderate
Hyderabad,2016-04-26,0.17,34.24,44.83,102.0,Moderate
Hyderabad,2016-04-27,0.9,38.48,34.44,129.0,Moderate
Hyderabad,2016-04-28,0.51,31.97,34.53,110.0,Moderate
Hyderabad,2016-04-29,0.48,33.59,32.79,99.0,Satisfactory
Hyderabad,2016-04-30,0.47,33.19,31.35,100.0,Satisfactory
Hyderabad,2016-05-01,0.49,29.73,31.1,108.0,Moderate
Hyderabad,2016-05-02,0.43,23.99,26.57,104.0,Moderate
Hyderabad,2016-05-03,0.71,30.58,35.95,116.0,Moderate
Hyderabad,2016-05-04,0.38,44.38,20.72,92.0,Satisfactory
Hyderabad,2016-05-05,0.39,28.44,29.21,67.0,Satisfactory
Hyderabad,2016-05-06,0.7,48.05,44.45,72.0,Satisfactory
Hyderabad,2016-05-07,1.08,59.64,59.85,90.0,Satisfactory
Hyderabad,2016-05-08,1.65,78.57,35.16,156.0,Moderate
Hyderabad,2016-05-09,1.27,35.16,33.2,167.0,Moderate
Hyderabad,2016-05-10,1.27,34.26,44.42,105.0,Moderate
Hyderabad,2016-05-11,1.42,31.42,51.24,105.0,Moderate
Hyderabad,2016-05-12,1.66,30.83,46.69,135.0,Moderate
Hyderabad,2016-05-13,0.94,29.29,38.21,110.0,Moderate
Hyderabad,2016-05-14,0.9,30.57,35.88,110.0,Moderate
Hyderabad,2016-05-15,0.82,28.73,25.0,95.0,Satisfactory
Hyderabad,2016-05-16,0.79,27.59,29.68,92.0,Satisfactory
Hyderabad,2016-05-17,0.69,31.26,28.72,83.0,Satisfactory
Hyderabad,2016-05-18,0.84,29.08,28.29,84.0,Satisfactory
Hyderabad,2016-05-19,0.65,26.92,26.2,86.0,Satisfactory
Hyderabad,2016-05-20,0.6,39.66,19.21,92.0,Satisfactory
Hyderabad,2016-05-21,0.48,34.21,16.81,105.0,Moderate
Hyderabad,2016-05-22,0.67,22.35,22.97,93.0,Satisfactory
Hyderabad,2016-05-23,0.58,20.06,22.26,95.0,Satisfactory
Hyderabad,2016-05-24,0.63,20.42,24.79,87.0,Satisfactory
Hyderabad,2016-05-25,0.59,20.86,23.86,104.0,Moderate
Hyderabad,2016-05-26,0.52,21.38,22.65,147.0,Moderate
Hyderabad,2016-05-27,0.51,18.67,19.09,85.0,Satisfactory
Hyderabad,2016-05-28,0.53,19.2,20.32,80.0,Satisfactory
Hyderabad,2016-05-29,0.57,18.94,21.04,85.0,Satisfactory
Hyderabad,2016-08-09,0.68,12.11,8.99,86.0,Satisfactory
Hyderabad,2016-08-10,0.45,12.28,8.64,84.0,Satisfactory
Hyderabad,2016-08-11,0.44,11.83,9.11,63.0,Satisfactory
Hyderabad,2016-09-02,0.39,31.07,44.71,87.0,Satisfactory
Hyderabad,2016-09-03,0.45,15.31,57.09,78.0,Satisfactory
Hyderabad,2016-09-04,0.07,44.05,46.21,49.0,Good
Hyderabad,2016-09-06,0.27,36.24,74.51,85.0,Satisfactory
Hyderabad,2016-09-07,0.39,32.48,84.52,97.0,Satisfactory
Hyderabad,2016-09-08,0.2,27.66,78.74,93.0,Satisfactory
Hyderabad,2016-09-10,0.37,22.62,78.98,92.0,Satisfactory
Hyderabad,2016-09-11,0.32,26.24,70.69,66.0,Satisfactory
Hyderabad,2016-09-12,0.28,16.75,59.25,65.0,Satisfactory
Hyderabad,2016-09-13,0.31,19.98,42.07,66.0,Satisfactory
Hyderabad,2016-09-14,0.13,12.34,42.44,55.0,Satisfactory
Hyderabad,2016-09-15,0.15,15.62,46.68,70.0,Satisfactory
Hyderabad,2016-09-16,0.27,38.51,35.0,59.0,Satisfactory
Hyderabad,2016-09-20,0.25,6.56,31.44,62.0,Satisfactory
Hyderabad,2016-09-21,0.11,16.51,38.08,52.0,Satisfactory
Hyderabad,2016-09-22,0.1,9.41,37.98,52.0,Satisfactory
Hyderabad,2016-09-23,0.09,28.86,43.87,34.0,Good
Hyderabad,2016-09-25,0.17,31.24,43.64,66.0,Satisfactory
Hyderabad,2016-09-26,0.24,32.74,49.62,82.0,Satisfactory
Hyderabad,2016-09-27,0.3,18.67,51.19,78.0,Satisfactory
Hyderabad,2016-09-28,0.11,12.5,57.36,86.0,Satisfactory
Hyderabad,2016-09-29,0.17,16.89,53.2,100.0,Satisfactory
Hyderabad,2016-09-30,0.01,11.83,45.98,103.0,Moderate
Hyderabad,2016-10-01,0.24,25.01,42.12,70.0,Satisfactory
Hyderabad,2016-10-02,0.11,19.43,41.65,55.0,Satisfactory
Hyderabad,2016-10-03,0.19,17.95,26.93,72.0,Satisfactory
Hyderabad,2016-10-04,0.03,9.0,42.12,47.0,Good
Hyderabad,2016-10-05,0.07,12.28,35.58,73.0,Satisfactory
Hyderabad,2016-10-06,0.1,14.01,47.47,56.0,Satisfactory
Hyderabad,2016-10-07,0.2,10.52,40.95,63.0,Satisfactory
Hyderabad,2016-10-08,0.08,11.07,39.15,55.0,Satisfactory
Hyderabad,2016-10-09,0.05,11.22,45.99,65.0,Satisfactory
Hyderabad,2016-10-12,0.43,15.37,45.48,106.0,Moderate
Hyderabad,2016-10-13,0.65,21.18,63.89,104.0,Moderate
Hyderabad,2016-10-14,0.62,31.36,73.13,97.0,Satisfactory
Hyderabad,2016-10-15,0.59,27.21,61.79,97.0,Satisfactory
Hyderabad,2016-10-16,0.79,31.41,75.39,108.0,Moderate
Hyderabad,2016-10-17,0.53,28.7,87.44,100.0,Satisfactory
Hyderabad,2016-10-18,0.59,26.25,92.33,97.0,Satisfactory
Hyderabad,2016-10-19,0.97,29.97,75.82,103.0,Moderate
Hyderabad,2016-10-20,0.81,29.1,77.75,104.0,Moderate
Hyderabad,2016-10-21,0.51,39.49,71.09,102.0,Moderate
Hyderabad,2016-10-22,0.39,53.38,79.11,104.0,Moderate
Hyderabad,2016-10-23,0.55,54.55,86.29,111.0,Moderate
Hyderabad,2016-10-24,0.3,34.59,66.72,107.0,Moderate
Hyderabad,2016-10-25,0.38,30.24,68.11,114.0,Moderate
Hyderabad,2016-10-26,0.33,47.92,60.83,107.0,Moderate
Hyderabad,2016-10-27,0.33,45.17,50.97,117.0,Moderate
Hyderabad,2016-10-28,0.38,39.85,41.2,116.0,Moderate
Hyderabad,2016-10-29,0.5,42.24,49.76,130.0,Moderate
Hyderabad,2016-10-30,0.33,27.36,25.39,129.0,Moderate
Hyderabad,2016-10-31,0.54,26.1,24.36,106.0,Moderate
Hyderabad,2016-11-01,0.57,24.59,35.18,118.0,Moderate
Hyderabad,2016-11-02,0.35,21.5,22.8,134.0,Moderate
Hyderabad,2016-11-03,0.35,20.77,23.49,104.0,Moderate
Hyderabad,2016-11-04,0.36,9.27,13.74,113.0,Moderate
Hyderabad,2016-11-05,0.26,12.51,31.41,151.0,Moderate
Hyderabad,2016-11-06,0.36,13.96,25.01,119.0,Moderate
Hyderabad,2016-11-07,0.35,22.83,18.35,124.0,Moderate
Hyderabad,2016-11-08,0.47,25.37,36.85,112.0,Moderate
Hyderabad,2016-11-09,0.45,24.24,42.02,147.0,Moderate
Hyderabad,2016-11-10,0.45,36.33,56.07,144.0,Moderate
Hyderabad,2016-11-11,0.92,33.77,52.96,129.0,Moderate
Hyderabad,2016-11-12,0.61,39.06,53.12,152.0,Moderate
Hyderabad,2016-11-13,0.64,30.06,48.17,163.0,Moderate
Hyderabad,2016-11-14,0.74,31.45,45.51,122.0,Moderate
Hyderabad,2016-11-15,0.54,27.89,35.21,125.0,Moderate
Hyderabad,2016-11-16,0.59,31.12,36.72,140.0,Moderate
Hyderabad,2016-11-17,0.49,33.57,38.09,104.0,Moderate
Hyderabad,2016-11-18,0.45,29.05,41.53,133.0,Moderate
Hyderabad,2016-11-19,0.52,36.62,58.71,141.0,Moderate
Hyderabad,2016-11-20,0.57,33.56,63.32,122.0,Moderate
Hyderabad,2016-11-21,0.51,38.92,59.47,105.0,Moderate
Hyderabad,2016-11-22,0.5,38.16,65.82,98.0,Satisfactory
Hyderabad,2016-11-23,0.52,37.16,51.12,124.0,Moderate
Hyderabad,2016-11-24,0.64,30.2,60.39,162.0,Moderate
Hyderabad,2016-11-25,0.59,23.54,37.87,136.0,Moderate
Hyderabad,2016-11-26,0.55,5.08,8.25,109.0,Moderate
Hyderabad,2016-11-27,0.5,3.64,5.3,106.0,Moderate
Hyderabad,2016-11-28,0.49,4.08,5.31,105.0,Moderate
Hyderabad,2016-11-29,0.3,16.48,27.3,113.0,Moderate
Hyderabad,2016-11-30,0.43,41.11,72.0,100.0,Satisfactory
Hyderabad,2016-12-01,0.38,31.73,54.03,103.0,Moderate
Hyderabad,2016-12-02,0.17,35.72,54.28,96.0,Satisfactory
Hyderabad,2016-12-03,0.28,23.13,38.29,112.0,Moderate
Hyderabad,2016-12-04,0.41,21.32,40.89,94.0,Satisfactory
Hyderabad,2016-12-05,0.49,28.38,46.01,112.0,Moderate
Hyderabad,2016-12-06,0.46,27.81,43.82,115.0,Moderate
Hyderabad,2016-12-07,0.32,28.78,58.31,109.0,Moderate
Hyderabad,2016-12-08,0.36,31.26,64.12,110.0,Moderate
Hyderabad,2016-12-09,0.29,17.46,60.81,126.0,Moderate
Hyderabad,2016-12-10,0.38,24.41,60.63,117.0,Moderate
Hyderabad,2016-12-11,0.37,34.77,68.61,104.0,Moderate
Hyderabad,2016-12-12,0.45,26.45,58.18,103.0,Moderate
Hyderabad,2016-12-13,0.26,30.9,55.27,105.0,Moderate
Hyderabad,2016-12-14,0.28,19.33,27.18,82.0,Satisfactory
Hyderabad,2016-12-15,0.25,26.91,49.45,96.0,Satisfactory
Hyderabad,2016-12-16,0.28,27.7,48.99,133.0,Moderate
Hyderabad,2016-12-17,0.47,31.24,60.92,117.0,Moderate
Hyderabad,2016-12-18,0.33,36.11,62.77,96.0,Satisfactory
Hyderabad,2016-12-19,0.32,31.03,65.8,102.0,Moderate
Hyderabad,2016-12-20,0.34,34.35,67.81,117.0,Moderate
Hyderabad,2016-12-21,0.42,29.32,73.32,106.0,Moderate
Hyderabad,2016-12-22,0.36,42.78,67.71,102.0,Moderate
Hyderabad,2016-12-23,0.33,26.75,67.78,101.0,Moderate
Hyderabad,2016-12-24,0.43,31.14,70.51,104.0,Moderate
Hyderabad,2016-12-25,0.51,19.36,58.82,106.0,Moderate
Hyderabad,2016-12-26,0.73,36.57,55.26,106.0,Moderate
Hyderabad,2016-12-27,0.74,34.58,69.63,95.0,Satisfactory
Hyderabad,2016-12-28,0.45,35.44,73.53,160.0,Moderate
Hyderabad,2016-12-29,0.48,24.76,58.31,124.0,Moderate
Hyderabad,2016-12-30,0.37,25.35,49.74,160.0,Moderate
Hyderabad,2016-12-31,0.28,18.5,40.04,173.0,Moderate
Hyderabad,2017-01-01,0.25,15.38,39.37,110.0,Moderate
Hyderabad,2017-01-02,0.33,24.87,52.0,103.0,Moderate
Hyderabad,2017-01-03,0.31,18.06,58.68,103.0,Moderate
Hyderabad,2017-01-04,0.15,26.16,58.2,215.0,Poor
Hyderabad,2017-01-05,0.0,36.67,57.6,276.0,Poor
Hyderabad,2017-01-06,0.0,23.85,69.76,158.0,Moderate
Hyderabad,2017-01-07,0.0,16.18,37.49,137.0,Moderate
Hyderabad,2017-01-08,0.0,15.23,34.38,102.0,Moderate
Hyderabad,2017-01-09,0.0,13.47,30.24,96.0,Satisfactory
Hyderabad,2017-01-10,0.0,11.94,36.21,98.0,Satisfactory
Hyderabad,2017-01-11,0.0,19.45,49.71,163.0,Moderate
Hyderabad,2017-01-12,0.0,30.92,55.94,236.0,Poor
Hyderabad,2017-01-13,0.0,26.15,49.01,281.0,Poor
Hyderabad,2017-01-14,0.0,20.75,38.15,183.0,Moderate
Hyderabad,2017-01-15,0.0,17.64,39.02,164.0,Moderate
Hyderabad,2017-01-16,0.0,19.03,52.77,184.0,Moderate
Hyderabad,2017-01-17,0.0,17.53,49.49,133.0,Moderate
Hyderabad,2017-01-18,0.0,14.66,34.26,126.0,Moderate
Hyderabad,2017-01-19,0.0,14.4,38.78,104.0,Moderate
Hyderabad,2017-01-20,0.0,15.32,49.29,150.0,Moderate
Hyderabad,2017-01-21,0.0,18.0,63.8,156.0,Moderate
Hyderabad,2017-01-22,0.0,15.71,49.44,113.0,Moderate
Hyderabad,2017-01-23,0.0,20.72,52.58,156.0,Moderate
Hyderabad,2017-01-24,0.0,19.98,50.58,151.0,Moderate
Hyderabad,2017-01-25,0.0,18.46,47.79,149.0,Moderate
Hyderabad,2017-01-26,0.0,14.62,32.92,132.0,Moderate
Hyderabad,2017-01-27,0.0,15.15,41.9,100.0,Satisfactory
Hyderabad,2017-01-28,0.0,18.29,43.74,115.0,Moderate
Hyderabad,2017-01-29,0.0,28.21,53.72,199.0,Moderate
Hyderabad,2017-01-30,0.0,25.86,60.35,129.0,Moderate
Hyderabad,2017-01-31,0.0,17.73,46.64,110.0,Moderate
Hyderabad,2017-02-01,0.0,16.81,35.7,151.0,Moderate
Hyderabad,2017-02-02,0.0,16.25,37.44,102.0,Moderate
Hyderabad,2017-02-03,0.0,16.49,42.23,113.0,Moderate
Hyderabad,2017-02-04,0.0,17.59,52.03,149.0,Moderate
Hyderabad,2017-02-05,0.0,18.65,45.95,164.0,Moderate
Hyderabad,2017-02-06,0.0,17.5,52.4,118.0,Moderate
Hyderabad,2017-02-07,0.0,26.73,60.66,185.0,Moderate
Hyderabad,2017-02-08,0.0,22.71,51.31,180.0,Moderate
Hyderabad,2017-02-09,0.0,19.35,45.89,161.0,Moderate
Hyderabad,2017-02-10,0.0,15.93,35.98,121.0,Moderate
Hyderabad,2017-02-11,0.0,13.23,27.85,115.0,Moderate
Hyderabad,2017-02-12,0.0,12.49,32.34,78.0,Satisfactory
Hyderabad,2017-02-14,0.0,18.65,35.19,137.0,Moderate
Hyderabad,2017-02-15,0.08,17.52,40.94,123.0,Moderate
Hyderabad,2017-02-16,0.11,22.99,46.28,158.0,Moderate
Hyderabad,2017-02-17,0.28,26.52,46.37,193.0,Moderate
Hyderabad,2017-02-18,0.24,27.44,46.97,179.0,Moderate
Hyderabad,2017-02-19,0.23,31.66,40.25,141.0,Moderate
Hyderabad,2017-02-20,0.25,39.69,35.93,160.0,Moderate
Hyderabad,2017-02-21,0.24,22.19,44.31,128.0,Moderate
Hyderabad,2017-02-22,0.27,30.84,46.93,161.0,Moderate
Hyderabad,2017-02-23,0.28,29.77,48.13,164.0,Moderate
Hyderabad,2017-02-24,0.21,41.8,44.73,183.0,Moderate
Hyderabad,2017-02-25,0.21,47.49,46.49,165.0,Moderate
Hyderabad,2017-02-26,0.22,29.14,44.5,165.0,Moderate
Hyderabad,2017-02-27,0.28,29.39,39.79,179.0,Moderate
Hyderabad,2017-02-28,0.23,40.73,45.33,197.0,Moderate
Hyderabad,2017-03-01,0.24,25.67,38.86,166.0,Moderate
Hyderabad,2017-03-02,0.19,18.51,29.63,147.0,Moderate
Hyderabad,2017-03-03,0.14,17.57,25.79,142.0,Moderate
Hyderabad,2017-03-04,0.16,18.84,25.01,116.0,Moderate
Hyderabad,2017-03-05,0.14,15.43,19.79,102.0,Moderate
Hyderabad,2017-03-06,0.17,17.68,28.0,106.0,Moderate
Hyderabad,2017-03-07,0.14,14.61,17.76,109.0,Moderate
Hyderabad,2017-03-08,0.13,16.96,28.85,124.0,Moderate
Hyderabad,2017-03-09,0.2,24.9,45.09,181.0,Moderate
Hyderabad,2017-03-10,0.12,13.14,24.09,113.0,Moderate
Hyderabad,2017-03-11,0.11,8.95,33.13,108.0,Moderate
Hyderabad,2017-03-12,0.16,15.42,41.87,117.0,Moderate
Hyderabad,2017-03-13,0.21,32.61,42.87,143.0,Moderate
Hyderabad,2017-03-14,0.16,26.41,37.51,161.0,Moderate
Hyderabad,2017-03-15,0.11,13.73,18.26,95.0,Satisfactory
Hyderabad,2017-03-16,0.11,12.84,24.38,76.0,Satisfactory
Hyderabad,2017-03-17,0.16,21.57,45.98,97.0,Satisfactory
Hyderabad,2017-03-18,0.2,33.02,52.24,146.0,Moderate
Hyderabad,2017-03-19,0.19,40.79,54.07,167.0,Moderate
Hyderabad,2017-03-20,0.19,41.5,43.35,144.0,Moderate
Hyderabad,2017-03-21,0.17,33.24,50.59,145.0,Moderate
Hyderabad,2017-03-22,0.17,26.07,52.0,171.0,Moderate
Hyderabad,2017-03-23,0.23,21.52,48.25,175.0,Moderate
Hyderabad,2017-03-24,0.17,19.77,42.79,148.0,Moderate
Hyderabad,2017-03-25,0.19,24.64,41.27,137.0,Moderate
Hyderabad,2017-03-26,0.17,19.94,38.24,140.0,Moderate
Hyderabad,2017-03-27,0.16,17.01,39.4,164.0,Moderate
Hyderabad,2017-03-28,0.16,16.62,38.28,154.0,Moderate
Hyderabad,2017-03-29,0.16,15.1,33.72,127.0,Moderate
Hyderabad,2017-03-30,0.17,15.91,35.07,114.0,Moderate
Hyderabad,2017-03-31,0.15,16.73,35.7,150.0,Moderate
Hyderabad,2017-04-01,0.14,14.2,30.98,136.0,Moderate
Hyderabad,2017-04-02,0.16,15.37,41.35,123.0,Moderate
Hyderabad,2017-04-03,0.15,14.48,34.02,132.0,Moderate
Hyderabad,2017-04-04,0.14,15.11,30.44,123.0,Moderate
Hyderabad,2017-04-05,0.15,12.67,29.71,103.0,Moderate
Hyderabad,2017-04-06,0.16,20.89,36.95,92.0,Satisfactory
Hyderabad,2017-04-07,0.14,14.76,32.91,136.0,Moderate
Hyderabad,2017-04-08,0.2,19.05,38.38,128.0,Moderate
Hyderabad,2017-04-09,0.29,17.48,49.22,175.0,Moderate
Hyderabad,2017-04-10,0.21,22.74,39.61,164.0,Moderate
Hyderabad,2017-04-11,0.23,33.95,52.07,192.0,Moderate
Hyderabad,2017-04-12,0.3,51.93,70.52,199.0,Moderate
Hyderabad,2017-04-13,0.15,26.62,37.36,173.0,Moderate
Hyderabad,2017-04-14,0.17,23.64,32.52,165.0,Moderate
Hyderabad,2017-04-15,0.16,16.22,29.2,152.0,Moderate
Hyderabad,2017-04-16,0.15,16.17,28.75,148.0,Moderate
Hyderabad,2017-04-17,0.23,28.4,41.41,173.0,Moderate
Hyderabad,2017-04-18,0.25,23.76,45.1,191.0,Moderate
Hyderabad,2017-04-19,0.14,30.84,27.79,166.0,Moderate
Hyderabad,2017-04-20,0.12,41.98,35.29,131.0,Moderate
Hyderabad,2017-04-21,0.13,26.61,37.88,136.0,Moderate
Hyderabad,2017-04-22,0.19,36.91,42.5,143.0,Moderate
Hyderabad,2017-04-23,0.16,45.33,42.34,156.0,Moderate
Hyderabad,2017-04-24,0.17,32.1,40.89,162.0,Moderate
Hyderabad,2017-04-25,0.18,26.05,42.61,156.0,Moderate
Hyderabad,2017-04-26,0.06,30.94,51.82,151.0,Moderate
Hyderabad,2017-04-27,0.19,36.73,45.42,171.0,Moderate
Hyderabad,2017-04-28,0.09,33.13,23.58,142.0,Moderate
Hyderabad,2017-04-29,0.09,38.26,29.07,127.0,Moderate
Hyderabad,2017-04-30,0.1,25.94,25.71,99.0,Satisfactory
Hyderabad,2017-05-01,0.09,26.54,26.4,99.0,Satisfactory
Hyderabad,2017-05-02,0.1,25.34,21.73,110.0,Moderate
Hyderabad,2017-05-03,0.11,34.75,25.09,118.0,Moderate
Hyderabad,2017-05-04,0.15,22.03,26.06,130.0,Moderate
Hyderabad,2017-05-05,0.15,16.38,24.97,138.0,Moderate
Hyderabad,2017-05-06,0.11,24.02,25.56,122.0,Moderate
Hyderabad,2017-05-08,0.06,14.29,18.72,131.0,Moderate
Hyderabad,2017-05-09,0.06,38.95,41.36,109.0,Moderate
Hyderabad,2017-05-10,0.16,54.45,56.78,165.0,Moderate
Hyderabad,2017-05-11,0.14,50.53,72.96,123.0,Moderate
Hyderabad,2017-05-12,0.15,23.81,36.6,86.0,Satisfactory
Hyderabad,2017-05-13,0.14,25.46,38.77,84.0,Satisfactory
Hyderabad,2017-05-14,0.15,23.54,42.42,107.0,Moderate
Hyderabad,2017-05-15,0.11,21.58,30.94,85.0,Satisfactory
Hyderabad,2017-05-16,0.11,18.27,41.07,98.0,Satisfactory
Hyderabad,2017-05-17,0.11,18.51,38.74,102.0,Moderate
Hyderabad,2017-05-18,0.13,33.13,50.64,118.0,Moderate
Hyderabad,2017-05-19,0.11,21.18,49.46,148.0,Moderate
Hyderabad,2017-05-20,0.11,22.07,48.49,126.0,Moderate
Hyderabad,2017-05-21,0.16,44.56,47.98,131.0,Moderate
Hyderabad,2017-05-22,0.13,25.27,51.56,115.0,Moderate
Hyderabad,2017-05-23,0.15,43.01,66.04,130.0,Moderate
Hyderabad,2017-05-24,0.17,39.41,70.75,156.0,Moderate
Hyderabad,2017-05-25,0.09,25.52,45.01,127.0,Moderate
Hyderabad,2017-05-26,0.1,23.05,47.81,119.0,Moderate
Hyderabad,2017-05-27,0.07,18.74,30.37,103.0,Moderate
Hyderabad,2017-05-28,0.09,27.27,35.91,93.0,Satisfactory
Hyderabad,2017-05-29,0.06,28.57,42.99,76.0,Satisfactory
Hyderabad,2017-05-30,0.06,15.98,46.38,82.0,Satisfactory
Hyderabad,2017-05-31,0.05,11.42,22.84,80.0,Satisfactory
Hyderabad,2017-06-01,0.06,9.9,25.83,79.0,Satisfactory
Hyderabad,2017-06-02,0.07,9.17,22.7,109.0,Moderate
Hyderabad,2017-06-03,0.07,14.37,19.42,103.0,Moderate
Hyderabad,2017-06-04,0.08,20.08,24.08,84.0,Satisfactory
Hyderabad,2017-06-05,0.07,21.42,19.2,106.0,Moderate
Hyderabad,2017-06-06,0.09,17.36,21.89,97.0,Satisfactory
Hyderabad,2017-06-07,0.07,11.75,11.7,74.0,Satisfactory
Hyderabad,2017-06-08,0.08,17.27,19.22,67.0,Satisfactory
Hyderabad,2017-06-09,0.08,20.71,20.03,69.0,Satisfactory
Hyderabad,2017-06-10,0.1,25.87,15.62,68.0,Satisfactory
Hyderabad,2017-06-11,0.09,14.78,15.56,61.0,Satisfactory
Hyderabad,2017-06-12,0.07,11.35,8.47,50.0,Good
Hyderabad,2017-06-13,0.13,8.59,17.19,63.0,Satisfactory
Hyderabad,2017-06-14,0.25,8.01,16.5,84.0,Satisfactory
Hyderabad,2017-06-15,0.21,6.99,18.12,75.0,Satisfactory
Hyderabad,2017-06-16,0.19,8.52,14.66,72.0,Satisfactory
Hyderabad,2017-06-17,0.23,5.11,16.86,94.0,Satisfactory
Hyderabad,2017-06-18,0.17,4.9,15.24,86.0,Satisfactory
Hyderabad,2017-06-19,0.17,9.89,11.6,82.0,Satisfactory
Hyderabad,2017-06-20,0.14,5.71,12.26,83.0,Satisfactory
Hyderabad,2017-06-21,0.14,4.72,14.39,70.0,Satisfactory
Hyderabad,2017-06-22,0.16,4.94,18.0,59.0,Satisfactory
Hyderabad,2017-06-23,0.18,5.32,15.64,67.0,Satisfactory
Hyderabad,2017-06-24,0.16,4.9,11.31,63.0,Satisfactory
Hyderabad,2017-06-25,0.15,4.48,13.1,60.0,Satisfactory
Hyderabad,2017-06-26,0.14,4.3,10.8,63.0,Satisfactory
Hyderabad,2017-06-27,0.09,3.92,11.63,53.0,Satisfactory
Hyderabad,2017-06-28,0.09,3.78,14.13,60.0,Satisfactory
Hyderabad,2017-06-29,0.18,3.53,12.42,62.0,Satisfactory
Hyderabad,2017-06-30,0.14,3.45,11.15,61.0,Satisfactory
Hyderabad,2017-07-01,0.14,3.54,12.28,63.0,Satisfactory
Hyderabad,2017-07-02,0.13,3.36,11.87,66.0,Satisfactory
Hyderabad,2017-07-03,0.17,3.46,13.33,66.0,Satisfactory
Hyderabad,2017-07-04,0.15,3.57,13.28,57.0,Satisfactory
Hyderabad,2017-07-05,0.16,3.23,12.88,58.0,Satisfactory
Hyderabad,2017-07-06,0.18,3.63,14.12,57.0,Satisfactory
Hyderabad,2017-07-07,0.17,4.21,16.09,63.0,Satisfactory
Hyderabad,2017-07-08,0.15,5.0,15.37,66.0,Satisfactory
Hyderabad,2017-07-09,0.16,4.05,14.82,61.0,Satisfactory
Hyderabad,2017-07-10,0.19,8.73,17.03,60.0,Satisfactory
Hyderabad,2017-07-11,0.16,4.66,16.31,60.0,Satisfactory
Hyderabad,2017-07-12,0.15,5.08,15.3,66.0,Satisfactory
Hyderabad,2017-07-13,0.17,4.91,12.53,58.0,Satisfactory
Hyderabad,2017-07-14,0.14,4.76,13.56,53.0,Satisfactory
Hyderabad,2017-07-15,0.14,6.42,11.48,74.0,Satisfactory
Hyderabad,2017-07-16,0.17,25.84,8.45,86.0,Satisfactory
Hyderabad,2017-07-17,0.16,18.71,12.06,93.0,Satisfactory
Hyderabad,2017-07-18,0.15,5.02,10.62,47.0,Good
Hyderabad,2017-07-19,0.15,4.38,12.4,46.0,Good
Hyderabad,2017-07-20,0.14,4.54,9.5,48.0,Good
Hyderabad,2017-07-21,0.15,4.26,9.71,50.0,Good
Hyderabad,2017-07-22,0.15,4.02,10.08,55.0,Satisfactory
Hyderabad,2017-07-23,0.15,3.86,11.72,71.0,Satisfactory
Hyderabad,2017-07-24,0.15,6.52,12.84,65.0,Satisfactory
Hyderabad,2017-07-25,0.17,10.26,10.9,55.0,Satisfactory
Hyderabad,2017-07-26,0.18,8.11,12.98,62.0,Satisfactory
Hyderabad,2017-07-27,0.16,4.87,13.97,60.0,Satisfactory
Hyderabad,2017-07-28,0.17,5.12,14.04,56.0,Satisfactory
Hyderabad,2017-07-29,0.17,4.83,14.93,55.0,Satisfactory
Hyderabad,2017-07-30,0.2,5.66,16.64,63.0,Satisfactory
Hyderabad,2017-07-31,0.21,5.48,18.87,69.0,Satisfactory
Hyderabad,2017-08-01,0.21,5.26,17.0,60.0,Satisfactory
Hyderabad,2017-08-02,0.2,5.69,13.74,61.0,Satisfactory
Hyderabad,2017-08-03,0.17,8.63,10.34,51.0,Satisfactory
Hyderabad,2017-08-04,0.17,7.5,18.12,49.0,Good
Hyderabad,2017-08-05,0.18,7.81,20.12,67.0,Satisfactory
Hyderabad,2017-08-06,0.17,8.34,22.47,75.0,Satisfactory
Hyderabad,2017-08-07,0.23,8.4,21.64,90.0,Satisfactory
Hyderabad,2017-08-08,0.22,11.54,19.65,83.0,Satisfactory
Hyderabad,2017-08-09,0.27,8.63,16.75,80.0,Satisfactory
Hyderabad,2017-08-10,0.19,7.58,11.51,71.0,Satisfactory
Hyderabad,2017-08-11,0.24,6.9,15.61,65.0,Satisfactory
Hyderabad,2017-08-12,0.25,6.12,14.19,67.0,Satisfactory
Hyderabad,2017-08-13,0.22,6.28,15.64,55.0,Satisfactory
Hyderabad,2017-08-14,0.23,6.99,14.29,60.0,Satisfactory
Hyderabad,2017-08-15,0.22,4.82,13.37,58.0,Satisfactory
Hyderabad,2017-08-16,0.18,4.92,12.73,63.0,Satisfactory
Hyderabad,2017-08-17,0.17,6.0,15.13,70.0,Satisfactory
Hyderabad,2017-08-18,0.17,5.61,16.09,85.0,Satisfactory
Hyderabad,2017-08-19,0.12,5.09,11.78,65.0,Satisfactory
Hyderabad,2017-08-20,0.15,4.45,8.85,59.0,Satisfactory
Hyderabad,2017-08-21,0.16,4.27,11.31,62.0,Satisfactory
Hyderabad,2017-08-22,0.19,4.52,15.13,60.0,Satisfactory
Hyderabad,2017-08-23,0.16,4.72,16.07,62.0,Satisfactory
Hyderabad,2017-08-24,0.21,5.14,17.43,72.0,Satisfactory
Hyderabad,2017-08-25,0.18,8.07,11.42,72.0,Satisfactory
Hyderabad,2017-08-26,0.12,9.01,9.53,55.0,Satisfactory
Hyderabad,2017-08-27,0.17,6.07,10.5,52.0,Satisfactory
Hyderabad,2017-08-28,0.17,6.84,9.12,56.0,Satisfactory
Hyderabad,2017-08-29,0.12,6.45,9.26,56.0,Satisfactory
Hyderabad,2017-08-30,0.17,5.73,10.14,56.0,Satisfactory
Hyderabad,2017-08-31,0.21,6.68,13.14,60.0,Satisfactory
Hyderabad,2017-09-01,0.23,5.56,14.34,71.0,Satisfactory
Hyderabad,2017-09-02,0.22,6.44,16.47,87.0,Satisfactory
Hyderabad,2017-09-03,0.17,8.13,12.0,64.0,Satisfactory
Hyderabad,2017-09-04,0.21,4.95,16.95,59.0,Satisfactory
Hyderabad,2017-09-05,0.18,5.61,14.47,79.0,Satisfactory
Hyderabad,2017-09-06,0.19,5.72,19.22,86.0,Satisfactory
Hyderabad,2017-09-07,0.21,7.5,19.8,82.0,Satisfactory
Hyderabad,2017-09-08,0.18,6.64,19.17,74.0,Satisfactory
Hyderabad,2017-09-09,0.19,5.53,15.23,72.0,Satisfactory
Hyderabad,2017-09-10,0.09,5.51,15.66,60.0,Satisfactory
Hyderabad,2017-09-11,0.21,5.37,15.36,51.0,Satisfactory
Hyderabad,2017-09-12,0.11,4.47,15.27,55.0,Satisfactory
Hyderabad,2017-09-13,0.07,6.1,17.06,55.0,Satisfactory
Hyderabad,2017-09-14,0.05,4.67,15.62,60.0,Satisfactory
Hyderabad,2017-09-15,0.06,4.0,15.22,56.0,Satisfactory
Hyderabad,2017-09-16,0.06,3.71,13.77,56.0,Satisfactory
Hyderabad,2017-09-17,0.04,3.75,12.72,39.0,Good
Hyderabad,2017-09-18,0.04,3.25,10.48,53.0,Satisfactory
Hyderabad,2017-09-19,0.05,3.21,10.5,54.0,Satisfactory
Hyderabad,2017-09-20,0.05,3.22,10.86,57.0,Satisfactory
Hyderabad,2017-09-21,0.05,3.37,11.41,59.0,Satisfactory
Hyderabad,2017-09-22,0.03,4.29,15.36,58.0,Satisfactory
Hyderabad,2017-09-23,0.0,6.2,17.97,54.0,Satisfactory
Hyderabad,2017-09-24,0.0,7.18,19.98,95.0,Satisfactory
Hyderabad,2017-09-25,0.0,6.51,20.38,99.0,Satisfactory
Hyderabad,2017-09-26,0.0,11.57,20.98,80.0,Satisfactory
Hyderabad,2017-09-27,0.0,12.83,23.27,107.0,Moderate
Hyderabad,2017-09-28,0.0,9.45,20.69,98.0,Satisfactory
Hyderabad,2017-09-29,0.0,8.29,18.5,74.0,Satisfactory
Hyderabad,2017-09-30,0.0,9.81,17.45,70.0,Satisfactory
Hyderabad,2017-10-01,0.26,10.65,11.81,110.0,Moderate
Hyderabad,2017-10-03,0.34,9.53,18.96,53.0,Satisfactory
Hyderabad,2017-10-04,0.66,11.28,22.44,102.0,Moderate
Hyderabad,2017-10-05,0.33,12.98,22.79,164.0,Moderate
Hyderabad,2017-10-06,0.21,10.26,19.44,102.0,Moderate
Hyderabad,2017-10-07,0.57,12.27,24.12,94.0,Satisfactory
Hyderabad,2017-10-08,0.29,8.02,24.14,100.0,Satisfactory
Hyderabad,2017-10-09,0.36,9.24,17.7,111.0,Moderate
Hyderabad,2017-10-10,0.1,8.55,24.18,103.0,Moderate
Hyderabad,2017-10-11,0.19,9.16,25.01,113.0,Moderate
Hyderabad,2017-10-12,0.11,9.37,26.83,102.0,Moderate
Hyderabad,2017-10-13,0.08,8.93,19.29,147.0,Moderate
Hyderabad,2017-10-14,0.1,12.38,25.1,123.0,Moderate
Hyderabad,2017-10-15,0.06,11.88,22.1,97.0,Satisfactory
Hyderabad,2017-10-17,0.15,18.24,36.5,154.0,Moderate
Hyderabad,2017-10-18,0.12,12.5,34.49,150.0,Moderate
Hyderabad,2017-10-19,0.31,11.56,30.6,151.0,Moderate
Hyderabad,2017-10-20,0.06,11.43,20.04,247.0,Poor
Hyderabad,2017-10-21,0.1,10.7,18.74,141.0,Moderate
Hyderabad,2017-10-22,0.07,10.52,17.27,121.0,Moderate
Hyderabad,2017-10-23,0.19,12.09,21.46,113.0,Moderate
Hyderabad,2017-10-24,0.06,14.58,24.35,111.0,Moderate
Hyderabad,2017-10-29,0.12,14.16,25.47,145.0,Moderate
Hyderabad,2017-10-31,0.79,14.57,43.37,128.0,Moderate
Hyderabad,2017-11-01,1.19,14.02,46.37,150.0,Moderate
Hyderabad,2017-11-02,1.06,15.88,37.68,156.0,Moderate
Hyderabad,2017-11-03,1.04,16.61,37.44,158.0,Moderate
Hyderabad,2017-11-04,0.58,16.9,35.86,114.0,Moderate
Hyderabad,2017-11-05,0.52,13.16,31.18,91.0,Satisfactory
Hyderabad,2017-11-06,0.58,11.21,39.1,80.0,Satisfactory
Hyderabad,2017-11-07,0.68,13.12,43.63,94.0,Satisfactory
Hyderabad,2017-11-08,0.57,14.87,40.59,105.0,Moderate
Hyderabad,2017-11-09,0.59,12.97,39.12,95.0,Satisfactory
Hyderabad,2017-11-10,0.59,14.36,35.39,100.0,Satisfactory
Hyderabad,2017-11-11,0.63,16.04,42.21,123.0,Moderate
Hyderabad,2017-11-12,0.74,15.71,42.84,123.0,Moderate
Hyderabad,2017-11-13,0.74,16.47,37.83,111.0,Moderate
Hyderabad,2017-11-14,0.83,19.2,39.01,111.0,Moderate
Hyderabad,2017-11-15,0.68,22.73,36.07,104.0,Moderate
Hyderabad,2017-11-16,0.58,22.81,34.29,92.0,Satisfactory
Hyderabad,2017-11-17,0.61,15.71,33.87,82.0,Satisfactory
Hyderabad,2017-11-18,0.65,13.28,32.58,106.0,Moderate
Hyderabad,2017-11-19,0.72,15.87,34.18,112.0,Moderate
Hyderabad,2017-11-20,0.82,14.27,36.84,86.0,Satisfactory
Hyderabad,2017-11-21,0.81,15.12,39.07,106.0,Moderate
Hyderabad,2017-11-22,0.7,13.03,32.25,102.0,Moderate
Hyderabad,2017-11-23,0.76,14.6,37.91,133.0,Moderate
Hyderabad,2017-11-24,0.76,18.59,35.4,149.0,Moderate
Hyderabad,2017-11-25,0.71,16.11,37.5,140.0,Moderate
Hyderabad,2017-11-26,0.9,20.0,50.36,147.0,Moderate
Hyderabad,2017-11-27,0.86,16.73,52.99,166.0,Moderate
Hyderabad,2017-11-28,0.9,14.78,54.18,171.0,Moderate
Hyderabad,2017-11-29,0.81,13.66,45.7,164.0,Moderate
Hyderabad,2017-11-30,0.82,13.13,45.03,140.0,Moderate
Hyderabad,2017-12-01,0.8,16.99,37.15,139.0,Moderate
Hyderabad,2017-12-02,0.76,16.25,35.14,135.0,Moderate
Hyderabad,2017-12-03,0.8,13.39,38.05,140.0,Moderate
Hyderabad,2017-12-04,0.78,14.3,37.31,144.0,Moderate
Hyderabad,2017-12-05,0.7,13.51,29.67,128.0,Moderate
Hyderabad,2017-12-06,0.72,13.05,30.32,100.0,Satisfactory
Hyderabad,2017-12-07,0.91,14.4,40.86,122.0,Moderate
Hyderabad,2017-12-08,0.8,15.55,39.18,145.0,Moderate
Hyderabad,2017-12-09,0.77,14.5,38.26,142.0,Moderate
Hyderabad,2017-12-10,0.69,11.86,37.26,120.0,Moderate
Hyderabad,2017-12-11,1.05,12.57,48.48,117.0,Moderate
Hyderabad,2017-12-12,1.19,16.12,62.23,144.0,Moderate
Hyderabad,2017-12-13,1.0,20.13,50.13,143.0,Moderate
Hyderabad,2017-12-14,0.92,18.6,39.48,132.0,Moderate
Hyderabad,2017-12-15,0.77,18.09,38.85,126.0,Moderate
Hyderabad,2017-12-16,0.88,15.3,48.12,133.0,Moderate
Hyderabad,2017-12-17,0.8,15.98,47.26,136.0,Moderate
Hyderabad,2017-12-18,0.59,16.89,37.36,140.0,Moderate
Hyderabad,2017-12-19,0.7,14.23,49.48,138.0,Moderate
Hyderabad,2017-12-20,1.33,17.75,67.71,151.0,Moderate
Hyderabad,2017-12-21,1.4,20.76,68.63,164.0,Moderate
Hyderabad,2017-12-22,1.4,24.14,73.32,195.0,Moderate
Hyderabad,2017-12-23,1.26,24.8,65.66,180.0,Moderate
Hyderabad,2017-12-24,1.14,25.5,63.74,169.0,Moderate
Hyderabad,2017-12-25,1.13,24.11,56.9,163.0,Moderate
Hyderabad,2017-12-26,0.87,24.77,53.18,164.0,Moderate
Hyderabad,2017-12-27,0.85,17.06,55.68,136.0,Moderate
Hyderabad,2017-12-28,0.93,16.52,60.71,132.0,Moderate
Hyderabad,2017-12-29,1.09,18.82,67.12,184.0,Moderate
Hyderabad,2017-12-30,1.1,17.46,67.32,156.0,Moderate
Hyderabad,2017-12-31,1.02,18.74,62.26,138.0,Moderate
Hyderabad,2018-01-01,0.99,25.09,54.46,122.0,Moderate
Hyderabad,2018-01-02,0.92,22.84,51.51,126.0,Moderate
Hyderabad,2018-01-03,0.83,23.34,46.8,163.0,Moderate
Hyderabad,2018-01-04,1.0,25.77,60.89,174.0,Moderate
Hyderabad,2018-01-05,1.05,23.67,63.88,164.0,Moderate
Hyderabad,2018-01-06,1.1,23.17,63.11,158.0,Moderate
Hyderabad,2018-01-07,1.03,22.16,55.39,146.0,Moderate
Hyderabad,2018-01-08,0.98,19.8,51.85,146.0,Moderate
Hyderabad,2018-01-09,0.95,22.57,53.96,160.0,Moderate
Hyderabad,2018-01-10,1.03,22.15,53.36,165.0,Moderate
Hyderabad,2018-01-11,1.04,24.42,59.3,160.0,Moderate
Hyderabad,2018-01-12,1.09,25.98,64.97,155.0,Moderate
Hyderabad,2018-01-13,1.19,22.44,59.98,150.0,Moderate
Hyderabad,2018-01-14,1.16,23.14,54.79,140.0,Moderate
Hyderabad,2018-01-15,0.83,23.39,37.89,143.0,Moderate
Hyderabad,2018-01-16,0.92,24.56,39.7,132.0,Moderate
Hyderabad,2018-01-17,0.87,22.08,45.06,125.0,Moderate
Hyderabad,2018-01-18,0.99,25.42,55.84,129.0,Moderate
Hyderabad,2018-01-19,0.9,22.32,56.03,129.0,Moderate
Hyderabad,2018-01-20,1.0,27.24,60.93,131.0,Moderate
Hyderabad,2018-01-21,0.95,25.79,56.67,133.0,Moderate
Hyderabad,2018-01-22,0.89,25.72,50.74,142.0,Moderate
Hyderabad,2018-01-23,0.71,19.96,46.04,125.0,Moderate
Hyderabad,2018-01-24,0.71,24.15,42.71,121.0,Moderate
Hyderabad,2018-01-25,0.89,23.83,54.52,139.0,Moderate
Hyderabad,2018-01-26,0.91,24.19,56.49,146.0,Moderate
Hyderabad,2018-01-27,1.45,26.28,55.38,167.0,Moderate
Hyderabad,2018-01-28,0.85,25.13,49.3,138.0,Moderate
Hyderabad,2018-01-29,0.84,23.34,46.08,140.0,Moderate
Hyderabad,2018-01-30,0.68,20.35,51.91,137.0,Moderate
Hyderabad,2018-01-31,1.0,20.39,59.99,130.0,Moderate
Hyderabad,2018-02-01,1.1,24.5,67.8,129.0,Moderate
Hyderabad,2018-02-02,0.99,21.65,68.01,125.0,Moderate
Hyderabad,2018-02-03,0.8,20.36,53.31,114.0,Moderate
Hyderabad,2018-02-04,0.73,22.91,41.49,104.0,Moderate
Hyderabad,2018-02-05,0.73,25.26,43.96,111.0,Moderate
Hyderabad,2018-02-06,0.86,23.0,58.09,111.0,Moderate
Hyderabad,2018-02-07,0.99,24.6,72.8,125.0,Moderate
Hyderabad,2018-02-08,0.84,28.79,59.37,114.0,Moderate
Hyderabad,2018-02-09,0.87,35.08,55.81,108.0,Moderate
Hyderabad,2018-02-10,0.82,37.24,53.5,113.0,Moderate
Hyderabad,2018-02-11,0.6,27.82,28.9,100.0,Satisfactory
Hyderabad,2018-02-12,0.61,27.37,20.55,102.0,Moderate
Hyderabad,2018-02-13,0.61,54.44,31.98,94.0,Satisfactory
Hyderabad,2018-02-14,0.76,35.31,44.77,100.0,Satisfactory
Hyderabad,2018-02-15,0.84,23.72,48.93,113.0,Moderate
Hyderabad,2018-02-16,0.81,20.48,51.24,110.0,Moderate
Hyderabad,2018-02-17,0.92,20.36,60.23,108.0,Moderate
Hyderabad,2018-02-18,1.02,21.29,58.63,116.0,Moderate
Hyderabad,2018-02-19,0.77,20.45,44.16,111.0,Moderate
Hyderabad,2018-02-20,0.74,20.08,41.75,103.0,Moderate
Hyderabad,2018-02-21,0.85,20.29,46.91,107.0,Moderate
Hyderabad,2018-02-22,0.88,18.86,49.21,114.0,Moderate
Hyderabad,2018-02-23,0.85,18.56,48.0,123.0,Moderate
Hyderabad,2018-02-24,0.7,17.34,43.62,106.0,Moderate
Hyderabad,2018-02-25,0.76,18.26,51.65,104.0,Moderate
Hyderabad,2018-02-26,1.09,19.58,65.82,118.0,Moderate
Hyderabad,2018-02-27,1.16,19.27,67.65,134.0,Moderate
Hyderabad,2018-02-28,1.3,22.7,70.43,129.0,Moderate
Hyderabad,2018-03-01,1.12,21.27,65.26,124.0,Moderate
Hyderabad,2018-03-02,1.06,21.27,56.01,118.0,Moderate
Hyderabad,2018-03-03,0.88,23.4,45.04,119.0,Moderate
Hyderabad,2018-03-04,0.94,20.81,49.19,122.0,Moderate
Hyderabad,2018-03-05,0.89,20.49,45.37,114.0,Moderate
Hyderabad,2018-03-06,0.74,19.42,38.91,106.0,Moderate
Hyderabad,2018-03-07,0.79,21.37,43.04,108.0,Moderate
Hyderabad,2018-03-08,0.92,22.9,49.93,107.0,Moderate
Hyderabad,2018-03-09,0.96,21.26,52.67,118.0,Moderate
Hyderabad,2018-03-10,1.02,23.5,49.74,122.0,Moderate
Hyderabad,2018-03-11,0.79,19.08,35.56,124.0,Moderate
Hyderabad,2018-03-12,0.67,17.31,40.44,95.0,Satisfactory
Hyderabad,2018-03-13,0.71,18.14,41.84,88.0,Satisfactory
Hyderabad,2018-03-14,0.85,19.71,45.05,103.0,Moderate
Hyderabad,2018-03-15,0.77,19.38,37.4,96.0,Satisfactory
Hyderabad,2018-03-16,0.86,23.84,39.37,115.0,Moderate
Hyderabad,2018-03-17,0.76,22.04,33.36,105.0,Moderate
Hyderabad,2018-03-18,0.7,19.52,32.85,80.0,Satisfactory
Hyderabad,2018-03-19,0.83,17.35,41.03,93.0,Satisfactory
Hyderabad,2018-03-20,0.87,22.3,47.03,103.0,Moderate
Hyderabad,2018-03-21,0.89,20.87,45.49,108.0,Moderate
Hyderabad,2018-03-22,0.86,22.99,52.52,126.0,Moderate
Hyderabad,2018-03-23,1.01,23.52,58.35,128.0,Moderate
Hyderabad,2018-03-24,1.05,25.07,63.27,131.0,Moderate
Hyderabad,2018-03-25,0.98,25.92,49.1,135.0,Moderate
Hyderabad,2018-03-26,0.84,20.6,39.51,126.0,Moderate
Hyderabad,2018-03-27,0.79,18.75,44.63,123.0,Moderate
Hyderabad,2018-03-28,0.75,17.08,40.84,116.0,Moderate
Hyderabad,2018-03-29,0.91,20.47,48.19,122.0,Moderate
Hyderabad,2018-03-30,0.81,20.25,40.32,120.0,Moderate
Hyderabad,2018-03-31,0.83,16.41,41.99,110.0,Moderate
Hyderabad,2018-04-01,0.63,17.57,31.47,103.0,Moderate
Hyderabad,2018-04-02,0.72,14.88,38.98,84.0,Satisfactory
Hyderabad,2018-04-03,0.78,16.65,40.96,99.0,Satisfactory
Hyderabad,2018-04-04,0.72,15.22,39.39,101.0,Moderate
Hyderabad,2018-04-05,0.67,14.68,36.55,92.0,Satisfactory
Hyderabad,2018-04-06,0.74,14.83,42.39,98.0,Satisfactory
Hyderabad,2018-04-07,0.76,22.05,50.76,93.0,Satisfactory
Hyderabad,2018-04-08,0.67,21.88,35.94,85.0,Satisfactory
Hyderabad,2018-04-09,0.71,22.13,41.16,95.0,Satisfactory
Hyderabad,2018-04-10,0.79,17.63,38.69,98.0,Satisfactory
Hyderabad,2018-04-11,0.68,16.36,31.01,88.0,Satisfactory
Hyderabad,2018-04-12,0.67,18.9,42.54,83.0,Satisfactory
Hyderabad,2018-04-13,0.56,14.74,33.9,83.0,Satisfactory
Hyderabad,2018-04-14,0.69,14.1,30.02,79.0,Satisfactory
Hyderabad,2018-04-15,0.83,14.46,31.86,73.0,Satisfactory
Hyderabad,2018-04-16,0.9,17.51,45.36,100.0,Satisfactory
Hyderabad,2018-04-17,0.72,13.38,38.79,99.0,Satisfactory
Hyderabad,2018-04-18,0.61,17.25,35.18,93.0,Satisfactory
Hyderabad,2018-04-19,0.77,14.75,44.05,108.0,Moderate
Hyderabad,2018-04-20,0.86,14.67,44.88,117.0,Moderate
Hyderabad,2018-04-21,0.9,19.44,51.13,122.0,Moderate
Hyderabad,2018-04-22,0.75,16.81,39.3,117.0,Moderate
Hyderabad,2018-04-23,0.56,15.06,28.02,90.0,Satisfactory
Hyderabad,2018-04-24,0.54,13.69,35.48,90.0,Satisfactory
Hyderabad,2018-04-25,0.6,15.82,29.59,104.0,Moderate
Hyderabad,2018-04-26,0.62,13.51,35.66,94.0,Satisfactory
Hyderabad,2018-04-27,0.68,13.68,35.85,101.0,Moderate
Hyderabad,2018-04-28,0.52,11.79,30.66,94.0,Satisfactory
Hyderabad,2018-04-29,0.59,12.35,30.99,102.0,Moderate
Hyderabad,2018-04-30,0.7,17.29,39.52,103.0,Moderate
Hyderabad,2018-05-01,0.57,15.39,32.08,116.0,Moderate
Hyderabad,2018-05-02,0.7,15.34,31.21,101.0,Moderate
Hyderabad,2018-05-03,0.56,14.98,27.73,98.0,Satisfactory
Hyderabad,2018-05-04,0.62,12.8,31.67,81.0,Satisfactory
Hyderabad,2018-05-05,0.6,11.83,30.11,74.0,Satisfactory
Hyderabad,2018-05-06,0.58,11.68,28.95,83.0,Satisfactory
Hyderabad,2018-05-07,0.58,12.24,28.72,93.0,Satisfactory
Hyderabad,2018-05-08,0.97,17.7,43.5,111.0,Moderate
Hyderabad,2018-05-09,0.67,15.48,37.73,112.0,Moderate
Hyderabad,2018-05-10,0.63,15.07,31.53,101.0,Moderate
Hyderabad,2018-05-11,0.66,13.05,31.48,95.0,Satisfactory
Hyderabad,2018-05-12,0.64,12.1,31.04,96.0,Satisfactory
Hyderabad,2018-05-13,0.74,11.93,32.48,101.0,Moderate
Hyderabad,2018-05-14,0.64,12.81,26.02,100.0,Satisfactory
Hyderabad,2018-05-15,0.68,12.94,24.04,87.0,Satisfactory
Hyderabad,2018-05-16,0.78,12.94,33.42,85.0,Satisfactory
Hyderabad,2018-05-17,0.9,16.08,41.31,106.0,Moderate
Hyderabad,2018-05-18,0.62,17.26,35.51,89.0,Satisfactory
Hyderabad,2018-05-19,0.69,19.61,37.25,103.0,Moderate
Hyderabad,2018-05-20,0.62,12.49,29.22,117.0,Moderate
Hyderabad,2018-05-21,0.91,14.11,32.24,132.0,Moderate
Hyderabad,2018-05-22,0.69,13.64,27.06,120.0,Moderate
Hyderabad,2018-05-23,0.83,14.03,33.71,110.0,Moderate
Hyderabad,2018-05-24,0.78,13.99,32.39,104.0,Moderate
Hyderabad,2018-05-25,0.76,13.05,31.54,119.0,Moderate
Hyderabad,2018-05-26,0.69,11.4,25.79,91.0,Satisfactory
Hyderabad,2018-05-27,0.78,12.52,26.65,83.0,Satisfactory
Hyderabad,2018-05-28,0.72,10.77,25.45,87.0,Satisfactory
Hyderabad,2018-05-29,0.64,12.87,28.48,84.0,Satisfactory
Hyderabad,2018-05-30,0.58,15.8,26.77,89.0,Satisfactory
Hyderabad,2018-05-31,0.83,13.47,25.25,93.0,Satisfactory
Hyderabad,2018-06-01,0.64,18.36,31.53,110.0,Moderate
Hyderabad,2018-06-02,0.77,21.33,35.45,82.0,Satisfactory
Hyderabad,2018-06-03,0.62,20.54,29.14,83.0,Satisfactory
Hyderabad,2018-06-04,0.56,17.29,26.22,89.0,Satisfactory
Hyderabad,2018-06-05,0.62,14.27,30.16,83.0,Satisfactory
Hyderabad,2018-06-06,0.64,18.13,29.59,84.0,Satisfactory
Hyderabad,2018-06-07,0.61,15.54,22.53,69.0,Satisfactory
Hyderabad,2018-06-08,0.71,13.75,22.16,68.0,Satisfactory
Hyderabad,2018-06-09,0.68,15.62,22.16,64.0,Satisfactory
Hyderabad,2018-06-10,0.64,15.21,20.62,52.0,Satisfactory
Hyderabad,2018-06-11,0.66,17.96,23.24,53.0,Satisfactory
Hyderabad,2018-06-12,0.66,16.42,23.7,70.0,Satisfactory
Hyderabad,2018-06-13,0.6,18.8,21.31,84.0,Satisfactory
Hyderabad,2018-06-14,0.54,18.51,23.31,86.0,Satisfactory
Hyderabad,2018-06-15,0.57,22.11,20.05,86.0,Satisfactory
Hyderabad,2018-06-16,0.6,12.77,20.48,67.0,Satisfactory
Hyderabad,2018-06-17,0.57,15.69,20.32,67.0,Satisfactory
Hyderabad,2018-06-18,0.58,13.71,20.17,59.0,Satisfactory
Hyderabad,2018-06-19,0.53,8.52,18.2,50.0,Good
Hyderabad,2018-06-20,0.44,8.28,21.39,58.0,Satisfactory
Hyderabad,2018-06-21,0.46,9.33,22.02,52.0,Satisfactory
Hyderabad,2018-06-22,0.49,13.37,28.03,56.0,Satisfactory
Hyderabad,2018-06-23,0.36,13.84,23.78,56.0,Satisfactory
Hyderabad,2018-06-24,0.23,13.2,20.56,41.0,Good
Hyderabad,2018-06-25,0.27,10.75,20.7,41.0,Good
Hyderabad,2018-06-26,0.26,12.73,23.21,41.0,Good
Hyderabad,2018-06-27,0.26,15.93,28.07,44.0,Good
Hyderabad,2018-06-28,0.28,12.61,24.39,46.0,Good
Hyderabad,2018-06-29,0.3,9.63,22.68,65.0,Satisfactory
Hyderabad,2018-06-30,0.33,14.04,26.4,62.0,Satisfactory
Hyderabad,2018-07-01,0.3,14.34,27.03,60.0,Satisfactory
Hyderabad,2018-07-02,0.24,9.17,24.21,53.0,Satisfactory
Hyderabad,2018-07-03,0.26,12.43,23.43,59.0,Satisfactory
Hyderabad,2018-07-04,0.35,10.13,22.07,71.0,Satisfactory
Hyderabad,2018-07-05,0.25,10.6,22.74,68.0,Satisfactory
Hyderabad,2018-07-06,0.3,11.89,26.0,49.0,Good
Hyderabad,2018-07-07,0.34,22.28,27.25,59.0,Satisfactory
Hyderabad,2018-07-08,0.28,27.07,25.11,62.0,Satisfactory
Hyderabad,2018-07-09,0.22,21.08,23.21,44.0,Good
Hyderabad,2018-07-10,0.25,13.74,21.7,48.0,Good
Hyderabad,2018-07-11,0.3,11.45,23.04,54.0,Satisfactory
Hyderabad,2018-07-12,0.25,19.37,22.14,49.0,Good
Hyderabad,2018-07-13,0.27,10.32,20.22,37.0,Good
Hyderabad,2018-07-14,0.28,11.15,26.02,42.0,Good
Hyderabad,2018-07-15,0.31,11.51,25.58,58.0,Satisfactory
Hyderabad,2018-07-16,0.37,17.01,21.19,72.0,Satisfactory
Hyderabad,2018-07-17,0.26,9.09,20.54,38.0,Good
Hyderabad,2018-07-18,0.27,13.41,22.64,33.0,Good
Hyderabad,2018-07-19,0.26,9.65,21.97,45.0,Good
Hyderabad,2018-07-20,0.31,17.89,22.18,37.0,Good
Hyderabad,2018-07-21,0.3,13.67,23.18,41.0,Good
Hyderabad,2018-07-22,0.28,27.32,22.42,55.0,Satisfactory
Hyderabad,2018-07-23,0.26,14.25,21.69,49.0,Good
Hyderabad,2018-07-24,0.32,12.57,21.03,54.0,Satisfactory
Hyderabad,2018-07-25,0.26,13.38,20.4,52.0,Satisfactory
Hyderabad,2018-07-26,0.29,13.72,20.64,54.0,Satisfactory
Hyderabad,2018-07-27,0.27,13.04,24.38,54.0,Satisfactory
Hyderabad,2018-07-28,0.28,16.11,22.38,53.0,Satisfactory
Hyderabad,2018-07-29,0.38,20.93,28.86,72.0,Satisfactory
Hyderabad,2018-07-30,0.32,25.84,25.61,87.0,Satisfactory
Hyderabad,2018-07-31,0.27,22.86,25.13,73.0,Satisfactory
Hyderabad,2018-08-01,0.28,13.51,25.54,72.0,Satisfactory
Hyderabad,2018-08-02,0.36,14.81,27.27,72.0,Satisfactory
Hyderabad,2018-08-03,0.31,16.33,28.85,92.0,Satisfactory
Hyderabad,2018-08-04,0.28,18.24,25.39,90.0,Satisfactory
Hyderabad,2018-08-05,0.31,13.47,27.06,66.0,Satisfactory
Hyderabad,2018-08-06,0.29,18.49,23.75,72.0,Satisfactory
Hyderabad,2018-08-07,0.3,16.94,24.24,54.0,Satisfactory
Hyderabad,2018-08-08,0.28,23.83,24.82,53.0,Satisfactory
Hyderabad,2018-08-09,0.36,14.77,27.7,49.0,Good
Hyderabad,2018-08-10,0.31,17.35,24.89,48.0,Good
Hyderabad,2018-08-11,0.28,16.95,24.46,43.0,Good
Hyderabad,2018-08-12,0.31,22.8,18.71,47.0,Good
Hyderabad,2018-08-13,0.32,15.41,17.79,42.0,Good
Hyderabad,2018-08-14,0.31,13.27,27.16,41.0,Good
Hyderabad,2018-08-15,0.35,23.04,17.62,65.0,Satisfactory
Hyderabad,2018-08-16,0.3,11.71,19.87,40.0,Good
Hyderabad,2018-08-17,0.3,11.21,20.71,35.0,Good
Hyderabad,2018-08-18,0.29,13.6,17.73,44.0,Good
Hyderabad,2018-08-19,0.32,15.8,24.8,48.0,Good
Hyderabad,2018-08-20,0.27,17.78,21.95,47.0,Good
Hyderabad,2018-08-21,0.25,14.88,19.61,34.0,Good
Hyderabad,2018-08-22,0.29,12.65,22.71,39.0,Good
Hyderabad,2018-08-23,0.29,16.78,23.7,40.0,Good
Hyderabad,2018-08-24,0.31,18.06,24.14,48.0,Good
Hyderabad,2018-08-25,0.29,16.07,25.68,52.0,Satisfactory
Hyderabad,2018-08-26,0.27,18.28,24.79,50.0,Good
Hyderabad,2018-08-27,0.3,13.22,27.1,48.0,Good
Hyderabad,2018-08-28,0.28,10.85,27.6,48.0,Good
Hyderabad,2018-08-29,0.29,12.12,26.87,53.0,Satisfactory
Hyderabad,2018-08-30,0.29,11.46,26.52,68.0,Satisfactory
Hyderabad,2018-08-31,0.3,10.92,27.25,77.0,Satisfactory
Hyderabad,2018-09-01,0.31,10.23,26.37,70.0,Satisfactory
Hyderabad,2018-09-02,0.34,13.55,25.86,50.0,Good
Hyderabad,2018-09-03,0.34,21.2,23.73,48.0,Good
Hyderabad,2018-09-04,0.31,14.84,25.6,50.0,Good
Hyderabad,2018-09-05,0.38,11.1,26.36,72.0,Satisfactory
Hyderabad,2018-09-06,0.31,12.31,26.76,76.0,Satisfactory
Hyderabad,2018-09-07,0.32,14.25,22.74,82.0,Satisfactory
Hyderabad,2018-09-08,0.33,16.15,18.35,62.0,Satisfactory
Hyderabad,2018-09-09,0.42,13.82,24.19,79.0,Satisfactory
Hyderabad,2018-09-10,0.46,13.3,32.15,86.0,Satisfactory
Hyderabad,2018-09-11,0.57,13.33,38.45,79.0,Satisfactory
Hyderabad,2018-09-12,0.59,15.82,35.45,71.0,Satisfactory
Hyderabad,2018-09-13,0.6,13.71,36.44,78.0,Satisfactory
Hyderabad,2018-09-14,0.53,13.25,36.56,85.0,Satisfactory
Hyderabad,2018-09-15,0.51,14.45,36.45,92.0,Satisfactory
Hyderabad,2018-09-16,0.5,21.78,33.93,101.0,Moderate
Hyderabad,2018-09-17,0.41,18.61,22.67,85.0,Satisfactory
Hyderabad,2018-09-18,0.45,14.17,25.48,68.0,Satisfactory
Hyderabad,2018-09-19,0.45,16.06,31.56,79.0,Satisfactory
Hyderabad,2018-09-20,0.42,13.54,30.3,81.0,Satisfactory
Hyderabad,2018-09-21,0.38,22.26,27.55,91.0,Satisfactory
Hyderabad,2018-09-22,0.34,15.98,23.11,62.0,Satisfactory
Hyderabad,2018-09-23,0.44,14.76,27.46,65.0,Satisfactory
Hyderabad,2018-09-24,0.62,12.23,36.88,62.0,Satisfactory
Hyderabad,2018-09-25,0.66,14.0,38.18,84.0,Satisfactory
Hyderabad,2018-09-26,0.8,17.8,44.83,108.0,Moderate
Hyderabad,2018-09-27,0.54,15.36,36.52,95.0,Satisfactory
Hyderabad,2018-09-28,0.58,16.4,38.03,92.0,Satisfactory
Hyderabad,2018-09-29,0.64,18.0,38.38,100.0,Satisfactory
Hyderabad,2018-09-30,0.62,22.86,37.28,118.0,Moderate
Hyderabad,2018-10-01,0.5,17.1,38.16,128.0,Moderate
Hyderabad,2018-10-02,0.49,14.39,33.16,94.0,Satisfactory
Hyderabad,2018-10-03,0.45,13.47,32.41,72.0,Satisfactory
Hyderabad,2018-10-04,0.45,14.36,33.83,79.0,Satisfactory
Hyderabad,2018-10-05,0.43,13.88,34.47,84.0,Satisfactory
Hyderabad,2018-10-06,0.56,15.35,42.33,109.0,Moderate
Hyderabad,2018-10-07,0.5,16.63,39.75,124.0,Moderate
Hyderabad,2018-10-08,0.56,15.8,40.33,130.0,Moderate
Hyderabad,2018-10-09,0.54,18.89,46.53,124.0,Moderate
Hyderabad,2018-10-10,0.48,15.44,48.32,128.0,Moderate
Hyderabad,2018-10-11,0.46,22.61,43.03,120.0,Moderate
Hyderabad,2018-10-12,0.53,18.36,42.79,121.0,Moderate
Hyderabad,2018-10-13,0.64,15.35,46.54,118.0,Moderate
Hyderabad,2018-10-14,0.47,14.78,36.76,108.0,Moderate
Hyderabad,2018-10-15,0.53,14.13,35.21,100.0,Satisfactory
Hyderabad,2018-10-16,0.46,13.5,32.39,105.0,Moderate
Hyderabad,2018-10-17,0.58,12.6,34.67,83.0,Satisfactory
Hyderabad,2018-10-18,0.55,11.42,31.81,73.0,Satisfactory
Hyderabad,2018-10-19,0.52,9.8,37.92,74.0,Satisfactory
Hyderabad,2018-10-20,0.68,12.06,47.2,105.0,Moderate
Hyderabad,2018-10-21,0.61,11.97,44.57,119.0,Moderate
Hyderabad,2018-10-22,0.72,17.06,51.4,125.0,Moderate
Hyderabad,2018-10-23,0.67,12.98,45.12,133.0,Moderate
Hyderabad,2018-10-24,0.89,15.3,46.11,142.0,Moderate
Hyderabad,2018-10-25,0.61,10.89,45.35,128.0,Moderate
Hyderabad,2018-10-26,0.46,8.4,47.97,107.0,Moderate
Hyderabad,2018-10-27,0.68,10.5,60.75,117.0,Moderate
Hyderabad,2018-10-28,0.55,12.03,46.84,120.0,Moderate
Hyderabad,2018-10-29,0.5,10.69,46.3,110.0,Moderate
Hyderabad,2018-10-30,0.58,11.99,47.35,115.0,Moderate
Hyderabad,2018-10-31,0.56,11.49,47.69,117.0,Moderate
Hyderabad,2018-11-01,0.59,11.95,45.19,106.0,Moderate
Hyderabad,2018-11-02,0.56,11.79,37.54,86.0,Satisfactory
Hyderabad,2018-11-03,0.48,10.51,32.84,58.0,Satisfactory
Hyderabad,2018-11-04,0.51,9.51,30.95,55.0,Satisfactory
Hyderabad,2018-11-05,0.53,8.99,36.41,64.0,Satisfactory
Hyderabad,2018-11-06,0.58,9.87,39.76,80.0,Satisfactory
Hyderabad,2018-11-07,0.52,10.34,38.84,95.0,Satisfactory
Hyderabad,2018-11-08,0.55,10.25,35.89,107.0,Moderate
Hyderabad,2018-11-09,0.54,9.96,42.33,114.0,Moderate
Hyderabad,2018-11-10,0.58,10.22,44.02,129.0,Moderate
Hyderabad,2018-11-11,0.58,9.52,44.85,131.0,Moderate
Hyderabad,2018-11-12,0.58,9.49,50.55,127.0,Moderate
Hyderabad,2018-11-13,0.68,11.75,56.68,134.0,Moderate
Hyderabad,2018-11-14,0.76,12.04,60.17,139.0,Moderate
Hyderabad,2018-11-15,0.73,11.78,52.31,133.0,Moderate
Hyderabad,2018-11-16,0.61,12.59,45.12,118.0,Moderate
Hyderabad,2018-11-17,0.47,11.7,32.04,76.0,Satisfactory
Hyderabad,2018-11-18,0.43,9.77,29.19,57.0,Satisfactory
Hyderabad,2018-11-19,0.45,9.11,32.18,53.0,Satisfactory
Hyderabad,2018-11-20,0.58,9.7,43.52,86.0,Satisfactory
Hyderabad,2018-11-21,0.58,9.74,44.09,129.0,Moderate
Hyderabad,2018-11-22,0.6,9.64,46.07,131.0,Moderate
Hyderabad,2018-11-23,0.65,10.43,47.8,133.0,Moderate
Hyderabad,2018-11-24,0.72,10.78,53.95,148.0,Moderate
Hyderabad,2018-11-25,0.64,9.59,50.29,140.0,Moderate
Hyderabad,2018-11-26,0.67,8.97,53.44,135.0,Moderate
Hyderabad,2018-11-27,0.74,10.25,59.24,138.0,Moderate
Hyderabad,2018-11-28,0.77,11.11,59.43,142.0,Moderate
Hyderabad,2018-11-29,0.81,11.13,65.02,146.0,Moderate
Hyderabad,2018-11-30,0.67,10.92,56.72,139.0,Moderate
Hyderabad,2018-12-01,0.72,10.94,56.11,135.0,Moderate
Hyderabad,2018-12-02,0.74,12.06,52.98,137.0,Moderate
Hyderabad,2018-12-03,0.75,12.31,48.78,140.0,Moderate
Hyderabad,2018-12-04,0.76,12.49,47.55,154.0,Moderate
Hyderabad,2018-12-05,0.7,11.3,40.48,146.0,Moderate
Hyderabad,2018-12-06,0.74,11.58,41.39,123.0,Moderate
Hyderabad,2018-12-07,0.64,11.09,32.11,108.0,Moderate
Hyderabad,2018-12-08,0.71,12.1,34.16,132.0,Moderate
Hyderabad,2018-12-09,0.74,9.87,33.76,159.0,Moderate
Hyderabad,2018-12-10,0.63,10.81,30.74,161.0,Moderate
Hyderabad,2018-12-11,0.73,13.3,39.51,158.0,Moderate
Hyderabad,2018-12-12,0.68,11.93,36.07,153.0,Moderate
Hyderabad,2018-12-13,0.67,11.45,37.39,145.0,Moderate
Hyderabad,2018-12-14,0.8,13.69,41.82,144.0,Moderate
Hyderabad,2018-12-15,0.62,12.75,38.42,157.0,Moderate
Hyderabad,2018-12-16,0.61,11.76,39.24,151.0,Moderate
Hyderabad,2018-12-17,0.53,10.46,33.95,141.0,Moderate
Hyderabad,2018-12-18,0.4,9.2,29.09,67.0,Satisfactory
Hyderabad,2018-12-19,0.47,8.77,33.97,54.0,Satisfactory
Hyderabad,2018-12-20,0.67,9.49,43.69,76.0,Satisfactory
Hyderabad,2018-12-21,0.64,10.79,48.47,104.0,Moderate
Hyderabad,2018-12-22,0.67,13.22,52.59,127.0,Moderate
Hyderabad,2018-12-23,0.68,16.4,41.45,151.0,Moderate
Hyderabad,2018-12-24,0.68,13.72,44.67,159.0,Moderate
Hyderabad,2018-12-25,0.61,12.02,46.1,153.0,Moderate
Hyderabad,2018-12-26,0.69,12.18,36.25,136.0,Moderate
Hyderabad,2018-12-27,0.63,13.96,38.87,126.0,Moderate
Hyderabad,2018-12-28,0.62,13.36,44.84,131.0,Moderate
Hyderabad,2018-12-29,0.62,13.17,44.93,132.0,Moderate
Hyderabad,2018-12-30,0.67,14.25,45.42,139.0,Moderate
Hyderabad,2018-12-31,0.7,12.52,52.86,134.0,Moderate
Hyderabad,2019-01-01,0.94,13.84,63.82,132.0,Moderate
Hyderabad,2019-01-02,1.03,14.81,67.44,133.0,Moderate
Hyderabad,2019-01-03,0.97,17.38,67.01,141.0,Moderate
Hyderabad,2019-01-04,0.88,18.99,63.58,142.0,Moderate
Hyderabad,2019-01-05,0.78,17.23,50.4,148.0,Moderate
Hyderabad,2019-01-06,0.73,18.85,40.96,149.0,Moderate
Hyderabad,2019-01-07,0.76,17.3,49.16,155.0,Moderate
Hyderabad,2019-01-08,0.92,20.56,62.35,151.0,Moderate
Hyderabad,2019-01-09,0.94,18.51,71.55,146.0,Moderate
Hyderabad,2019-01-10,0.82,19.24,64.0,146.0,Moderate
Hyderabad,2019-01-11,0.74,20.95,47.6,153.0,Moderate
Hyderabad,2019-01-12,0.68,21.51,39.74,154.0,Moderate
Hyderabad,2019-01-13,0.62,19.45,37.2,154.0,Moderate
Hyderabad,2019-01-14,0.66,19.81,39.21,146.0,Moderate
Hyderabad,2019-01-15,0.75,23.37,42.04,147.0,Moderate
Hyderabad,2019-01-16,0.74,22.12,44.72,152.0,Moderate
Hyderabad,2019-01-17,0.83,22.61,57.06,150.0,Moderate
Hyderabad,2019-01-18,0.78,23.79,53.23,148.0,Moderate
Hyderabad,2019-01-19,0.72,22.85,51.49,153.0,Moderate
Hyderabad,2019-01-20,0.76,20.39,58.07,155.0,Moderate
Hyderabad,2019-01-21,0.68,19.07,46.24,132.0,Moderate
Hyderabad,2019-01-22,0.46,15.8,33.37,105.0,Moderate
Hyderabad,2019-01-23,0.53,18.07,37.74,105.0,Moderate
Hyderabad,2019-01-24,0.58,18.59,40.03,112.0,Moderate
Hyderabad,2019-01-25,0.46,16.06,29.33,96.0,Satisfactory
Hyderabad,2019-01-26,0.52,16.55,28.89,73.0,Satisfactory
Hyderabad,2019-01-27,0.55,21.41,32.05,72.0,Satisfactory
Hyderabad,2019-01-28,0.62,17.74,38.41,124.0,Moderate
Hyderabad,2019-01-29,0.54,17.1,39.62,136.0,Moderate
Hyderabad,2019-01-30,0.57,15.05,49.58,108.0,Moderate
Hyderabad,2019-01-31,0.66,17.81,51.35,114.0,Moderate
Hyderabad,2019-02-01,0.64,17.81,45.36,131.0,Moderate
Hyderabad,2019-02-02,0.64,16.59,47.27,118.0,Moderate
Hyderabad,2019-02-03,0.59,17.74,41.85,120.0,Moderate
Hyderabad,2019-02-04,0.64,18.18,42.48,110.0,Moderate
Hyderabad,2019-02-05,0.67,16.95,45.85,115.0,Moderate
Hyderabad,2019-02-06,0.71,17.45,45.84,130.0,Moderate
Hyderabad,2019-02-07,0.54,16.3,35.49,120.0,Moderate
Hyderabad,2019-02-08,0.64,14.22,48.41,114.0,Moderate
Hyderabad,2019-02-09,0.59,15.07,43.21,128.0,Moderate
Hyderabad,2019-02-10,0.54,17.78,39.43,130.0,Moderate
Hyderabad,2019-02-11,0.57,19.22,35.55,118.0,Moderate
Hyderabad,2019-02-12,0.63,15.79,46.13,122.0,Moderate
Hyderabad,2019-02-13,0.65,13.74,56.54,130.0,Moderate
Hyderabad,2019-02-14,0.68,16.03,47.79,127.0,Moderate
Hyderabad,2019-02-15,0.54,13.93,38.74,102.0,Moderate
Hyderabad,2019-02-16,0.64,18.61,46.78,91.0,Satisfactory
Hyderabad,2019-02-17,0.55,18.23,44.87,101.0,Moderate
Hyderabad,2019-02-18,0.73,19.36,51.92,109.0,Moderate
Hyderabad,2019-02-19,0.56,14.51,38.85,123.0,Moderate
Hyderabad,2019-02-20,0.47,12.87,31.3,87.0,Satisfactory
Hyderabad,2019-02-21,0.54,12.13,35.72,82.0,Satisfactory
Hyderabad,2019-02-22,0.64,14.51,43.43,94.0,Satisfactory
Hyderabad,2019-02-23,0.71,17.74,51.31,115.0,Moderate
Hyderabad,2019-02-24,0.57,12.82,39.75,114.0,Moderate
Hyderabad,2019-02-25,0.52,14.39,37.02,100.0,Satisfactory
Hyderabad,2019-02-26,0.58,16.45,46.58,117.0,Moderate
Hyderabad,2019-02-27,0.62,19.6,44.72,111.0,Moderate
Hyderabad,2019-02-28,0.52,14.67,37.89,112.0,Moderate
Hyderabad,2019-03-01,0.6,14.27,45.3,120.0,Moderate
Hyderabad,2019-03-02,0.44,12.6,30.47,85.0,Satisfactory
Hyderabad,2019-03-03,0.5,10.72,28.79,68.0,Satisfactory
Hyderabad,2019-03-04,0.6,12.87,34.92,80.0,Satisfactory
Hyderabad,2019-03-05,0.64,13.75,42.82,117.0,Moderate
Hyderabad,2019-03-06,0.74,20.35,51.51,136.0,Moderate
Hyderabad,2019-03-07,0.88,23.55,57.64,143.0,Moderate
Hyderabad,2019-03-08,0.67,19.37,45.68,143.0,Moderate
Hyderabad,2019-03-09,0.62,15.47,39.57,122.0,Moderate
Hyderabad,2019-03-10,0.44,14.75,32.1,102.0,Moderate
Hyderabad,2019-03-11,0.41,12.63,29.5,92.0,Satisfactory
Hyderabad,2019-03-12,0.41,12.65,30.23,97.0,Satisfactory
Hyderabad,2019-03-13,0.5,10.46,30.87,101.0,Moderate
Hyderabad,2019-03-14,0.44,10.64,34.6,101.0,Moderate
Hyderabad,2019-03-15,0.57,14.58,35.69,104.0,Moderate
Hyderabad,2019-03-16,0.71,12.57,31.2,101.0,Moderate
Hyderabad,2019-03-17,0.54,14.01,31.16,97.0,Satisfactory
Hyderabad,2019-03-18,0.57,14.37,36.09,93.0,Satisfactory
Hyderabad,2019-03-19,0.58,13.61,29.56,85.0,Satisfactory
Hyderabad,2019-03-20,0.58,15.75,30.7,86.0,Satisfactory
Hyderabad,2019-03-21,0.66,18.76,26.62,95.0,Satisfactory
Hyderabad,2019-03-22,0.59,14.34,28.41,87.0,Satisfactory
Hyderabad,2019-03-23,0.73,13.78,37.47,101.0,Moderate
Hyderabad,2019-03-24,0.69,14.17,36.62,111.0,Moderate
Hyderabad,2019-03-25,0.71,13.23,38.91,107.0,Moderate
Hyderabad,2019-03-26,0.74,14.37,40.1,113.0,Moderate
Hyderabad,2019-03-27,0.65,15.65,36.61,107.0,Moderate
Hyderabad,2019-03-28,0.74,15.37,40.49,114.0,Moderate
Hyderabad,2019-03-29,0.79,17.95,47.46,127.0,Moderate
Hyderabad,2019-03-30,0.81,16.4,37.75,132.0,Moderate
Hyderabad,2019-03-31,0.71,19.61,34.71,124.0,Moderate
Hyderabad,2019-04-01,0.56,15.9,36.39,106.0,Moderate
Hyderabad,2019-04-02,0.59,16.27,35.96,114.0,Moderate
Hyderabad,2019-04-03,0.67,16.25,34.95,106.0,Moderate
Hyderabad,2019-04-04,0.58,14.24,32.84,102.0,Moderate
Hyderabad,2019-04-05,0.46,14.06,27.38,93.0,Satisfactory
Hyderabad,2019-04-06,0.57,15.89,34.78,89.0,Satisfactory
Hyderabad,2019-04-07,0.48,14.29,25.54,78.0,Satisfactory
Hyderabad,2019-04-08,0.68,13.2,34.43,80.0,Satisfactory
Hyderabad,2019-04-09,0.75,16.04,41.49,91.0,Satisfactory
Hyderabad,2019-04-10,0.77,13.09,41.35,100.0,Satisfactory
Hyderabad,2019-04-11,0.51,12.4,29.76,87.0,Satisfactory
Hyderabad,2019-04-12,0.54,12.85,32.58,82.0,Satisfactory
Hyderabad,2019-04-13,0.63,12.16,40.08,91.0,Satisfactory
Hyderabad,2019-04-14,0.67,12.37,41.38,102.0,Moderate
Hyderabad,2019-04-15,0.54,11.56,35.15,95.0,Satisfactory
Hyderabad,2019-04-16,0.55,12.53,34.63,104.0,Moderate
Hyderabad,2019-04-17,0.5,11.91,28.9,91.0,Satisfactory
Hyderabad,2019-04-18,0.61,14.45,33.19,96.0,Satisfactory
Hyderabad,2019-04-19,0.51,12.78,30.7,94.0,Satisfactory
Hyderabad,2019-04-20,0.54,13.04,28.22,69.0,Satisfactory
Hyderabad,2019-04-21,0.5,11.97,25.56,69.0,Satisfactory
Hyderabad,2019-04-22,0.53,11.99,26.94,70.0,Satisfactory
Hyderabad,2019-04-23,0.77,14.05,38.86,96.0,Satisfactory
Hyderabad,2019-04-24,0.6,10.98,32.63,92.0,Satisfactory
Hyderabad,2019-04-25,0.65,11.81,34.65,102.0,Moderate
Hyderabad,2019-04-26,0.6,13.17,30.94,108.0,Moderate
Hyderabad,2019-04-27,0.71,15.48,37.2,124.0,Moderate
Hyderabad,2019-04-28,0.6,11.89,27.4,112.0,Moderate
Hyderabad,2019-04-29,0.63,12.63,26.75,103.0,Moderate
Hyderabad,2019-04-30,0.58,13.06,24.08,98.0,Satisfactory
Hyderabad,2019-05-01,0.56,15.53,24.25,96.0,Satisfactory
Hyderabad,2019-05-02,0.49,10.86,26.61,111.0,Moderate
Hyderabad,2019-05-03,0.43,16.18,23.87,119.0,Moderate
Hyderabad,2019-05-04,0.48,20.57,25.55,110.0,Moderate
Hyderabad,2019-05-05,0.53,27.01,32.84,106.0,Moderate
Hyderabad,2019-05-06,0.8,22.07,41.05,118.0,Moderate
Hyderabad,2019-05-07,1.08,19.48,54.4,130.0,Moderate
Hyderabad,2019-05-08,0.78,20.71,42.65,133.0,Moderate
Hyderabad,2019-05-09,0.76,21.34,40.85,132.0,Moderate
Hyderabad,2019-05-10,0.8,21.97,44.32,125.0,Moderate
Hyderabad,2019-05-11,0.72,20.92,27.81,121.0,Moderate
Hyderabad,2019-05-12,0.59,16.92,24.18,104.0,Moderate
Hyderabad,2019-05-13,0.62,16.18,26.81,109.0,Moderate
Hyderabad,2019-05-14,0.5,14.93,24.57,98.0,Satisfactory
Hyderabad,2019-05-15,0.63,14.87,28.26,110.0,Moderate
Hyderabad,2019-05-16,0.61,16.04,28.08,93.0,Satisfactory
Hyderabad,2019-05-17,0.59,15.96,25.97,109.0,Moderate
Hyderabad,2019-05-18,0.63,16.88,29.47,112.0,Moderate
Hyderabad,2019-05-19,0.84,16.8,39.35,134.0,Moderate
Hyderabad,2019-05-20,0.58,16.66,22.09,120.0,Moderate
Hyderabad,2019-05-21,0.5,13.28,20.39,111.0,Moderate
Hyderabad,2019-05-22,0.51,12.62,22.19,109.0,Moderate
Hyderabad,2019-05-23,0.53,12.13,21.49,104.0,Moderate
Hyderabad,2019-05-24,0.63,11.42,24.68,92.0,Satisfactory
Hyderabad,2019-05-25,0.68,12.5,33.57,112.0,Moderate
Hyderabad,2019-05-26,0.82,16.25,44.65,124.0,Moderate
Hyderabad,2019-05-27,0.56,19.38,32.43,114.0,Moderate
Hyderabad,2019-05-28,0.6,17.33,33.95,112.0,Moderate
Hyderabad,2019-05-29,0.79,18.68,41.52,124.0,Moderate
Hyderabad,2019-05-30,0.56,16.58,23.98,119.0,Moderate
Hyderabad,2019-05-31,0.59,12.37,24.28,105.0,Moderate
Hyderabad,2019-06-01,0.54,12.64,25.81,95.0,Satisfactory
Hyderabad,2019-06-02,0.66,11.35,30.78,111.0,Moderate
Hyderabad,2019-06-03,0.44,12.06,19.27,91.0,Satisfactory
Hyderabad,2019-06-04,0.42,12.54,23.84,75.0,Satisfactory
Hyderabad,2019-06-05,0.61,15.16,30.32,86.0,Satisfactory
Hyderabad,2019-06-06,0.43,13.39,23.98,103.0,Moderate
Hyderabad,2019-06-07,0.47,12.67,22.08,89.0,Satisfactory
Hyderabad,2019-06-08,0.69,13.21,30.99,78.0,Satisfactory
Hyderabad,2019-06-09,0.45,15.79,23.4,88.0,Satisfactory
Hyderabad,2019-06-10,0.43,13.74,20.71,75.0,Satisfactory
Hyderabad,2019-06-11,0.36,9.94,19.18,60.0,Satisfactory
Hyderabad,2019-06-12,0.32,7.84,15.47,48.0,Good
Hyderabad,2019-06-13,0.32,11.45,17.24,39.0,Good
Hyderabad,2019-06-14,0.32,7.89,14.46,40.0,Good
Hyderabad,2019-06-15,0.31,9.4,13.52,55.0,Satisfactory
Hyderabad,2019-06-16,0.29,7.41,9.26,57.0,Satisfactory
Hyderabad,2019-06-17,0.32,13.91,12.02,60.0,Satisfactory
Hyderabad,2019-06-18,0.32,16.79,10.98,60.0,Satisfactory
Hyderabad,2019-06-19,0.33,8.03,11.54,60.0,Satisfactory
Hyderabad,2019-06-20,0.32,10.23,11.05,54.0,Satisfactory
Hyderabad,2019-06-21,0.42,7.62,16.83,65.0,Satisfactory
Hyderabad,2019-06-22,0.36,11.75,15.01,60.0,Satisfactory
Hyderabad,2019-06-23,0.46,9.98,19.64,60.0,Satisfactory
Hyderabad,2019-06-24,0.48,10.58,19.86,62.0,Satisfactory
Hyderabad,2019-06-25,0.56,18.18,23.58,62.0,Satisfactory
Hyderabad,2019-06-26,0.29,16.82,13.79,60.0,Satisfactory
Hyderabad,2019-06-27,0.27,10.9,11.88,38.0,Good
Hyderabad,2019-06-28,0.34,7.43,9.71,35.0,Good
Hyderabad,2019-06-29,0.34,7.07,13.54,35.0,Good
Hyderabad,2019-06-30,0.34,15.94,16.94,39.0,Good
Hyderabad,2019-07-01,0.35,15.43,14.66,44.0,Good
Hyderabad,2019-07-02,0.36,9.48,14.34,36.0,Good
Hyderabad,2019-07-03,0.35,7.7,12.48,46.0,Good
Hyderabad,2019-07-04,0.36,8.77,13.84,49.0,Good
Hyderabad,2019-07-05,0.37,7.13,13.5,46.0,Good
Hyderabad,2019-07-06,0.39,5.7,8.82,42.0,Good
Hyderabad,2019-07-07,0.36,5.32,7.09,47.0,Good
Hyderabad,2019-07-08,0.34,6.61,10.33,36.0,Good
Hyderabad,2019-07-09,0.35,5.67,10.7,43.0,Good
Hyderabad,2019-07-10,0.33,4.88,9.99,36.0,Good
Hyderabad,2019-07-11,0.35,8.42,12.01,40.0,Good
Hyderabad,2019-07-12,0.42,13.38,15.07,45.0,Good
Hyderabad,2019-07-13,0.35,8.86,12.2,46.0,Good
Hyderabad,2019-07-14,0.39,4.83,14.78,36.0,Good
Hyderabad,2019-07-15,0.39,7.26,13.46,44.0,Good
Hyderabad,2019-07-16,0.43,9.23,15.32,60.0,Satisfactory
Hyderabad,2019-07-17,0.36,9.85,13.96,68.0,Satisfactory
Hyderabad,2019-07-18,0.41,15.54,14.91,70.0,Satisfactory
Hyderabad,2019-07-19,0.46,14.75,17.52,89.0,Satisfactory
Hyderabad,2019-07-20,0.43,14.52,13.94,64.0,Satisfactory
Hyderabad,2019-07-21,0.41,10.86,13.32,54.0,Satisfactory
Hyderabad,2019-07-22,0.46,9.86,15.41,48.0,Good
Hyderabad,2019-07-23,0.35,8.31,10.58,48.0,Good
Hyderabad,2019-07-24,0.37,6.89,11.32,47.0,Good
Hyderabad,2019-07-25,0.42,8.83,12.51,49.0,Good
Hyderabad,2019-07-26,0.38,20.96,14.61,50.0,Good
Hyderabad,2019-07-27,0.36,9.57,11.87,47.0,Good
Hyderabad,2019-07-28,0.36,7.3,11.57,47.0,Good
Hyderabad,2019-07-29,0.37,7.06,11.77,42.0,Good
Hyderabad,2019-07-30,0.3,9.02,12.12,35.0,Good
Hyderabad,2019-07-31,0.37,10.54,13.33,37.0,Good
Hyderabad,2019-08-01,0.42,6.75,14.94,41.0,Good
Hyderabad,2019-08-02,0.36,5.18,13.12,37.0,Good
Hyderabad,2019-08-03,0.33,4.52,11.92,39.0,Good
Hyderabad,2019-08-04,0.3,4.28,12.57,36.0,Good
Hyderabad,2019-08-05,0.33,13.28,12.93,37.0,Good
Hyderabad,2019-08-06,0.46,20.31,15.18,51.0,Satisfactory
Hyderabad,2019-08-07,0.38,16.85,16.76,46.0,Good
Hyderabad,2019-08-08,0.42,14.56,19.4,47.0,Good
Hyderabad,2019-08-09,0.36,13.47,13.58,46.0,Good
Hyderabad,2019-08-10,0.32,8.7,15.1,45.0,Good
Hyderabad,2019-08-11,0.37,11.66,16.94,50.0,Good
Hyderabad,2019-08-12,0.45,14.58,19.45,63.0,Satisfactory
Hyderabad,2019-08-13,0.42,21.21,29.89,72.0,Satisfactory
Hyderabad,2019-08-14,0.36,21.06,25.02,75.0,Satisfactory
Hyderabad,2019-08-15,0.31,23.05,21.68,58.0,Satisfactory
Hyderabad,2019-08-16,0.38,19.31,24.22,53.0,Satisfactory
Hyderabad,2019-08-17,0.38,19.41,24.44,69.0,Satisfactory
Hyderabad,2019-08-18,0.42,19.28,32.88,89.0,Satisfactory
Hyderabad,2019-08-19,0.37,27.35,30.57,85.0,Satisfactory
Hyderabad,2019-08-20,0.48,22.3,29.66,82.0,Satisfactory
Hyderabad,2019-08-21,0.53,21.82,23.96,75.0,Satisfactory
Hyderabad,2019-08-22,0.52,28.92,19.28,67.0,Satisfactory
Hyderabad,2019-08-23,0.43,24.21,16.82,65.0,Satisfactory
Hyderabad,2019-08-24,0.28,25.25,16.19,51.0,Satisfactory
Hyderabad,2019-08-25,0.37,17.83,17.27,51.0,Satisfactory
Hyderabad,2019-08-26,0.38,12.11,19.36,52.0,Satisfactory
Hyderabad,2019-08-27,0.38,11.57,15.9,65.0,Satisfactory
Hyderabad,2019-08-28,0.37,10.32,16.68,68.0,Satisfactory
Hyderabad,2019-08-29,0.42,10.29,17.85,65.0,Satisfactory
Hyderabad,2019-08-30,0.4,16.41,16.99,54.0,Satisfactory
Hyderabad,2019-08-31,0.38,17.6,15.96,41.0,Good
Hyderabad,2019-09-01,0.4,10.97,12.75,44.0,Good
Hyderabad,2019-09-02,0.38,19.91,11.79,38.0,Good
Hyderabad,2019-09-03,0.36,24.34,12.69,38.0,Good
Hyderabad,2019-09-04,0.38,12.93,12.34,35.0,Good
Hyderabad,2019-09-05,0.3,9.44,15.09,32.0,Good
Hyderabad,2019-09-06,0.28,13.51,12.37,34.0,Good
Hyderabad,2019-09-07,0.3,11.54,12.65,32.0,Good
Hyderabad,2019-09-08,0.31,9.23,11.43,33.0,Good
Hyderabad,2019-09-09,0.34,9.64,13.38,36.0,Good
Hyderabad,2019-09-10,0.31,7.77,13.26,39.0,Good
Hyderabad,2019-09-11,0.35,10.04,16.45,50.0,Good
Hyderabad,2019-09-12,0.31,14.77,14.72,57.0,Satisfactory
Hyderabad,2019-09-13,0.34,9.73,13.08,49.0,Good
Hyderabad,2019-09-14,0.36,13.02,15.41,48.0,Good
Hyderabad,2019-09-15,0.52,16.0,16.52,61.0,Satisfactory
Hyderabad,2019-09-16,0.38,11.85,15.93,65.0,Satisfactory
Hyderabad,2019-09-17,0.4,13.33,14.76,65.0,Satisfactory
Hyderabad,2019-09-18,0.51,11.76,22.53,65.0,Satisfactory
Hyderabad,2019-09-19,0.53,9.46,21.02,56.0,Satisfactory
Hyderabad,2019-09-20,0.48,8.95,21.37,53.0,Satisfactory
Hyderabad,2019-09-21,0.46,8.86,19.01,61.0,Satisfactory
Hyderabad,2019-09-22,0.48,8.92,22.14,61.0,Satisfactory
Hyderabad,2019-09-23,0.63,9.29,25.85,65.0,Satisfactory
Hyderabad,2019-09-24,0.5,9.97,25.87,60.0,Satisfactory
Hyderabad,2019-09-25,0.45,9.31,21.84,49.0,Good
Hyderabad,2019-09-26,0.44,7.87,15.21,53.0,Satisfactory
Hyderabad,2019-09-27,0.33,7.66,14.23,38.0,Good
Hyderabad,2019-09-28,0.4,9.7,15.5,44.0,Good
Hyderabad,2019-09-29,0.62,7.79,21.56,63.0,Satisfactory
Hyderabad,2019-09-30,0.82,8.47,28.89,75.0,Satisfactory
Hyderabad,2019-10-01,0.67,8.78,21.75,87.0,Satisfactory
Hyderabad,2019-10-02,0.53,11.43,21.43,72.0,Satisfactory
Hyderabad,2019-10-03,0.59,10.17,24.9,85.0,Satisfactory
Hyderabad,2019-10-04,0.65,11.55,24.27,81.0,Satisfactory
Hyderabad,2019-10-05,0.61,12.44,26.37,71.0,Satisfactory
Hyderabad,2019-10-06,0.62,13.03,26.42,82.0,Satisfactory
Hyderabad,2019-10-07,0.57,12.66,23.98,86.0,Satisfactory
Hyderabad,2019-10-08,0.57,12.32,21.05,95.0,Satisfactory
Hyderabad,2019-10-09,0.66,11.62,25.34,92.0,Satisfactory
Hyderabad,2019-10-10,0.63,9.82,32.44,80.0,Satisfactory
Hyderabad,2019-10-11,0.55,9.95,26.75,70.0,Satisfactory
Hyderabad,2019-10-12,0.56,9.07,27.6,67.0,Satisfactory
Hyderabad,2019-10-13,0.58,9.32,24.49,70.0,Satisfactory
Hyderabad,2019-10-14,0.56,10.4,24.54,88.0,Satisfactory
Hyderabad,2019-10-15,0.54,10.26,23.13,98.0,Satisfactory
Hyderabad,2019-10-16,0.67,9.63,28.52,98.0,Satisfactory
Hyderabad,2019-10-17,0.63,8.62,27.32,117.0,Moderate
Hyderabad,2019-10-18,0.5,7.35,20.85,64.0,Satisfactory
Hyderabad,2019-10-19,0.48,7.06,21.67,54.0,Satisfactory
Hyderabad,2019-10-20,0.62,8.1,23.54,63.0,Satisfactory
Hyderabad,2019-10-21,0.51,7.59,21.12,53.0,Satisfactory
Hyderabad,2019-10-22,0.65,9.75,27.1,71.0,Satisfactory
Hyderabad,2019-10-23,0.57,10.32,23.75,78.0,Satisfactory
Hyderabad,2019-10-24,0.6,13.38,19.81,72.0,Satisfactory
Hyderabad,2019-10-25,0.49,10.27,22.14,51.0,Satisfactory
Hyderabad,2019-10-26,0.44,8.98,18.42,52.0,Satisfactory
Hyderabad,2019-10-27,0.45,10.41,21.39,59.0,Satisfactory
Hyderabad,2019-10-28,0.59,11.32,24.01,126.0,Moderate
Hyderabad,2019-10-29,0.64,10.59,25.96,94.0,Satisfactory
Hyderabad,2019-10-30,0.98,10.16,26.24,82.0,Satisfactory
Hyderabad,2019-10-31,0.86,9.06,19.89,76.0,Satisfactory
Hyderabad,2019-11-01,0.46,9.79,20.95,54.0,Satisfactory
Hyderabad,2019-11-02,0.61,9.6,25.34,66.0,Satisfactory
Hyderabad,2019-11-03,0.59,11.06,22.49,84.0,Satisfactory
Hyderabad,2019-11-04,0.64,15.21,25.82,96.0,Satisfactory
Hyderabad,2019-11-05,0.75,23.37,36.15,155.0,Moderate
Hyderabad,2019-11-06,0.85,20.55,35.47,177.0,Moderate
Hyderabad,2019-11-07,0.65,15.01,27.89,155.0,Moderate
Hyderabad,2019-11-08,0.71,15.53,29.95,131.0,Moderate
Hyderabad,2019-11-09,0.67,15.9,29.9,156.0,Moderate
Hyderabad,2019-11-10,0.57,12.72,28.07,169.0,Moderate
Hyderabad,2019-11-11,0.64,11.9,30.62,122.0,Moderate
Hyderabad,2019-11-12,0.48,11.32,27.67,104.0,Moderate
Hyderabad,2019-11-13,0.55,10.87,32.29,123.0,Moderate
Hyderabad,2019-11-14,0.6,11.7,28.91,125.0,Moderate
Hyderabad,2019-11-15,0.67,12.01,34.06,127.0,Moderate
Hyderabad,2019-11-16,0.67,12.6,33.39,141.0,Moderate
Hyderabad,2019-11-17,0.66,13.55,30.37,131.0,Moderate
Hyderabad,2019-11-18,0.71,15.46,35.4,145.0,Moderate
Hyderabad,2019-11-19,0.68,15.59,32.85,165.0,Moderate
Hyderabad,2019-11-20,0.69,13.49,38.32,181.0,Moderate
Hyderabad,2019-11-21,0.7,10.53,38.44,161.0,Moderate
Hyderabad,2019-11-22,0.76,11.35,40.26,161.0,Moderate
Hyderabad,2019-11-23,0.77,13.8,42.14,159.0,Moderate
Hyderabad,2019-11-24,0.79,14.89,38.39,156.0,Moderate
Hyderabad,2019-11-25,0.72,12.62,35.5,163.0,Moderate
Hyderabad,2019-11-26,0.7,11.0,31.01,176.0,Moderate
Hyderabad,2019-11-27,0.85,10.22,38.76,154.0,Moderate
Hyderabad,2019-11-28,0.88,13.02,49.64,146.0,Moderate
Hyderabad,2019-11-29,0.79,16.02,44.76,129.0,Moderate
Hyderabad,2019-11-30,0.79,17.83,40.93,127.0,Moderate
Hyderabad,2019-12-01,0.7,14.62,32.04,127.0,Moderate
Hyderabad,2019-12-02,0.61,13.54,26.88,92.0,Satisfactory
Hyderabad,2019-12-03,0.75,12.29,36.08,75.0,Satisfactory
Hyderabad,2019-12-04,0.81,14.17,38.31,144.0,Moderate
Hyderabad,2019-12-05,0.92,15.47,47.96,172.0,Moderate
Hyderabad,2019-12-06,0.86,15.81,46.9,178.0,Moderate
Hyderabad,2019-12-07,0.82,14.05,49.14,186.0,Moderate
Hyderabad,2019-12-08,0.83,14.96,42.75,156.0,Moderate
Hyderabad,2019-12-09,0.89,16.72,41.58,119.0,Moderate
Hyderabad,2019-12-10,0.86,14.78,43.91,117.0,Moderate
Hyderabad,2019-12-11,0.92,14.38,45.83,125.0,Moderate
Hyderabad,2019-12-12,0.78,13.92,44.15,125.0,Moderate
Hyderabad,2019-12-13,0.61,13.97,32.41,85.0,Satisfactory
Hyderabad,2019-12-14,0.67,14.5,35.37,78.0,Satisfactory
Hyderabad,2019-12-15,0.66,14.16,31.45,87.0,Satisfactory
Hyderabad,2019-12-16,0.75,14.67,39.89,96.0,Satisfactory
Hyderabad,2019-12-17,0.84,17.47,45.94,120.0,Moderate
Hyderabad,2019-12-18,0.91,19.48,48.4,150.0,Moderate
Hyderabad,2019-12-19,0.92,17.5,45.84,147.0,Moderate
Hyderabad,2019-12-20,1.0,17.39,52.39,151.0,Moderate
Hyderabad,2019-12-21,0.84,18.8,45.79,172.0,Moderate
Hyderabad,2019-12-22,0.66,19.15,41.34,166.0,Moderate
Hyderabad,2019-12-23,0.73,16.81,41.57,157.0,Moderate
Hyderabad,2019-12-24,0.63,14.8,34.51,130.0,Moderate
Hyderabad,2019-12-25,0.74,14.82,33.0,131.0,Moderate
Hyderabad,2019-12-26,0.75,13.26,33.93,128.0,Moderate
Hyderabad,2019-12-27,0.73,13.04,36.66,119.0,Moderate
Hyderabad,2019-12-28,0.72,13.24,39.62,130.0,Moderate
Hyderabad,2019-12-29,0.79,13.85,44.53,158.0,Moderate
Hyderabad,2019-12-30,0.81,13.41,36.32,143.0,Moderate
Hyderabad,2019-12-31,0.68,14.24,30.94,107.0,Moderate
Hyderabad,2020-01-01,0.65,13.79,25.88,82.0,Satisfactory
Hyderabad,2020-01-02,0.61,13.76,27.43,64.0,Satisfactory
Hyderabad,2020-01-03,0.57,13.49,25.24,64.0,Satisfactory
Hyderabad,2020-01-04,0.7,15.35,29.78,87.0,Satisfactory
Hyderabad,2020-01-05,0.57,15.44,34.05,112.0,Moderate
Hyderabad,2020-01-06,0.75,13.85,36.85,125.0,Moderate
Hyderabad,2020-01-07,0.6,13.18,30.38,93.0,Satisfactory
Hyderabad,2020-01-08,0.45,12.15,25.03,82.0,Satisfactory
Hyderabad,2020-01-09,0.52,15.74,29.5,84.0,Satisfactory
Hyderabad,2020-01-10,0.52,16.41,29.58,123.0,Moderate
Hyderabad,2020-01-11,0.62,16.45,41.69,149.0,Moderate
Hyderabad,2020-01-12,0.57,17.71,42.49,140.0,Moderate
Hyderabad,2020-01-13,0.61,17.95,46.15,128.0,Moderate
Hyderabad,2020-01-14,0.63,23.48,40.97,134.0,Moderate
Hyderabad,2020-01-15,0.42,20.92,25.29,119.0,Moderate
Hyderabad,2020-01-16,0.38,18.35,22.05,76.0,Satisfactory
Hyderabad,2020-01-17,0.44,15.93,27.84,66.0,Satisfactory
Hyderabad,2020-01-18,0.48,14.58,29.5,69.0,Satisfactory
Hyderabad,2020-01-19,0.43,14.75,27.74,74.0,Satisfactory
Hyderabad,2020-01-20,0.47,16.02,30.46,77.0,Satisfactory
Hyderabad,2020-01-21,0.46,17.04,32.37,84.0,Satisfactory
Hyderabad,2020-01-22,0.48,17.7,31.8,84.0,Satisfactory
Hyderabad,2020-01-23,0.62,18.33,43.87,106.0,Moderate
Hyderabad,2020-01-24,0.66,19.87,49.49,125.0,Moderate
Hyderabad,2020-01-25,0.7,22.15,47.05,133.0,Moderate
Hyderabad,2020-01-26,0.63,22.36,43.0,131.0,Moderate
Hyderabad,2020-01-27,0.56,22.01,38.53,128.0,Moderate
Hyderabad,2020-01-28,0.45,22.99,29.77,107.0,Moderate
Hyderabad,2020-01-29,0.56,27.52,38.77,128.0,Moderate
Hyderabad,2020-01-30,0.57,24.9,36.66,126.0,Moderate
Hyderabad,2020-01-31,0.47,31.58,38.18,141.0,Moderate
Hyderabad,2020-02-01,0.4,44.44,40.69,99.0,Satisfactory
Hyderabad,2020-02-02,0.45,20.47,29.28,77.0,Satisfactory
Hyderabad,2020-02-03,0.42,19.85,30.21,76.0,Satisfactory
Hyderabad,2020-02-04,0.42,18.8,31.23,71.0,Satisfactory
Hyderabad,2020-02-05,0.44,18.89,34.88,70.0,Satisfactory
Hyderabad,2020-02-06,0.4,19.47,41.17,80.0,Satisfactory
Hyderabad,2020-02-07,0.39,16.24,28.37,80.0,Satisfactory
Hyderabad,2020-02-08,0.45,16.84,28.55,79.0,Satisfactory
Hyderabad,2020-02-09,0.49,16.83,27.11,82.0,Satisfactory
Hyderabad,2020-02-10,0.48,15.89,29.29,68.0,Satisfactory
Hyderabad,2020-02-11,0.49,15.85,29.93,75.0,Satisfactory
Hyderabad,2020-02-12,0.6,16.47,36.64,94.0,Satisfactory
Hyderabad,2020-02-13,0.6,17.28,43.3,122.0,Moderate
Hyderabad,2020-02-14,0.85,20.31,60.15,146.0,Moderate
Hyderabad,2020-02-15,0.8,22.58,57.58,154.0,Moderate
Hyderabad,2020-02-16,0.56,25.29,43.19,140.0,Moderate
Hyderabad,2020-02-17,0.63,24.82,44.99,126.0,Moderate
Hyderabad,2020-02-18,0.57,23.78,47.25,116.0,Moderate
Hyderabad,2020-02-19,0.58,26.32,44.57,112.0,Moderate
Hyderabad,2020-02-20,0.41,19.79,27.45,97.0,Satisfactory
Hyderabad,2020-02-21,0.35,17.45,22.96,86.0,Satisfactory
Hyderabad,2020-02-22,0.37,16.2,27.78,72.0,Satisfactory
Hyderabad,2020-02-23,0.39,15.89,24.85,68.0,Satisfactory
Hyderabad,2020-02-24,0.46,16.28,27.31,70.0,Satisfactory
Hyderabad,2020-02-25,0.46,20.99,28.15,86.0,Satisfactory
Hyderabad,2020-02-26,0.51,21.99,34.26,112.0,Moderate
Hyderabad,2020-02-27,0.41,16.36,33.43,108.0,Moderate
Hyderabad,2020-02-28,0.43,21.13,29.75,97.0,Satisfactory
Hyderabad,2020-02-29,0.51,21.76,25.56,91.0,Satisfactory
Hyderabad,2020-03-01,0.58,20.04,27.41,92.0,Satisfactory
Hyderabad,2020-03-02,0.59,20.01,31.95,95.0,Satisfactory
Hyderabad,2020-03-03,0.52,17.38,27.73,97.0,Satisfactory
Hyderabad,2020-03-04,0.52,20.08,29.56,106.0,Moderate
Hyderabad,2020-03-05,0.64,22.86,37.61,113.0,Moderate
Hyderabad,2020-03-06,0.44,20.08,23.4,100.0,Satisfactory
Hyderabad,2020-03-07,0.46,17.74,25.4,85.0,Satisfactory
Hyderabad,2020-03-08,0.46,16.43,22.05,77.0,Satisfactory
Hyderabad,2020-03-09,0.5,11.49,22.79,70.0,Satisfactory
Hyderabad,2020-03-10,0.44,11.85,21.21,65.0,Satisfactory
Hyderabad,2020-03-11,0.48,14.8,26.85,62.0,Satisfactory
Hyderabad,2020-03-12,0.58,13.76,30.61,78.0,Satisfactory
Hyderabad,2020-03-13,0.46,13.03,25.71,79.0,Satisfactory
Hyderabad,2020-03-14,0.53,14.14,28.19,75.0,Satisfactory
Hyderabad,2020-03-15,0.49,13.87,27.55,82.0,Satisfactory
Hyderabad,2020-03-16,0.53,18.46,28.5,71.0,Satisfactory
Hyderabad,2020-03-17,0.47,12.91,29.65,67.0,Satisfactory
Hyderabad,2020-03-18,0.51,11.78,31.53,67.0,Satisfactory
Hyderabad,2020-03-19,0.68,14.85,33.52,87.0,Satisfactory
Hyderabad,2020-03-20,0.52,11.25,25.04,79.0,Satisfactory
Hyderabad,2020-03-21,0.57,10.92,24.68,84.0,Satisfactory
Hyderabad,2020-03-22,0.49,11.33,20.45,102.0,Moderate
Hyderabad,2020-03-23,0.46,11.63,14.21,73.0,Satisfactory
Hyderabad,2020-03-24,0.4,10.04,12.33,66.0,Satisfactory
Hyderabad,2020-03-25,0.4,11.26,12.7,60.0,Satisfactory
Hyderabad,2020-03-26,0.37,9.25,12.23,59.0,Satisfactory
Hyderabad,2020-03-27,0.36,9.0,12.16,65.0,Satisfactory
Hyderabad,2020-03-28,0.39,10.69,11.67,70.0,Satisfactory
Hyderabad,2020-03-29,0.47,11.83,19.37,75.0,Satisfactory
Hyderabad,2020-03-30,0.41,9.62,19.35,72.0,Satisfactory
Hyderabad,2020-03-31,0.49,10.08,19.9,68.0,Satisfactory
Hyderabad,2020-04-01,0.65,11.07,19.98,87.0,Satisfactory
Hyderabad,2020-04-02,0.55,11.34,19.75,88.0,Satisfactory
Hyderabad,2020-04-03,0.51,10.45,18.95,73.0,Satisfactory
Hyderabad,2020-04-04,0.5,10.48,21.26,67.0,Satisfactory
Hyderabad,2020-04-05,0.44,11.57,16.71,66.0,Satisfactory
Hyderabad,2020-04-06,0.66,14.86,18.52,64.0,Satisfactory
Hyderabad,2020-04-07,0.8,20.62,22.67,77.0,Satisfactory
Hyderabad,2020-04-08,0.41,18.78,20.46,56.0,Satisfactory
Hyderabad,2020-04-09,0.51,15.14,25.74,59.0,Satisfactory
Hyderabad,2020-04-10,0.52,14.41,31.96,62.0,Satisfactory
Hyderabad,2020-04-11,0.38,13.54,27.24,55.0,Satisfactory
Hyderabad,2020-04-12,0.4,13.12,21.68,61.0,Satisfactory
Hyderabad,2020-04-13,0.41,13.2,18.03,68.0,Satisfactory
Hyderabad,2020-04-14,0.38,14.34,19.72,74.0,Satisfactory
Hyderabad,2020-04-15,0.41,11.99,18.3,74.0,Satisfactory
Hyderabad,2020-04-16,0.49,12.6,18.82,70.0,Satisfactory
Hyderabad,2020-04-17,0.51,16.41,21.35,74.0,Satisfactory
Hyderabad,2020-04-18,0.5,16.54,25.01,75.0,Satisfactory
Hyderabad,2020-04-19,0.38,17.69,24.42,67.0,Satisfactory
Hyderabad,2020-04-20,0.38,15.19,25.39,58.0,Satisfactory
Hyderabad,2020-04-21,0.5,22.58,29.99,54.0,Satisfactory
Hyderabad,2020-04-22,0.39,17.45,26.18,50.0,Good
Hyderabad,2020-04-23,0.45,14.74,24.7,53.0,Satisfactory
Hyderabad,2020-04-24,0.44,14.59,22.09,63.0,Satisfactory
Hyderabad,2020-04-25,0.46,13.7,24.4,62.0,Satisfactory
Hyderabad,2020-04-26,0.42,15.52,20.64,71.0,Satisfactory
Hyderabad,2020-04-27,0.44,11.94,21.98,56.0,Satisfactory
Hyderabad,2020-04-28,0.39,12.67,19.73,56.0,Satisfactory
Hyderabad,2020-04-29,0.41,10.4,22.21,51.0,Satisfactory
Hyderabad,2020-04-30,0.6,12.94,24.27,59.0,Satisfactory
Hyderabad,2020-05-01,0.64,13.87,22.43,67.0,Satisfactory
Hyderabad,2020-05-02,0.54,11.77,25.22,54.0,Satisfactory
Hyderabad,2020-05-03,0.49,12.42,26.32,70.0,Satisfactory
Hyderabad,2020-05-04,0.48,13.31,22.57,77.0,Satisfactory
Hyderabad,2020-05-05,0.45,13.46,24.86,71.0,Satisfactory
Hyderabad,2020-05-06,0.52,12.26,21.51,73.0,Satisfactory
Hyderabad,2020-05-07,0.41,12.1,21.67,59.0,Satisfactory
Hyderabad,2020-05-08,0.45,12.8,22.97,65.0,Satisfactory
Hyderabad,2020-05-09,0.37,11.16,21.1,69.0,Satisfactory
Hyderabad,2020-05-10,0.43,10.57,26.08,65.0,Satisfactory
Hyderabad,2020-05-11,0.53,13.24,30.29,83.0,Satisfactory
Hyderabad,2020-05-12,0.47,12.49,27.82,74.0,Satisfactory
Hyderabad,2020-05-13,0.38,9.87,24.07,64.0,Satisfactory
Hyderabad,2020-05-14,0.35,10.65,21.85,60.0,Satisfactory
Hyderabad,2020-05-15,0.34,10.57,23.33,60.0,Satisfactory
Hyderabad,2020-05-16,0.46,11.9,26.37,67.0,Satisfactory
Hyderabad,2020-05-17,0.49,12.15,28.5,70.0,Satisfactory
Hyderabad,2020-05-18,0.43,13.06,27.66,72.0,Satisfactory
Hyderabad,2020-05-19,0.52,14.39,30.17,93.0,Satisfactory
Hyderabad,2020-05-20,0.44,30.92,31.45,106.0,Moderate
Hyderabad,2020-05-21,0.43,29.77,33.69,109.0,Moderate
Hyderabad,2020-05-22,0.68,13.84,38.9,114.0,Moderate
Hyderabad,2020-05-23,0.62,16.26,35.83,122.0,Moderate
Hyderabad,2020-05-24,0.52,14.07,26.38,116.0,Moderate
Hyderabad,2020-05-25,0.44,18.83,22.72,102.0,Moderate
Hyderabad,2020-05-26,0.45,12.36,23.19,89.0,Satisfactory
Hyderabad,2020-05-27,0.44,8.61,24.26,87.0,Satisfactory
Hyderabad,2020-05-28,0.41,7.0,26.37,86.0,Satisfactory
Hyderabad,2020-05-29,0.34,12.99,24.05,84.0,Satisfactory
Hyderabad,2020-05-30,0.33,9.55,23.9,65.0,Satisfactory
Hyderabad,2020-05-31,0.43,10.88,27.75,67.0,Satisfactory
Hyderabad,2020-06-01,0.42,14.11,30.48,55.0,Satisfactory
Hyderabad,2020-06-02,0.33,14.73,23.75,79.0,Satisfactory
Hyderabad,2020-06-03,0.34,15.97,20.72,38.0,Good
Hyderabad,2020-06-04,0.3,13.38,18.89,33.0,Good
Hyderabad,2020-06-05,0.3,14.51,22.78,38.0,Good
Hyderabad,2020-06-06,0.29,19.79,20.88,58.0,Satisfactory
Hyderabad,2020-06-07,0.3,22.6,18.0,64.0,Satisfactory
Hyderabad,2020-06-08,0.32,20.52,19.5,54.0,Satisfactory
Hyderabad,2020-06-09,0.31,21.26,19.43,57.0,Satisfactory
Hyderabad,2020-06-10,0.28,15.23,21.57,48.0,Good
Hyderabad,2020-06-11,0.27,19.95,23.97,42.0,Good
Hyderabad,2020-06-12,0.28,23.05,21.01,42.0,Good
Hyderabad,2020-06-13,0.29,10.64,19.35,38.0,Good
Hyderabad,2020-06-14,0.26,11.98,19.97,32.0,Good
Hyderabad,2020-06-15,0.31,12.69,19.95,33.0,Good
Hyderabad,2020-06-16,0.31,9.12,17.7,31.0,Good
Hyderabad,2020-06-17,0.28,9.94,18.86,29.0,Good
Hyderabad,2020-06-18,0.26,9.71,18.92,30.0,Good
Hyderabad,2020-06-19,0.27,18.62,20.73,37.0,Good
Hyderabad,2020-06-20,0.26,20.92,19.96,52.0,Satisfactory
Hyderabad,2020-06-21,0.25,27.63,21.8,56.0,Satisfactory
Hyderabad,2020-06-22,0.26,20.05,21.71,60.0,Satisfactory
Hyderabad,2020-06-23,0.32,11.81,22.45,51.0,Satisfactory
Hyderabad,2020-06-24,0.36,7.3,24.72,51.0,Satisfactory
Hyderabad,2020-06-25,0.35,8.93,25.42,52.0,Satisfactory
Hyderabad,2020-06-26,0.34,9.63,21.78,52.0,Satisfactory
Hyderabad,2020-06-27,0.36,9.34,22.64,58.0,Satisfactory
Hyderabad,2020-06-28,0.36,11.09,22.73,49.0,Good
Hyderabad,2020-06-29,0.38,13.09,27.59,47.0,Good
Hyderabad,2020-06-30,0.39,10.8,24.58,46.0,Good
Hyderabad,2020-07-01,0.43,9.32,27.18,48.0,Good
Jaipur,2017-06-20,0.81,8.17,6.16,149.0,Moderate
Jaipur,2017-06-21,0.71,5.1,2.98,126.0,Moderate
Jaipur,2017-06-22,0.74,5.04,3.11,85.0,Satisfactory
Jaipur,2017-06-23,0.68,3.8,3.27,62.0,Satisfactory
Jaipur,2017-06-24,0.77,13.26,1.68,77.0,Satisfactory
Jaipur,2017-06-25,0.73,0.89,0.01,86.0,Satisfactory
Jaipur,2017-06-26,1.01,1.19,0.07,90.0,Satisfactory
Jaipur,2017-06-28,0.86,0.34,6.36,59.0,Satisfactory
Jaipur,2017-07-01,0.89,1.12,6.02,55.0,Satisfactory
Jaipur,2017-07-02,1.02,1.12,5.99,80.0,Satisfactory
Jaipur,2017-07-03,0.86,28.45,3.67,58.0,Satisfactory
Jaipur,2017-07-04,0.8,16.31,6.86,78.0,Satisfactory
Jaipur,2017-07-05,0.74,6.45,10.75,94.0,Satisfactory
Jaipur,2017-07-06,0.56,6.36,10.53,107.0,Moderate
Jaipur,2017-07-07,0.64,6.59,10.05,118.0,Moderate
Jaipur,2017-07-08,0.67,6.53,9.68,96.0,Satisfactory
Jaipur,2017-07-09,0.64,5.6,10.14,85.0,Satisfactory
Jaipur,2017-07-10,0.68,5.34,10.29,75.0,Satisfactory
Jaipur,2017-07-11,1.8,4.73,11.14,108.0,Moderate
Jaipur,2017-07-13,0.74,1.49,10.95,61.0,Satisfactory
Jaipur,2017-07-14,0.72,1.01,11.36,53.0,Satisfactory
Jaipur,2017-07-15,0.8,3.02,15.55,67.0,Satisfactory
Jaipur,2017-07-16,0.79,5.03,21.27,81.0,Satisfactory
Jaipur,2017-07-17,0.77,5.31,21.08,83.0,Satisfactory
Jaipur,2017-07-18,0.7,5.62,20.67,75.0,Satisfactory
Jaipur,2017-07-20,0.42,5.81,15.02,82.0,Satisfactory
Jaipur,2017-07-21,0.41,25.69,20.46,86.0,Satisfactory
Jaipur,2017-07-22,0.17,17.67,23.7,66.0,Satisfactory
Jaipur,2017-07-26,0.22,19.2,24.67,89.0,Satisfactory
Jaipur,2017-07-27,0.34,19.91,24.5,86.0,Satisfactory
Jaipur,2017-07-28,0.17,18.94,24.74,88.0,Satisfactory
Jaipur,2017-08-01,0.13,21.13,24.5,103.0,Moderate
Jaipur,2017-08-03,0.23,22.46,21.16,106.0,Moderate
Jaipur,2017-08-04,0.69,17.15,24.65,115.0,Moderate
Jaipur,2017-08-05,0.61,16.99,24.79,157.0,Moderate
Jaipur,2017-08-06,0.62,17.14,24.63,173.0,Moderate
Jaipur,2017-08-07,0.68,16.97,24.76,161.0,Moderate
Jaipur,2017-08-08,0.81,17.76,24.55,118.0,Moderate
Jaipur,2017-08-09,0.74,17.46,28.04,116.0,Moderate
Jaipur,2017-08-10,0.68,16.89,31.2,103.0,Moderate
Jaipur,2017-08-11,0.62,16.67,30.79,96.0,Satisfactory
Jaipur,2017-08-12,0.57,16.47,30.21,83.0,Satisfactory
Jaipur,2017-08-13,0.53,16.15,29.39,78.0,Satisfactory
Jaipur,2017-08-14,0.77,16.33,30.08,92.0,Satisfactory
Jaipur,2017-08-15,0.8,16.44,30.34,116.0,Moderate
Jaipur,2017-08-16,0.57,16.53,30.61,112.0,Moderate
Jaipur,2017-08-22,0.62,16.23,30.02,95.0,Satisfactory
Jaipur,2017-08-23,0.69,16.55,30.72,88.0,Satisfactory
Jaipur,2017-08-24,0.72,16.81,31.43,76.0,Satisfactory
Jaipur,2017-08-25,0.68,16.68,31.04,88.0,Satisfactory
Jaipur,2017-08-26,0.65,16.64,31.13,91.0,Satisfactory
Jaipur,2017-08-27,0.61,16.45,30.39,107.0,Moderate
Jaipur,2017-08-28,0.86,15.14,26.11,118.0,Moderate
Jaipur,2017-08-30,0.64,17.11,26.68,115.0,Moderate
Jaipur,2017-08-31,0.55,16.8,25.78,130.0,Moderate
Jaipur,2017-09-01,0.55,16.89,26.03,184.0,Moderate
Jaipur,2017-09-02,0.45,16.96,26.6,233.0,Poor
Jaipur,2017-09-03,0.13,17.03,26.42,79.0,Satisfactory
Jaipur,2017-09-04,0.18,17.57,27.74,92.0,Satisfactory
Jaipur,2017-09-05,0.19,17.44,27.81,105.0,Moderate
Jaipur,2017-09-06,0.23,17.73,28.13,110.0,Moderate
Jaipur,2017-09-07,0.26,18.13,29.7,118.0,Moderate
Jaipur,2017-09-08,0.24,17.95,29.02,119.0,Moderate
Jaipur,2017-09-09,0.24,17.99,29.37,127.0,Moderate
Jaipur,2017-09-10,0.2,17.44,28.04,127.0,Moderate
Jaipur,2017-09-11,0.18,17.24,27.34,111.0,Moderate
Jaipur,2017-09-12,0.2,17.16,27.2,111.0,Moderate
Jaipur,2017-09-13,0.24,17.38,27.68,91.0,Satisfactory
Jaipur,2017-09-14,0.32,18.16,29.45,102.0,Moderate
Jaipur,2017-09-15,0.2,17.77,29.1,142.0,Moderate
Jaipur,2017-09-16,0.21,17.74,29.0,135.0,Moderate
Jaipur,2017-09-17,0.22,17.5,28.37,149.0,Moderate
Jaipur,2017-09-18,0.31,18.54,31.45,138.0,Moderate
Jaipur,2017-09-19,0.94,18.73,32.22,146.0,Moderate
Jaipur,2017-09-20,0.86,46.08,41.96,164.0,Moderate
Jaipur,2017-09-21,0.7,64.55,42.54,125.0,Moderate
Jaipur,2017-09-22,0.21,55.21,35.41,88.0,Satisfactory
Jaipur,2017-09-23,0.23,56.62,41.12,84.0,Satisfactory
Jaipur,2017-09-24,0.21,52.22,38.77,118.0,Moderate
Jaipur,2017-09-25,0.19,50.76,37.89,96.0,Satisfactory
Jaipur,2017-09-27,0.25,66.3,48.71,128.0,Moderate
Jaipur,2017-09-28,0.16,64.77,47.48,109.0,Moderate
Jaipur,2017-09-29,0.23,84.46,54.73,139.0,Moderate
Jaipur,2017-09-30,0.3,86.2,58.87,190.0,Moderate
Jaipur,2017-10-01,0.27,87.01,57.12,202.0,Poor
Jaipur,2017-10-02,0.25,69.51,49.69,114.0,Moderate
Jaipur,2017-10-03,0.23,76.06,54.68,118.0,Moderate
Jaipur,2017-10-04,0.25,87.28,60.61,181.0,Moderate
Jaipur,2017-10-05,0.17,64.25,46.53,168.0,Moderate
Jaipur,2017-10-07,0.24,67.27,45.85,159.0,Moderate
Jaipur,2017-10-08,0.24,62.2,44.42,195.0,Moderate
Jaipur,2017-10-09,0.29,64.8,47.37,235.0,Poor
Jaipur,2017-10-10,0.31,67.66,50.37,244.0,Poor
Jaipur,2017-10-11,0.3,56.05,32.03,206.0,Poor
Jaipur,2017-10-12,0.31,38.2,18.55,232.0,Poor
Jaipur,2017-10-13,0.58,43.96,21.24,254.0,Poor
Jaipur,2017-10-14,0.8,42.12,22.34,275.0,Poor
Jaipur,2017-10-15,0.83,35.78,25.56,238.0,Poor
Jaipur,2017-10-16,0.91,24.51,15.79,225.0,Poor
Jaipur,2017-10-17,0.68,31.18,49.67,249.0,Poor
Jaipur,2017-10-18,0.6,32.79,35.33,250.0,Poor
Jaipur,2017-10-19,0.62,23.48,29.65,213.0,Poor
Jaipur,2017-10-20,0.78,27.17,22.99,213.0,Poor
Jaipur,2017-10-21,0.65,28.19,26.3,276.0,Poor
Jaipur,2017-10-22,0.52,26.41,30.26,240.0,Poor
Jaipur,2017-10-23,0.61,25.33,32.33,197.0,Moderate
Jaipur,2017-10-24,0.6,25.34,29.67,142.0,Moderate
Jaipur,2017-10-25,1.02,30.4,36.99,246.0,Poor
Jaipur,2017-10-26,0.9,23.22,26.0,295.0,Poor
Jaipur,2017-10-27,1.25,28.25,25.3,226.0,Poor
Jaipur,2017-10-28,0.94,36.73,33.57,226.0,Poor
Jaipur,2017-10-29,0.85,24.28,27.97,180.0,Moderate
Jaipur,2017-10-30,0.75,22.19,37.92,195.0,Moderate
Jaipur,2017-10-31,0.98,31.9,52.65,233.0,Poor
Jaipur,2017-11-01,1.16,53.7,60.14,256.0,Poor
Jaipur,2017-11-02,0.73,51.83,65.02,210.0,Poor
Jaipur,2017-11-03,0.64,33.91,55.5,171.0,Moderate
Jaipur,2017-11-04,0.64,26.11,34.61,211.0,Poor
Jaipur,2017-11-05,0.65,20.93,32.01,252.0,Poor
Jaipur,2017-11-06,0.89,30.81,64.42,244.0,Poor
Jaipur,2017-11-07,1.19,35.99,84.94,275.0,Poor
Jaipur,2017-11-08,1.35,31.34,62.27,251.0,Poor
Jaipur,2017-11-09,1.34,44.81,64.47,208.0,Poor
Jaipur,2017-11-10,1.0,52.68,81.3,257.0,Poor
Jaipur,2017-11-11,0.98,47.41,72.86,275.0,Poor
Jaipur,2017-11-12,1.15,48.5,64.07,270.0,Poor
Jaipur,2017-11-13,1.31,35.31,61.48,333.0,Very Poor
Jaipur,2017-11-14,0.68,12.62,22.51,193.0,Moderate
Jaipur,2017-11-15,0.54,11.45,25.04,199.0,Moderate
Jaipur,2017-11-16,0.48,15.28,22.1,221.0,Poor
Jaipur,2017-11-17,0.64,17.67,25.8,276.0,Poor
Jaipur,2017-11-18,0.55,17.21,25.34,220.0,Poor
Jaipur,2017-11-19,0.81,20.74,25.3,295.0,Poor
Jaipur,2017-11-20,0.53,19.01,27.79,280.0,Poor
Jaipur,2017-11-21,0.51,19.82,39.4,157.0,Moderate
Jaipur,2017-11-22,0.19,14.82,44.86,185.0,Moderate
Jaipur,2017-11-23,0.08,19.37,57.6,153.0,Moderate
Jaipur,2017-11-24,0.13,23.57,94.41,230.0,Poor
Jaipur,2017-11-25,0.31,35.65,117.03,256.0,Poor
Jaipur,2017-11-26,0.0,31.12,118.92,305.0,Very Poor
Jaipur,2017-11-27,0.0,35.43,100.76,304.0,Very Poor
Jaipur,2017-11-28,0.0,37.39,103.82,203.0,Poor
Jaipur,2017-11-29,0.0,34.77,108.17,249.0,Poor
Jaipur,2017-11-30,0.0,25.21,95.01,249.0,Poor
Jaipur,2017-12-01,0.0,22.96,85.5,215.0,Poor
Jaipur,2017-12-02,0.0,19.24,66.57,336.0,Very Poor
Jaipur,2017-12-03,0.0,21.93,70.26,234.0,Poor
Jaipur,2017-12-04,0.0,24.0,62.8,253.0,Poor
Jaipur,2017-12-05,0.0,34.5,42.43,265.0,Poor
Jaipur,2017-12-06,0.0,20.59,27.2,218.0,Poor
Jaipur,2017-12-07,0.0,18.73,29.33,198.0,Moderate
Jaipur,2017-12-08,0.0,14.8,26.92,187.0,Moderate
Jaipur,2017-12-09,0.0,16.35,26.37,197.0,Moderate
Jaipur,2017-12-10,0.0,14.88,21.7,182.0,Moderate
Jaipur,2017-12-11,0.0,22.44,19.59,121.0,Moderate
Jaipur,2017-12-12,0.0,28.54,21.16,93.0,Satisfactory
Jaipur,2017-12-13,0.0,21.95,20.25,113.0,Moderate
Jaipur,2017-12-14,0.0,18.2,15.56,93.0,Satisfactory
Jaipur,2017-12-15,0.0,16.75,18.51,88.0,Satisfactory
Jaipur,2017-12-16,0.0,13.65,14.84,89.0,Satisfactory
Jaipur,2017-12-17,0.0,17.79,12.72,103.0,Moderate
Jaipur,2017-12-18,0.0,15.82,11.7,153.0,Moderate
Jaipur,2017-12-19,0.0,18.55,4.9,140.0,Moderate
Jaipur,2017-12-20,0.0,18.16,38.79,174.0,Moderate
Jaipur,2017-12-21,0.0,13.97,27.05,130.0,Moderate
Jaipur,2017-12-22,0.0,11.92,22.79,96.0,Satisfactory
Jaipur,2017-12-23,0.0,24.43,39.61,103.0,Moderate
Jaipur,2017-12-24,0.0,23.84,48.02,147.0,Moderate
Jaipur,2017-12-25,0.0,26.06,42.35,154.0,Moderate
Jaipur,2017-12-26,0.0,49.34,52.75,242.0,Poor
Jaipur,2017-12-27,0.0,61.28,26.19,194.0,Moderate
Jaipur,2017-12-28,0.0,7.12,37.42,227.0,Poor
Jaipur,2017-12-29,0.0,13.34,48.94,148.0,Moderate
Jaipur,2017-12-30,0.0,18.14,48.01,174.0,Moderate
Jaipur,2017-12-31,0.0,24.48,34.78,153.0,Moderate
Jaipur,2018-01-01,0.0,23.53,43.34,221.0,Poor
Jaipur,2018-01-02,0.0,27.08,43.11,206.0,Poor
Jaipur,2018-01-03,0.0,43.26,84.12,232.0,Poor
Jaipur,2018-01-04,0.0,34.61,70.61,225.0,Poor
Jaipur,2018-01-05,0.0,25.52,69.13,177.0,Moderate
Jaipur,2018-01-06,0.0,24.31,70.75,234.0,Poor
Jaipur,2018-01-07,0.0,19.83,58.29,183.0,Moderate
Jaipur,2018-01-08,0.0,31.07,76.84,164.0,Moderate
Jaipur,2018-01-09,0.0,27.98,69.36,193.0,Moderate
Jaipur,2018-01-10,0.0,34.2,85.95,239.0,Poor
Jaipur,2018-01-11,0.0,33.45,102.56,211.0,Poor
Jaipur,2018-01-12,0.0,48.84,73.96,198.0,Moderate
Jaipur,2018-01-13,0.0,59.68,81.74,260.0,Poor
Jaipur,2018-01-14,0.0,42.31,27.88,171.0,Moderate
Jaipur,2018-01-15,0.0,43.52,16.57,173.0,Moderate
Jaipur,2018-01-16,0.0,49.67,14.07,141.0,Moderate
Jaipur,2018-01-17,0.0,31.7,16.29,116.0,Moderate
Jaipur,2018-01-18,0.0,33.4,13.42,124.0,Moderate
Jaipur,2018-01-19,0.0,37.71,14.47,190.0,Moderate
Jaipur,2018-01-20,0.0,29.4,17.15,223.0,Poor
Jaipur,2018-01-21,0.01,38.1,18.37,189.0,Moderate
Jaipur,2018-01-22,0.22,24.09,17.24,171.0,Moderate
Jaipur,2018-01-23,0.21,19.99,22.56,148.0,Moderate
Jaipur,2018-01-24,0.31,28.49,40.92,181.0,Moderate
Jaipur,2018-01-25,0.42,38.27,43.76,163.0,Moderate
Jaipur,2018-01-26,0.5,38.66,47.69,247.0,Poor
Jaipur,2018-01-27,0.46,42.02,35.06,171.0,Moderate
Jaipur,2018-01-28,1.23,40.31,32.42,167.0,Moderate
Jaipur,2018-01-29,1.16,34.48,31.76,154.0,Moderate
Jaipur,2018-01-30,1.36,35.15,42.64,219.0,Poor
Jaipur,2018-01-31,1.18,23.28,34.65,208.0,Poor
Jaipur,2018-02-01,1.7,28.1,19.91,177.0,Moderate
Jaipur,2018-02-02,0.83,28.86,18.69,168.0,Moderate
Jaipur,2018-02-03,0.75,23.2,22.09,140.0,Moderate
Jaipur,2018-02-04,0.83,20.12,24.31,132.0,Moderate
Jaipur,2018-02-05,0.75,18.66,25.7,153.0,Moderate
Jaipur,2018-02-06,0.91,18.89,21.31,305.0,Very Poor
Jaipur,2018-02-07,1.1,19.11,21.3,291.0,Poor
Jaipur,2018-02-08,0.89,18.18,25.11,208.0,Poor
Jaipur,2018-02-09,1.23,17.2,21.12,140.0,Moderate
Jaipur,2018-02-10,0.54,13.4,17.46,158.0,Moderate
Jaipur,2018-02-11,0.48,12.94,14.99,204.0,Poor
Jaipur,2018-02-12,0.6,11.33,19.03,140.0,Moderate
Jaipur,2018-02-13,0.62,22.27,28.36,146.0,Moderate
Jaipur,2018-02-14,0.59,12.66,27.64,114.0,Moderate
Jaipur,2018-02-15,1.18,13.95,28.2,156.0,Moderate
Jaipur,2018-02-16,1.51,19.48,33.56,174.0,Moderate
Jaipur,2018-02-17,1.65,19.8,44.05,221.0,Poor
Jaipur,2018-02-18,0.71,22.7,39.2,275.0,Poor
Jaipur,2018-02-19,1.17,23.01,41.52,198.0,Moderate
Jaipur,2018-02-20,1.41,26.91,64.87,167.0,Moderate
Jaipur,2018-02-21,1.55,35.53,60.04,223.0,Poor
Jaipur,2018-02-22,1.43,44.82,48.54,254.0,Poor
Jaipur,2018-02-23,1.34,38.87,48.56,311.0,Very Poor
Jaipur,2018-02-24,0.98,36.05,49.15,180.0,Moderate
Jaipur,2018-02-25,0.83,26.34,37.71,148.0,Moderate
Jaipur,2018-02-26,0.81,26.92,43.16,107.0,Moderate
Jaipur,2018-02-27,0.89,26.69,39.9,130.0,Moderate
Jaipur,2018-02-28,0.99,26.86,39.98,154.0,Moderate
Jaipur,2018-03-01,0.75,24.35,34.24,147.0,Moderate
Jaipur,2018-03-02,0.76,25.44,38.45,118.0,Moderate
Jaipur,2018-03-03,0.67,28.59,50.57,111.0,Moderate
Jaipur,2018-03-04,0.71,33.53,45.56,114.0,Moderate
Jaipur,2018-03-05,0.65,27.62,39.92,105.0,Moderate
Jaipur,2018-03-06,0.65,26.16,47.97,98.0,Satisfactory
Jaipur,2018-03-07,0.79,27.31,51.18,103.0,Moderate
Jaipur,2018-03-08,0.62,23.28,43.17,100.0,Satisfactory
Jaipur,2018-03-09,0.68,23.9,39.37,99.0,Satisfactory
Jaipur,2018-03-10,0.77,20.44,38.12,127.0,Moderate
Jaipur,2018-03-11,0.61,23.44,42.62,113.0,Moderate
Jaipur,2018-03-12,1.07,25.5,47.37,118.0,Moderate
Jaipur,2018-03-13,1.2,23.49,47.85,133.0,Moderate
Jaipur,2018-03-14,0.67,20.16,41.97,126.0,Moderate
Jaipur,2018-03-15,0.82,23.55,42.68,133.0,Moderate
Jaipur,2018-03-16,0.69,21.3,36.64,137.0,Moderate
Jaipur,2018-03-17,0.71,17.9,37.36,124.0,Moderate
Jaipur,2018-03-18,0.76,15.99,34.5,116.0,Moderate
Jaipur,2018-03-19,0.78,15.79,29.87,113.0,Moderate
Jaipur,2018-03-20,0.78,19.97,39.72,115.0,Moderate
Jaipur,2018-03-21,0.67,16.37,34.22,125.0,Moderate
Jaipur,2018-03-22,0.73,20.57,29.2,146.0,Moderate
Jaipur,2018-03-23,0.79,19.85,29.49,113.0,Moderate
Jaipur,2018-03-24,0.73,17.58,38.26,117.0,Moderate
Jaipur,2018-03-25,0.69,18.28,40.11,139.0,Moderate
Jaipur,2018-03-26,1.17,23.62,48.03,121.0,Moderate
Jaipur,2018-03-27,1.67,30.64,53.0,172.0,Moderate
Jaipur,2018-03-28,0.86,19.53,34.58,140.0,Moderate
Jaipur,2018-03-29,0.91,20.63,34.81,131.0,Moderate
Jaipur,2018-03-30,0.72,19.86,35.24,151.0,Moderate
Jaipur,2018-03-31,0.56,15.82,28.65,140.0,Moderate
Jaipur,2018-04-01,0.72,21.56,26.69,134.0,Moderate
Jaipur,2018-04-02,0.84,24.15,29.31,150.0,Moderate
Jaipur,2018-04-03,0.83,19.23,33.62,181.0,Moderate
Jaipur,2018-04-04,1.18,21.97,37.81,142.0,Moderate
Jaipur,2018-04-05,0.74,21.16,35.89,151.0,Moderate
Jaipur,2018-04-06,0.77,19.91,24.82,145.0,Moderate
Jaipur,2018-04-07,1.03,27.39,34.27,157.0,Moderate
Jaipur,2018-04-08,1.06,35.65,22.81,158.0,Moderate
Jaipur,2018-04-09,0.8,28.36,25.52,127.0,Moderate
Jaipur,2018-04-10,0.53,30.81,28.91,129.0,Moderate
Jaipur,2018-04-11,0.66,25.95,30.38,116.0,Moderate
Jaipur,2018-04-12,0.52,32.85,25.04,100.0,Satisfactory
Jaipur,2018-04-13,0.68,21.54,39.4,97.0,Satisfactory
Jaipur,2018-04-14,0.64,21.58,36.24,124.0,Moderate
Jaipur,2018-04-15,0.6,23.19,35.9,125.0,Moderate
Jaipur,2018-04-16,0.63,27.59,40.43,130.0,Moderate
Jaipur,2018-04-17,0.61,23.86,35.93,153.0,Moderate
Jaipur,2018-04-18,0.58,23.45,37.14,149.0,Moderate
Jaipur,2018-04-19,0.78,28.08,45.78,140.0,Moderate
Jaipur,2018-04-20,0.85,25.2,38.54,202.0,Poor
Jaipur,2018-04-21,0.53,18.35,30.55,434.0,Severe
Jaipur,2018-04-22,0.5,21.84,34.2,185.0,Moderate
Jaipur,2018-04-23,0.7,22.12,33.55,173.0,Moderate
Jaipur,2018-04-24,1.15,19.74,48.53,124.0,Moderate
Jaipur,2018-04-25,1.19,25.05,60.46,157.0,Moderate
Jaipur,2018-04-26,0.84,22.9,49.13,136.0,Moderate
Jaipur,2018-04-27,0.71,27.11,53.92,176.0,Moderate
Jaipur,2018-04-28,0.66,21.43,44.65,179.0,Moderate
Jaipur,2018-04-29,0.5,11.99,32.45,157.0,Moderate
Jaipur,2018-04-30,0.46,24.11,34.49,158.0,Moderate
Jaipur,2018-05-01,0.7,38.78,40.11,147.0,Moderate
Jaipur,2018-05-02,0.6,25.56,29.32,168.0,Moderate
Jaipur,2018-05-03,0.49,16.3,26.94,172.0,Moderate
Jaipur,2018-05-04,0.73,18.38,25.09,150.0,Moderate
Jaipur,2018-05-05,0.77,18.5,34.71,160.0,Moderate
Jaipur,2018-05-06,0.67,11.54,25.6,171.0,Moderate
Jaipur,2018-05-07,0.86,17.04,26.45,176.0,Moderate
Jaipur,2018-05-08,0.96,20.09,29.69,250.0,Poor
Jaipur,2018-05-09,0.74,18.82,24.3,181.0,Moderate
Jaipur,2018-05-10,0.84,13.08,35.04,153.0,Moderate
Jaipur,2018-05-11,0.8,14.23,46.07,137.0,Moderate
Jaipur,2018-05-12,0.94,12.97,36.61,157.0,Moderate
Jaipur,2018-05-13,1.85,12.29,32.45,152.0,Moderate
Jaipur,2018-05-14,1.77,11.79,24.54,255.0,Poor
Jaipur,2018-05-15,2.1,9.0,27.49,204.0,Poor
Jaipur,2018-05-16,2.11,12.65,41.27,194.0,Moderate
Jaipur,2018-05-17,0.8,11.81,37.41,181.0,Moderate
Jaipur,2018-05-18,0.91,12.85,38.21,156.0,Moderate
Jaipur,2018-05-19,0.88,18.77,16.03,161.0,Moderate
Jaipur,2018-05-20,0.83,19.62,21.16,172.0,Moderate
Jaipur,2018-05-21,0.82,19.17,19.16,193.0,Moderate
Jaipur,2018-05-22,1.07,21.62,27.86,160.0,Moderate
Jaipur,2018-05-23,0.97,21.7,36.46,199.0,Moderate
Jaipur,2018-05-24,0.86,23.1,30.38,171.0,Moderate
Jaipur,2018-05-25,1.15,38.58,54.59,169.0,Moderate
Jaipur,2018-05-26,1.03,33.24,44.26,174.0,Moderate
Jaipur,2018-05-27,0.61,17.05,27.59,153.0,Moderate
Jaipur,2018-05-28,0.93,14.22,41.91,169.0,Moderate
Jaipur,2018-05-29,0.85,11.97,29.36,170.0,Moderate
Jaipur,2018-05-30,0.98,17.28,22.64,146.0,Moderate
Jaipur,2018-05-31,0.9,22.41,33.95,138.0,Moderate
Jaipur,2018-06-01,0.9,16.23,24.45,150.0,Moderate
Jaipur,2018-06-02,0.81,18.84,22.31,379.0,Very Poor
Jaipur,2018-06-03,0.61,12.8,19.95,265.0,Poor
Jaipur,2018-06-04,0.9,12.03,20.29,190.0,Moderate
Jaipur,2018-06-05,0.74,14.82,12.82,210.0,Poor
Jaipur,2018-06-06,0.82,13.97,15.35,189.0,Moderate
Jaipur,2018-06-07,0.82,14.55,17.07,132.0,Moderate
Jaipur,2018-06-08,0.81,16.57,19.03,220.0,Poor
Jaipur,2018-06-09,0.53,23.33,18.54,160.0,Moderate
Jaipur,2018-06-10,0.5,20.35,18.04,100.0,Satisfactory
Jaipur,2018-06-11,0.44,19.28,18.3,118.0,Moderate
Jaipur,2018-06-12,0.7,28.49,22.09,169.0,Moderate
Jaipur,2018-06-13,0.56,22.76,18.75,285.0,Poor
Jaipur,2018-06-14,0.4,20.29,15.67,269.0,Poor
Jaipur,2018-06-15,0.54,24.1,19.28,264.0,Poor
Jaipur,2018-06-16,0.55,19.88,23.54,155.0,Moderate
Jaipur,2018-06-17,0.48,20.21,24.46,128.0,Moderate
Jaipur,2018-06-18,0.48,18.18,21.54,161.0,Moderate
Jaipur,2018-06-19,0.47,14.42,20.24,162.0,Moderate
Jaipur,2018-06-20,0.54,18.94,22.97,111.0,Moderate
Jaipur,2018-06-21,0.83,19.51,25.52,160.0,Moderate
Jaipur,2018-06-22,0.77,24.08,30.02,173.0,Moderate
Jaipur,2018-06-23,0.56,32.96,19.31,156.0,Moderate
Jaipur,2018-06-24,0.66,40.99,19.87,132.0,Moderate
Jaipur,2018-06-25,0.64,30.81,18.64,100.0,Satisfactory
Jaipur,2018-06-26,0.75,27.42,21.35,90.0,Satisfactory
Jaipur,2018-06-27,0.8,25.29,23.61,94.0,Satisfactory
Jaipur,2018-06-28,0.64,21.52,12.34,155.0,Moderate
Jaipur,2018-06-29,0.52,17.72,15.56,123.0,Moderate
Jaipur,2018-06-30,0.55,11.11,14.69,135.0,Moderate
Jaipur,2018-07-01,0.3,14.91,22.37,153.0,Moderate
Jaipur,2018-07-02,0.55,14.54,20.43,151.0,Moderate
Jaipur,2018-07-03,0.54,12.28,18.48,94.0,Satisfactory
Jaipur,2018-07-04,0.48,11.13,16.82,89.0,Satisfactory
Jaipur,2018-07-05,0.59,10.0,15.53,154.0,Moderate
Jaipur,2018-07-06,0.75,9.21,16.71,155.0,Moderate
Jaipur,2018-07-07,0.89,8.63,17.3,141.0,Moderate
Jaipur,2018-07-08,0.78,9.48,18.38,154.0,Moderate
Jaipur,2018-07-09,0.77,9.9,16.79,157.0,Moderate
Jaipur,2018-07-10,0.72,13.56,15.06,136.0,Moderate
Jaipur,2018-07-11,0.68,16.77,18.88,108.0,Moderate
Jaipur,2018-07-12,0.73,14.28,17.37,142.0,Moderate
Jaipur,2018-07-13,0.63,11.97,18.46,90.0,Satisfactory
Jaipur,2018-07-14,0.62,11.89,18.85,60.0,Satisfactory
Jaipur,2018-07-15,0.79,11.22,23.25,62.0,Satisfactory
Jaipur,2018-07-16,0.65,14.39,21.92,86.0,Satisfactory
Jaipur,2018-07-17,0.58,20.57,20.3,67.0,Satisfactory
Jaipur,2018-07-18,0.57,27.07,18.46,134.0,Moderate
Jaipur,2018-07-19,0.74,21.18,19.14,83.0,Satisfactory
Jaipur,2018-07-20,0.63,15.18,17.72,81.0,Satisfactory
Jaipur,2018-07-21,0.68,9.6,14.77,130.0,Moderate
Jaipur,2018-07-22,0.6,10.57,16.73,89.0,Satisfactory
Jaipur,2018-07-23,0.63,10.48,14.22,57.0,Satisfactory
Jaipur,2018-07-24,0.58,9.7,13.68,73.0,Satisfactory
Jaipur,2018-07-25,0.71,9.25,12.75,66.0,Satisfactory
Jaipur,2018-07-26,0.58,7.75,16.85,114.0,Moderate
Jaipur,2018-07-27,0.49,7.49,16.53,132.0,Moderate
Jaipur,2018-07-28,0.52,7.43,17.69,117.0,Moderate
Jaipur,2018-07-29,0.42,7.11,15.94,115.0,Moderate
Jaipur,2018-07-30,0.45,9.96,17.26,107.0,Moderate
Jaipur,2018-07-31,0.48,15.13,31.33,114.0,Moderate
Jaipur,2018-08-01,0.51,18.31,30.99,147.0,Moderate
Jaipur,2018-08-02,0.53,11.37,20.59,158.0,Moderate
Jaipur,2018-08-03,0.69,10.0,27.2,165.0,Moderate
Jaipur,2018-08-04,0.69,10.65,23.91,154.0,Moderate
Jaipur,2018-08-05,0.69,7.11,24.05,153.0,Moderate
Jaipur,2018-08-06,0.73,8.67,22.21,129.0,Moderate
Jaipur,2018-08-07,0.91,9.47,26.42,113.0,Moderate
Jaipur,2018-08-08,0.83,12.7,21.8,118.0,Moderate
Jaipur,2018-08-09,0.75,15.3,19.36,93.0,Satisfactory
Jaipur,2018-08-10,0.75,17.23,24.58,69.0,Satisfactory
Jaipur,2018-08-11,0.66,11.67,23.6,79.0,Satisfactory
Jaipur,2018-08-12,0.59,9.43,20.85,79.0,Satisfactory
Jaipur,2018-08-13,0.65,9.12,20.43,82.0,Satisfactory
Jaipur,2018-08-14,0.77,11.66,21.97,100.0,Satisfactory
Jaipur,2018-08-15,0.64,12.89,20.69,158.0,Moderate
Jaipur,2018-08-16,0.74,14.62,19.6,115.0,Moderate
Jaipur,2018-08-17,0.61,13.96,14.35,61.0,Satisfactory
Jaipur,2018-08-18,0.72,13.72,17.54,74.0,Satisfactory
Jaipur,2018-08-19,0.82,12.38,19.22,75.0,Satisfactory
Jaipur,2018-08-20,0.9,16.35,18.9,74.0,Satisfactory
Jaipur,2018-08-21,0.82,16.55,20.9,79.0,Satisfactory
Jaipur,2018-08-22,0.73,14.75,22.76,84.0,Satisfactory
Jaipur,2018-08-23,0.67,12.91,21.23,69.0,Satisfactory
Jaipur,2018-08-24,0.6,11.54,20.67,87.0,Satisfactory
Jaipur,2018-08-25,0.59,11.29,21.68,70.0,Satisfactory
Jaipur,2018-08-26,0.54,10.76,21.09,75.0,Satisfactory
Jaipur,2018-08-27,0.75,11.73,23.04,100.0,Satisfactory
Jaipur,2018-08-28,0.74,12.09,23.31,157.0,Moderate
Jaipur,2018-08-29,0.75,12.2,19.4,100.0,Satisfactory
Jaipur,2018-08-30,0.65,12.24,19.92,111.0,Moderate
Jaipur,2018-08-31,0.57,12.9,18.28,127.0,Moderate
Jaipur,2018-09-01,0.62,11.93,19.36,79.0,Satisfactory
Jaipur,2018-09-02,0.64,12.89,20.51,80.0,Satisfactory
Jaipur,2018-09-03,0.66,14.5,24.24,60.0,Satisfactory
Jaipur,2018-09-04,0.71,18.11,24.24,68.0,Satisfactory
Jaipur,2018-09-05,0.75,16.1,22.44,94.0,Satisfactory
Jaipur,2018-09-06,0.71,12.55,23.44,122.0,Moderate
Jaipur,2018-09-07,0.72,13.89,26.35,90.0,Satisfactory
Jaipur,2018-09-08,0.73,14.45,18.53,89.0,Satisfactory
Jaipur,2018-09-09,0.78,8.84,12.5,59.0,Satisfactory
Jaipur,2018-09-10,0.78,9.7,15.6,68.0,Satisfactory
Jaipur,2018-09-11,0.92,10.19,17.24,80.0,Satisfactory
Jaipur,2018-09-12,0.69,11.99,18.96,90.0,Satisfactory
Jaipur,2018-09-13,0.77,10.78,17.96,96.0,Satisfactory
Jaipur,2018-09-14,0.71,11.76,21.39,104.0,Moderate
Jaipur,2018-09-15,0.7,12.66,23.88,103.0,Moderate
Jaipur,2018-09-16,0.71,11.46,22.94,99.0,Satisfactory
Jaipur,2018-09-17,0.68,13.46,24.33,93.0,Satisfactory
Jaipur,2018-09-18,0.84,17.29,25.65,105.0,Moderate
Jaipur,2018-09-19,0.92,20.44,27.89,108.0,Moderate
Jaipur,2018-09-20,0.95,27.4,29.68,120.0,Moderate
Jaipur,2018-09-21,0.81,29.4,17.58,148.0,Moderate
Jaipur,2018-09-22,0.72,24.27,14.55,81.0,Satisfactory
Jaipur,2018-09-23,0.62,23.77,12.4,54.0,Satisfactory
Jaipur,2018-09-24,0.89,21.8,18.08,62.0,Satisfactory
Jaipur,2018-09-25,1.15,22.73,24.13,91.0,Satisfactory
Jaipur,2018-09-26,1.21,25.21,24.82,135.0,Moderate
Jaipur,2018-09-27,1.06,20.66,29.87,133.0,Moderate
Jaipur,2018-09-28,1.34,23.72,28.89,134.0,Moderate
Jaipur,2018-09-29,1.34,26.59,32.84,174.0,Moderate
Jaipur,2018-09-30,1.14,24.82,30.4,151.0,Moderate
Jaipur,2018-10-01,1.16,21.91,30.31,128.0,Moderate
Jaipur,2018-10-02,1.28,27.81,27.83,125.0,Moderate
Jaipur,2018-10-03,1.13,24.45,37.48,125.0,Moderate
Jaipur,2018-10-04,0.98,22.74,35.71,101.0,Moderate
Jaipur,2018-10-05,1.06,20.32,37.16,101.0,Moderate
Jaipur,2018-10-06,0.95,21.12,32.3,103.0,Moderate
Jaipur,2018-10-07,0.91,19.4,34.63,118.0,Moderate
Jaipur,2018-10-08,1.1,19.02,41.0,116.0,Moderate
Jaipur,2018-10-09,1.12,22.65,37.55,109.0,Moderate
Jaipur,2018-10-10,1.01,27.93,36.41,121.0,Moderate
Jaipur,2018-10-11,0.9,21.64,27.52,178.0,Moderate
Jaipur,2018-10-12,0.92,17.21,28.83,137.0,Moderate
Jaipur,2018-10-13,0.8,15.96,35.09,130.0,Moderate
Jaipur,2018-10-14,0.9,14.96,36.45,142.0,Moderate
Jaipur,2018-10-15,1.38,15.86,40.58,152.0,Moderate
Jaipur,2018-10-16,1.43,24.55,42.5,195.0,Moderate
Jaipur,2018-10-17,1.6,25.93,45.45,151.0,Moderate
Jaipur,2018-10-18,1.36,27.25,59.26,149.0,Moderate
Jaipur,2018-10-19,1.26,25.15,53.89,151.0,Moderate
Jaipur,2018-10-20,1.54,24.57,47.86,180.0,Moderate
Jaipur,2018-10-21,0.96,20.42,38.28,185.0,Moderate
Jaipur,2018-10-22,1.28,22.14,47.36,163.0,Moderate
Jaipur,2018-10-23,1.27,23.69,37.34,117.0,Moderate
Jaipur,2018-10-24,1.3,24.74,42.32,135.0,Moderate
Jaipur,2018-10-25,1.2,24.69,41.0,139.0,Moderate
Jaipur,2018-10-26,1.02,24.39,35.17,146.0,Moderate
Jaipur,2018-10-27,1.09,28.22,45.64,160.0,Moderate
Jaipur,2018-10-28,1.07,27.6,44.02,186.0,Moderate
Jaipur,2018-10-29,1.63,28.68,56.12,212.0,Poor
Jaipur,2018-10-30,1.62,24.58,54.2,219.0,Poor
Jaipur,2018-10-31,1.43,22.85,50.16,218.0,Poor
Jaipur,2018-11-01,1.91,22.34,55.17,195.0,Moderate
Jaipur,2018-11-02,1.92,26.49,58.43,194.0,Moderate
Jaipur,2018-11-03,1.44,21.28,50.46,142.0,Moderate
Jaipur,2018-11-04,1.08,19.89,40.36,169.0,Moderate
Jaipur,2018-11-05,0.95,20.85,44.42,120.0,Moderate
Jaipur,2018-11-06,1.4,19.99,51.35,145.0,Moderate
Jaipur,2018-11-07,1.53,16.08,46.85,141.0,Moderate
Jaipur,2018-11-08,1.96,14.73,29.13,250.0,Poor
Jaipur,2018-11-09,2.74,21.6,34.38,243.0,Poor
Jaipur,2018-11-10,2.65,17.78,44.37,258.0,Poor
Jaipur,2018-11-11,2.42,20.19,55.83,175.0,Moderate
Jaipur,2018-11-12,2.39,19.89,56.75,164.0,Moderate
Jaipur,2018-11-13,2.46,19.49,64.22,202.0,Poor
Jaipur,2018-11-14,1.26,14.39,56.95,139.0,Moderate
Jaipur,2018-11-15,1.53,18.3,68.0,158.0,Moderate
Jaipur,2018-11-16,1.4,17.31,60.76,210.0,Poor
Jaipur,2018-11-17,1.96,21.08,47.14,193.0,Moderate
Jaipur,2018-11-18,1.21,15.08,41.75,184.0,Moderate
Jaipur,2018-11-19,1.24,13.44,46.42,132.0,Moderate
Jaipur,2018-11-20,1.29,21.02,51.87,159.0,Moderate
Jaipur,2018-11-21,1.74,16.6,47.29,161.0,Moderate
Jaipur,2018-11-22,0.99,11.04,41.72,201.0,Poor
Jaipur,2018-11-23,1.16,14.94,46.13,175.0,Moderate
Jaipur,2018-11-24,1.49,20.48,43.16,157.0,Moderate
Jaipur,2018-11-25,1.71,23.81,41.7,220.0,Poor
Jaipur,2018-11-26,1.24,17.38,47.57,176.0,Moderate
Jaipur,2018-11-27,1.13,13.18,39.88,149.0,Moderate
Jaipur,2018-11-28,1.14,12.35,36.11,175.0,Moderate
Jaipur,2018-11-29,1.39,10.9,43.46,198.0,Moderate
Jaipur,2018-11-30,1.85,15.13,37.52,159.0,Moderate
Jaipur,2018-12-01,1.87,20.92,45.95,180.0,Moderate
Jaipur,2018-12-02,1.51,20.88,47.58,184.0,Moderate
Jaipur,2018-12-03,1.74,22.92,49.84,184.0,Moderate
Jaipur,2018-12-04,1.53,20.89,46.31,154.0,Moderate
Jaipur,2018-12-05,1.53,21.22,47.89,143.0,Moderate
Jaipur,2018-12-06,1.63,26.67,47.68,173.0,Moderate
Jaipur,2018-12-07,1.37,22.4,41.09,163.0,Moderate
Jaipur,2018-12-08,1.44,23.52,42.12,158.0,Moderate
Jaipur,2018-12-09,1.71,25.28,44.12,168.0,Moderate
Jaipur,2018-12-10,1.57,23.16,44.22,185.0,Moderate
Jaipur,2018-12-11,1.0,20.59,36.56,162.0,Moderate
Jaipur,2018-12-12,0.91,20.84,34.55,127.0,Moderate
Jaipur,2018-12-13,0.97,17.55,38.22,94.0,Satisfactory
Jaipur,2018-12-14,0.86,15.67,39.1,88.0,Satisfactory
Jaipur,2018-12-15,0.81,15.5,43.15,80.0,Satisfactory
Jaipur,2018-12-16,0.92,14.2,36.18,163.0,Moderate
Jaipur,2018-12-17,1.09,15.93,35.52,109.0,Moderate
Jaipur,2018-12-18,1.31,16.3,39.21,108.0,Moderate
Jaipur,2018-12-19,1.95,18.6,50.9,163.0,Moderate
Jaipur,2018-12-20,1.95,21.22,52.17,205.0,Poor
Jaipur,2018-12-21,2.17,22.31,46.93,244.0,Poor
Jaipur,2018-12-22,1.18,18.88,44.77,201.0,Poor
Jaipur,2018-12-23,0.95,17.76,34.44,154.0,Moderate
Jaipur,2018-12-24,1.31,20.08,41.02,144.0,Moderate
Jaipur,2018-12-25,1.08,21.02,41.7,135.0,Moderate
Jaipur,2018-12-26,1.77,27.06,41.21,122.0,Moderate
Jaipur,2018-12-27,1.24,21.47,37.01,214.0,Poor
Jaipur,2018-12-28,1.32,21.78,40.43,212.0,Poor
Jaipur,2018-12-29,1.92,28.43,45.19,213.0,Poor
Jaipur,2018-12-30,1.63,29.55,38.6,238.0,Poor
Jaipur,2018-12-31,2.0,33.27,44.47,239.0,Poor
Jaipur,2019-01-01,1.84,30.17,47.56,275.0,Poor
Jaipur,2019-01-02,1.66,25.62,46.22,173.0,Moderate
Jaipur,2019-01-03,1.12,24.2,45.85,232.0,Poor
Jaipur,2019-01-04,1.06,21.58,38.01,203.0,Poor
Jaipur,2019-01-05,0.8,19.01,25.45,134.0,Moderate
Jaipur,2019-01-06,1.05,19.69,29.73,196.0,Moderate
Jaipur,2019-01-07,0.82,20.1,32.05,179.0,Moderate
Jaipur,2019-01-08,1.09,21.9,40.04,123.0,Moderate
Jaipur,2019-01-09,0.98,19.42,30.68,158.0,Moderate
Jaipur,2019-01-10,1.42,23.16,27.58,141.0,Moderate
Jaipur,2019-01-11,1.03,21.15,27.8,126.0,Moderate
Jaipur,2019-01-12,1.16,23.65,28.84,130.0,Moderate
Jaipur,2019-01-13,0.89,23.17,28.75,174.0,Moderate
Jaipur,2019-01-14,0.74,20.99,23.87,144.0,Moderate
Jaipur,2019-01-15,1.57,26.98,31.85,122.0,Moderate
Jaipur,2019-01-16,1.25,27.04,26.29,175.0,Moderate
Jaipur,2019-01-17,1.28,24.26,34.61,131.0,Moderate
Jaipur,2019-01-18,1.85,34.27,37.4,191.0,Moderate
Jaipur,2019-01-19,1.66,33.43,24.58,243.0,Poor
Jaipur,2019-01-20,1.09,23.64,20.26,176.0,Moderate
Jaipur,2019-01-21,0.91,19.15,16.53,124.0,Moderate
Jaipur,2019-01-22,0.92,24.75,17.62,131.0,Moderate
Jaipur,2019-01-23,0.8,25.92,23.65,99.0,Satisfactory
Jaipur,2019-01-24,0.79,23.32,22.69,109.0,Moderate
Jaipur,2019-01-25,0.69,22.58,22.47,129.0,Moderate
Jaipur,2019-01-26,0.72,18.55,18.45,89.0,Satisfactory
Jaipur,2019-01-27,0.87,18.59,22.82,89.0,Satisfactory
Jaipur,2019-01-28,1.16,21.58,25.32,118.0,Moderate
Jaipur,2019-01-29,1.05,19.87,24.17,130.0,Moderate
Jaipur,2019-01-30,1.15,22.27,23.48,115.0,Moderate
Jaipur,2019-01-31,0.86,17.94,17.64,100.0,Satisfactory
Jaipur,2019-02-01,0.88,18.38,18.38,102.0,Moderate
Jaipur,2019-02-02,1.07,20.22,19.26,138.0,Moderate
Jaipur,2019-02-03,1.08,21.17,19.99,159.0,Moderate
Jaipur,2019-02-04,1.06,20.09,21.47,182.0,Moderate
Jaipur,2019-02-05,1.36,20.81,23.02,151.0,Moderate
Jaipur,2019-02-06,1.31,23.8,25.39,151.0,Moderate
Jaipur,2019-02-07,1.03,23.32,23.04,130.0,Moderate
Jaipur,2019-02-08,0.98,20.85,21.84,127.0,Moderate
Jaipur,2019-02-09,1.83,25.39,28.3,115.0,Moderate
Jaipur,2019-02-10,1.69,29.54,38.73,128.0,Moderate
Jaipur,2019-02-11,1.26,27.63,34.07,115.0,Moderate
Jaipur,2019-02-12,1.16,28.93,31.9,107.0,Moderate
Jaipur,2019-02-13,1.19,28.48,30.14,108.0,Moderate
Jaipur,2019-02-14,1.08,33.31,33.57,97.0,Satisfactory
Jaipur,2019-02-15,1.09,29.21,36.87,115.0,Moderate
Jaipur,2019-02-16,1.09,27.04,37.37,98.0,Satisfactory
Jaipur,2019-02-17,1.29,28.78,45.05,102.0,Moderate
Jaipur,2019-02-18,1.23,27.96,37.21,112.0,Moderate
Jaipur,2019-02-19,0.91,24.32,34.29,130.0,Moderate
Jaipur,2019-02-20,0.95,29.01,29.52,124.0,Moderate
Jaipur,2019-02-21,0.9,26.67,29.71,130.0,Moderate
Jaipur,2019-02-22,0.78,22.0,29.15,100.0,Satisfactory
Jaipur,2019-02-23,0.8,21.36,33.33,93.0,Satisfactory
Jaipur,2019-02-24,0.86,25.67,33.04,113.0,Moderate
Jaipur,2019-02-25,0.96,25.01,32.96,105.0,Moderate
Jaipur,2019-02-26,0.91,36.22,37.33,107.0,Moderate
Jaipur,2019-02-27,0.83,34.48,38.35,85.0,Satisfactory
Jaipur,2019-02-28,0.89,36.83,38.24,100.0,Satisfactory
Jaipur,2019-03-01,0.89,30.22,30.45,104.0,Moderate
Jaipur,2019-03-02,0.88,32.69,29.44,103.0,Moderate
Jaipur,2019-03-03,0.82,29.48,23.63,100.0,Satisfactory
Jaipur,2019-03-04,0.93,31.27,28.7,107.0,Moderate
Jaipur,2019-03-05,0.82,28.98,32.27,102.0,Moderate
Jaipur,2019-03-06,1.18,36.07,38.55,89.0,Satisfactory
Jaipur,2019-03-07,1.07,29.52,30.33,112.0,Moderate
Jaipur,2019-03-08,0.93,24.51,23.03,98.0,Satisfactory
Jaipur,2019-03-09,0.89,26.38,28.8,102.0,Moderate
Jaipur,2019-03-10,1.06,25.56,25.07,111.0,Moderate
Jaipur,2019-03-11,0.81,22.96,30.92,96.0,Satisfactory
Jaipur,2019-03-12,0.89,21.56,41.57,111.0,Moderate
Jaipur,2019-03-13,0.93,20.62,32.46,105.0,Moderate
Jaipur,2019-03-14,0.82,20.4,30.11,108.0,Moderate
Jaipur,2019-03-15,0.77,21.9,37.57,90.0,Satisfactory
Jaipur,2019-03-16,0.76,22.95,35.03,92.0,Satisfactory
Jaipur,2019-03-17,0.84,24.2,37.12,109.0,Moderate
Jaipur,2019-03-18,1.01,24.17,36.63,109.0,Moderate
Jaipur,2019-03-19,1.04,24.04,30.55,107.0,Moderate
Jaipur,2019-03-20,0.95,23.16,35.47,101.0,Moderate
Jaipur,2019-03-21,0.78,21.75,28.01,121.0,Moderate
Jaipur,2019-03-22,0.68,18.71,30.34,101.0,Moderate
Jaipur,2019-03-23,0.73,18.55,34.99,90.0,Satisfactory
Jaipur,2019-03-24,0.63,21.24,31.52,101.0,Moderate
Jaipur,2019-03-25,0.71,21.88,31.17,112.0,Moderate
Jaipur,2019-03-26,0.91,20.29,37.98,101.0,Moderate
Jaipur,2019-03-27,1.6,25.29,43.74,110.0,Moderate
Jaipur,2019-03-28,1.45,26.1,36.53,128.0,Moderate
Jaipur,2019-03-29,1.51,27.06,39.79,142.0,Moderate
Jaipur,2019-03-30,1.04,26.34,36.27,132.0,Moderate
Jaipur,2019-03-31,0.86,27.87,35.51,116.0,Moderate
Jaipur,2019-04-01,0.96,25.48,41.56,109.0,Moderate
Jaipur,2019-04-02,1.1,26.86,35.7,109.0,Moderate
Jaipur,2019-04-03,1.2,26.93,36.63,125.0,Moderate
Jaipur,2019-04-04,1.47,31.17,33.36,128.0,Moderate
Jaipur,2019-04-05,0.99,26.03,36.14,144.0,Moderate
Jaipur,2019-04-06,0.8,25.05,28.92,137.0,Moderate
Jaipur,2019-04-07,0.74,24.3,27.38,132.0,Moderate
Jaipur,2019-04-08,0.96,28.48,25.64,457.0,Severe
Jaipur,2019-04-09,0.94,27.44,30.85,199.0,Moderate
Jaipur,2019-04-10,1.06,30.52,34.35,140.0,Moderate
Jaipur,2019-04-11,0.85,24.0,22.5,138.0,Moderate
Jaipur,2019-04-12,0.97,21.96,26.9,258.0,Poor
Jaipur,2019-04-13,0.81,20.04,25.97,194.0,Moderate
Jaipur,2019-04-14,0.77,20.17,28.17,121.0,Moderate
Jaipur,2019-04-15,0.75,19.01,26.02,124.0,Moderate
Jaipur,2019-04-16,0.88,21.39,23.79,164.0,Moderate
Jaipur,2019-04-17,0.84,26.11,23.52,82.0,Satisfactory
Jaipur,2019-04-18,0.8,23.04,31.5,86.0,Satisfactory
Jaipur,2019-04-19,0.84,21.91,39.88,102.0,Moderate
Jaipur,2019-04-20,0.95,24.2,44.65,122.0,Moderate
Jaipur,2019-04-21,0.86,24.93,44.36,124.0,Moderate
Jaipur,2019-04-22,1.32,27.54,50.26,119.0,Moderate
Jaipur,2019-04-23,1.66,33.87,47.86,154.0,Moderate
Jaipur,2019-04-24,1.14,31.97,39.66,157.0,Moderate
Jaipur,2019-04-25,0.94,28.32,36.33,135.0,Moderate
Jaipur,2019-04-26,0.93,27.36,29.88,181.0,Moderate
Jaipur,2019-04-27,0.83,23.62,36.5,151.0,Moderate
Jaipur,2019-04-28,0.75,46.29,38.99,142.0,Moderate
Jaipur,2019-04-29,1.03,66.69,39.08,143.0,Moderate
Jaipur,2019-04-30,1.64,44.78,59.2,153.0,Moderate
Jaipur,2019-05-01,1.51,22.6,50.35,156.0,Moderate
Jaipur,2019-05-02,0.9,21.4,28.55,166.0,Moderate
Jaipur,2019-05-03,0.94,23.37,29.26,149.0,Moderate
Jaipur,2019-05-04,1.06,27.71,39.8,124.0,Moderate
Jaipur,2019-05-05,1.51,29.48,51.14,117.0,Moderate
Jaipur,2019-05-06,1.11,26.65,30.35,138.0,Moderate
Jaipur,2019-05-07,0.94,22.21,29.0,134.0,Moderate
Jaipur,2019-05-08,0.82,20.61,30.56,183.0,Moderate
Jaipur,2019-05-09,0.7,23.1,24.98,218.0,Poor
Jaipur,2019-05-10,0.67,20.4,22.06,156.0,Moderate
Jaipur,2019-05-11,0.78,21.73,24.88,138.0,Moderate
Jaipur,2019-05-12,0.71,21.5,23.53,206.0,Poor
Jaipur,2019-05-13,0.76,21.5,25.07,121.0,Moderate
Jaipur,2019-05-14,0.75,21.56,29.24,100.0,Satisfactory
Jaipur,2019-05-15,1.06,21.9,32.14,184.0,Moderate
Jaipur,2019-05-16,0.8,20.45,21.06,343.0,Very Poor
Jaipur,2019-05-17,0.71,20.35,20.39,199.0,Moderate
Jaipur,2019-05-18,0.84,21.76,22.44,169.0,Moderate
Jaipur,2019-05-19,0.97,21.54,34.22,104.0,Moderate
Jaipur,2019-05-20,0.94,22.51,34.77,107.0,Moderate
Jaipur,2019-05-21,0.84,22.32,31.07,105.0,Moderate
Jaipur,2019-05-22,0.78,21.69,28.17,105.0,Moderate
Jaipur,2019-05-23,0.75,24.58,23.3,96.0,Satisfactory
Jaipur,2019-05-24,0.65,21.71,25.95,97.0,Satisfactory
Jaipur,2019-05-25,0.61,17.51,30.78,120.0,Moderate
Jaipur,2019-05-26,0.57,17.62,31.74,98.0,Satisfactory
Jaipur,2019-05-27,0.83,18.18,35.31,111.0,Moderate
Jaipur,2019-05-28,0.75,17.41,37.51,134.0,Moderate
Jaipur,2019-05-29,0.85,18.84,42.32,109.0,Moderate
Jaipur,2019-05-30,0.53,17.9,26.83,103.0,Moderate
Jaipur,2019-05-31,0.56,17.72,28.12,117.0,Moderate
Jaipur,2019-06-01,0.73,18.12,32.21,116.0,Moderate
Jaipur,2019-06-02,0.73,17.5,26.7,121.0,Moderate
Jaipur,2019-06-03,0.77,17.16,34.52,148.0,Moderate
Jaipur,2019-06-04,0.65,15.27,26.16,166.0,Moderate
Jaipur,2019-06-05,0.71,16.82,21.35,175.0,Moderate
Jaipur,2019-06-06,0.7,14.96,27.89,145.0,Moderate
Jaipur,2019-06-07,0.88,17.65,29.67,158.0,Moderate
Jaipur,2019-06-08,0.87,23.33,29.64,154.0,Moderate
Jaipur,2019-06-09,1.01,20.44,38.67,137.0,Moderate
Jaipur,2019-06-10,0.81,28.36,39.41,135.0,Moderate
Jaipur,2019-06-11,0.61,45.81,28.64,125.0,Moderate
Jaipur,2019-06-12,0.67,45.19,34.54,95.0,Satisfactory
Jaipur,2019-06-13,0.63,45.37,28.35,85.0,Satisfactory
Jaipur,2019-06-14,0.61,41.39,35.04,88.0,Satisfactory
Jaipur,2019-06-15,0.57,42.76,29.74,100.0,Satisfactory
Jaipur,2019-06-16,0.64,45.06,25.39,85.0,Satisfactory
Jaipur,2019-06-17,0.62,52.17,30.85,101.0,Moderate
Jaipur,2019-06-18,0.87,41.92,27.81,101.0,Moderate
Jaipur,2019-06-19,0.61,25.66,20.75,88.0,Satisfactory
Jaipur,2019-06-20,0.78,18.87,26.32,78.0,Satisfactory
Jaipur,2019-06-21,0.87,16.28,31.78,91.0,Satisfactory
Jaipur,2019-06-22,0.95,16.81,37.96,123.0,Moderate
Jaipur,2019-06-23,0.85,19.77,24.81,135.0,Moderate
Jaipur,2019-06-24,0.85,20.43,22.66,100.0,Satisfactory
Jaipur,2019-06-25,0.88,20.71,27.03,100.0,Satisfactory
Jaipur,2019-06-26,1.0,21.09,36.86,102.0,Moderate
Jaipur,2019-06-27,0.76,16.55,30.03,172.0,Moderate
Jaipur,2019-06-28,0.78,20.21,24.7,168.0,Moderate
Jaipur,2019-06-29,0.74,18.1,22.8,109.0,Moderate
Jaipur,2019-06-30,0.61,15.46,19.03,98.0,Satisfactory
Jaipur,2019-07-01,0.73,16.54,22.04,102.0,Moderate
Jaipur,2019-07-02,0.71,14.87,26.0,104.0,Moderate
Jaipur,2019-07-03,0.8,17.77,20.77,107.0,Moderate
Jaipur,2019-07-04,0.82,18.31,25.13,87.0,Satisfactory
Jaipur,2019-07-05,0.78,19.62,24.95,69.0,Satisfactory
Jaipur,2019-07-06,0.78,18.88,26.64,79.0,Satisfactory
Jaipur,2019-07-07,0.72,19.29,31.21,66.0,Satisfactory
Jaipur,2019-07-08,0.71,17.32,24.26,83.0,Satisfactory
Jaipur,2019-07-09,0.69,15.33,16.32,104.0,Moderate
Jaipur,2019-07-10,0.61,15.44,23.22,109.0,Moderate
Jaipur,2019-07-11,0.62,13.75,20.48,120.0,Moderate
Jaipur,2019-07-12,0.59,12.51,18.96,103.0,Moderate
Jaipur,2019-07-13,0.63,12.52,18.84,95.0,Satisfactory
Jaipur,2019-07-14,0.53,11.7,16.03,96.0,Satisfactory
Jaipur,2019-07-15,0.68,11.86,17.61,96.0,Satisfactory
Jaipur,2019-07-16,0.59,13.94,18.88,119.0,Moderate
Jaipur,2019-07-17,0.63,21.08,19.2,103.0,Moderate
Jaipur,2019-07-18,0.7,27.4,24.28,98.0,Satisfactory
Jaipur,2019-07-19,0.63,26.98,22.09,68.0,Satisfactory
Jaipur,2019-07-20,0.79,28.97,24.4,81.0,Satisfactory
Jaipur,2019-07-21,0.64,26.05,13.91,81.0,Satisfactory
Jaipur,2019-07-22,0.71,28.79,16.2,80.0,Satisfactory
Jaipur,2019-07-23,0.69,27.45,18.46,71.0,Satisfactory
Jaipur,2019-07-24,0.64,26.59,21.43,67.0,Satisfactory
Jaipur,2019-07-25,0.71,29.61,19.92,61.0,Satisfactory
Jaipur,2019-07-26,0.76,28.92,21.42,62.0,Satisfactory
Jaipur,2019-07-27,0.75,32.4,26.29,73.0,Satisfactory
Jaipur,2019-07-28,0.55,34.76,13.64,58.0,Satisfactory
Jaipur,2019-07-29,0.7,29.2,13.3,59.0,Satisfactory
Jaipur,2019-07-30,0.71,29.33,14.71,56.0,Satisfactory
Jaipur,2019-07-31,0.7,31.03,14.11,72.0,Satisfactory
Jaipur,2019-08-01,0.61,29.69,17.86,66.0,Satisfactory
Jaipur,2019-08-02,0.66,27.83,22.98,56.0,Satisfactory
Jaipur,2019-08-03,0.78,28.67,24.82,62.0,Satisfactory
Jaipur,2019-08-04,0.67,28.04,19.95,54.0,Satisfactory
Jaipur,2019-08-05,0.93,28.95,30.98,74.0,Satisfactory
Jaipur,2019-08-06,0.76,27.69,25.4,66.0,Satisfactory
Jaipur,2019-08-07,0.89,34.52,25.82,71.0,Satisfactory
Jaipur,2019-08-08,0.71,26.44,23.75,67.0,Satisfactory
Jaipur,2019-08-09,0.59,19.84,12.95,54.0,Satisfactory
Jaipur,2019-08-10,0.51,24.65,8.97,48.0,Good
Jaipur,2019-08-11,0.63,25.69,15.62,51.0,Satisfactory
Jaipur,2019-08-12,0.65,24.04,19.88,62.0,Satisfactory
Jaipur,2019-08-13,0.82,26.58,26.56,74.0,Satisfactory
Jaipur,2019-08-14,0.79,27.86,27.99,79.0,Satisfactory
Jaipur,2019-08-15,0.64,29.62,23.46,71.0,Satisfactory
Jaipur,2019-08-16,0.58,30.37,20.54,49.0,Good
Jaipur,2019-08-17,0.55,37.51,22.27,55.0,Satisfactory
Jaipur,2019-08-18,0.55,32.57,23.25,55.0,Satisfactory
Jaipur,2019-08-19,0.62,27.67,26.2,70.0,Satisfactory
Jaipur,2019-08-20,0.68,26.99,33.57,81.0,Satisfactory
Jaipur,2019-08-21,0.6,27.72,32.1,83.0,Satisfactory
Jaipur,2019-08-22,0.79,29.05,29.1,71.0,Satisfactory
Jaipur,2019-08-23,0.61,26.57,17.45,76.0,Satisfactory
Jaipur,2019-08-24,0.61,27.63,19.5,66.0,Satisfactory
Jaipur,2019-08-25,0.49,31.65,20.76,71.0,Satisfactory
Jaipur,2019-08-26,0.64,38.26,28.33,61.0,Satisfactory
Jaipur,2019-08-27,0.9,31.58,32.12,65.0,Satisfactory
Jaipur,2019-08-28,0.68,40.1,24.19,73.0,Satisfactory
Jaipur,2019-08-29,0.7,44.21,19.63,68.0,Satisfactory
Jaipur,2019-08-30,0.66,43.81,24.11,73.0,Satisfactory
Jaipur,2019-08-31,0.8,60.83,34.71,69.0,Satisfactory
Jaipur,2019-09-01,0.68,56.24,30.08,75.0,Satisfactory
Jaipur,2019-09-02,0.73,43.87,32.41,64.0,Satisfactory
Jaipur,2019-09-03,0.82,48.18,37.61,86.0,Satisfactory
Jaipur,2019-09-04,0.89,50.82,30.07,83.0,Satisfactory
Jaipur,2019-09-05,0.73,48.38,24.27,76.0,Satisfactory
Jaipur,2019-09-06,0.92,49.8,22.91,75.0,Satisfactory
Jaipur,2019-09-07,0.7,55.72,26.06,74.0,Satisfactory
Jaipur,2019-09-08,0.7,40.6,18.0,72.0,Satisfactory
Jaipur,2019-09-09,0.93,49.54,24.82,75.0,Satisfactory
Jaipur,2019-09-10,0.85,50.9,34.64,108.0,Moderate
Jaipur,2019-09-11,0.8,37.1,32.6,103.0,Moderate
Jaipur,2019-09-12,0.62,28.5,23.16,91.0,Satisfactory
Jaipur,2019-09-13,0.65,29.15,24.3,83.0,Satisfactory
Jaipur,2019-09-14,0.54,31.73,15.52,71.0,Satisfactory
Jaipur,2019-09-15,0.62,44.9,16.66,67.0,Satisfactory
Jaipur,2019-09-16,0.72,46.56,21.14,80.0,Satisfactory
Jaipur,2019-09-17,0.71,39.13,29.12,88.0,Satisfactory
Jaipur,2019-09-18,1.46,37.35,33.23,89.0,Satisfactory
Jaipur,2019-09-19,0.85,34.53,26.98,81.0,Satisfactory
Jaipur,2019-09-20,0.77,33.91,23.56,64.0,Satisfactory
Jaipur,2019-09-21,0.73,36.24,23.14,59.0,Satisfactory
Jaipur,2019-09-22,0.53,29.99,23.87,54.0,Satisfactory
Jaipur,2019-09-23,0.64,37.07,24.33,57.0,Satisfactory
Jaipur,2019-09-24,0.73,47.61,24.22,126.0,Moderate
Jaipur,2019-09-25,1.01,24.77,18.36,78.0,Satisfactory
Jaipur,2019-09-26,0.73,25.72,18.45,55.0,Satisfactory
Jaipur,2019-09-27,0.65,22.22,19.82,53.0,Satisfactory
Jaipur,2019-09-28,0.68,26.38,19.45,54.0,Satisfactory
Jaipur,2019-09-29,0.83,39.41,25.92,66.0,Satisfactory
Jaipur,2019-09-30,0.75,45.45,34.89,83.0,Satisfactory
Jaipur,2019-10-01,0.73,36.73,29.16,80.0,Satisfactory
Jaipur,2019-10-02,0.93,40.5,34.98,81.0,Satisfactory
Jaipur,2019-10-03,0.84,34.08,39.69,95.0,Satisfactory
Jaipur,2019-10-04,0.71,29.62,28.17,95.0,Satisfactory
Jaipur,2019-10-05,0.68,31.38,31.86,78.0,Satisfactory
Jaipur,2019-10-06,0.91,30.55,33.6,88.0,Satisfactory
Jaipur,2019-10-07,1.48,37.79,36.11,106.0,Moderate
Jaipur,2019-10-08,1.07,36.22,37.18,105.0,Moderate
Jaipur,2019-10-09,1.04,36.15,44.26,108.0,Moderate
Jaipur,2019-10-10,0.75,27.22,44.44,104.0,Moderate
Jaipur,2019-10-11,0.83,27.19,41.18,104.0,Moderate
Jaipur,2019-10-12,0.96,36.85,42.69,106.0,Moderate
Jaipur,2019-10-13,0.86,41.86,36.43,125.0,Moderate
Jaipur,2019-10-14,0.91,40.28,43.28,128.0,Moderate
Jaipur,2019-10-15,1.28,55.81,54.6,136.0,Moderate
Jaipur,2019-10-16,1.02,48.69,50.34,136.0,Moderate
Jaipur,2019-10-17,0.88,43.0,36.55,127.0,Moderate
Jaipur,2019-10-18,0.88,49.37,33.99,123.0,Moderate
Jaipur,2019-10-19,0.95,44.59,39.01,109.0,Moderate
Jaipur,2019-10-20,0.94,44.34,42.73,120.0,Moderate
Jaipur,2019-10-21,1.16,59.93,58.75,143.0,Moderate
Jaipur,2019-10-22,1.37,62.2,63.6,149.0,Moderate
Jaipur,2019-10-23,1.43,61.36,66.43,193.0,Moderate
Jaipur,2019-10-24,0.87,52.75,51.44,145.0,Moderate
Jaipur,2019-10-25,0.85,51.08,43.9,163.0,Moderate
Jaipur,2019-10-26,0.9,36.77,38.55,170.0,Moderate
Jaipur,2019-10-27,1.1,55.11,52.45,144.0,Moderate
Jaipur,2019-10-28,1.17,67.92,55.08,355.0,Very Poor
Jaipur,2019-10-29,1.23,69.64,69.79,310.0,Very Poor
Jaipur,2019-10-30,0.96,62.9,61.32,203.0,Poor
Jaipur,2019-10-31,1.15,55.28,56.61,143.0,Moderate
Jaipur,2019-11-01,0.84,48.35,48.01,132.0,Moderate
Jaipur,2019-11-02,0.96,36.1,38.23,171.0,Moderate
Jaipur,2019-11-03,0.93,36.09,36.65,247.0,Poor
Jaipur,2019-11-04,0.99,37.79,42.12,191.0,Moderate
Jaipur,2019-11-05,1.17,46.42,56.9,154.0,Moderate
Jaipur,2019-11-06,0.86,35.9,43.71,139.0,Moderate
Jaipur,2019-11-07,0.69,23.35,29.33,101.0,Moderate
Jaipur,2019-11-08,0.9,34.9,36.18,162.0,Moderate
Jaipur,2019-11-09,0.77,37.13,35.61,220.0,Poor
Jaipur,2019-11-10,0.83,32.89,36.9,188.0,Moderate
Jaipur,2019-11-11,0.92,32.9,41.64,192.0,Moderate
Jaipur,2019-11-12,0.96,35.26,41.03,209.0,Poor
Jaipur,2019-11-13,1.22,53.67,50.46,250.0,Poor
Jaipur,2019-11-14,1.1,52.68,44.48,277.0,Poor
Jaipur,2019-11-15,0.81,27.58,34.85,248.0,Poor
Jaipur,2019-11-16,0.85,19.74,40.06,167.0,Moderate
Jaipur,2019-11-17,0.66,18.42,40.74,123.0,Moderate
Jaipur,2019-11-18,0.78,26.27,43.61,104.0,Moderate
Jaipur,2019-11-19,1.02,58.47,54.79,96.0,Satisfactory
Jaipur,2019-11-20,0.93,51.94,47.99,115.0,Moderate
Jaipur,2019-11-21,0.85,42.99,40.3,120.0,Moderate
Jaipur,2019-11-22,1.03,46.88,46.5,130.0,Moderate
Jaipur,2019-11-23,1.2,53.65,55.72,176.0,Moderate
Jaipur,2019-11-24,0.91,47.02,48.35,145.0,Moderate
Jaipur,2019-11-25,0.81,41.01,37.64,165.0,Moderate
Jaipur,2019-11-26,0.88,54.31,43.72,124.0,Moderate
Jaipur,2019-11-27,0.74,48.12,35.23,109.0,Moderate
Jaipur,2019-11-28,1.07,47.78,36.15,175.0,Moderate
Jaipur,2019-11-29,0.75,49.03,36.39,148.0,Moderate
Jaipur,2019-11-30,0.72,48.91,43.57,118.0,Moderate
Jaipur,2019-12-01,0.79,47.27,46.12,119.0,Moderate
Jaipur,2019-12-02,0.92,46.35,52.45,120.0,Moderate
Jaipur,2019-12-03,1.21,65.04,65.24,120.0,Moderate
Jaipur,2019-12-04,1.31,78.8,62.15,134.0,Moderate
Jaipur,2019-12-05,0.88,45.78,51.15,123.0,Moderate
Jaipur,2019-12-06,1.05,53.69,62.43,138.0,Moderate
Jaipur,2019-12-07,1.06,49.91,56.58,189.0,Moderate
Jaipur,2019-12-08,1.23,56.78,51.8,140.0,Moderate
Jaipur,2019-12-09,1.18,57.77,53.14,127.0,Moderate
Jaipur,2019-12-10,1.58,70.18,65.52,164.0,Moderate
Jaipur,2019-12-11,1.33,68.83,59.22,172.0,Moderate
Jaipur,2019-12-12,0.82,34.8,37.72,162.0,Moderate
Jaipur,2019-12-13,0.79,30.95,37.64,141.0,Moderate
Jaipur,2019-12-14,0.68,25.85,32.5,86.0,Satisfactory
Jaipur,2019-12-15,0.69,27.72,33.88,86.0,Satisfactory
Jaipur,2019-12-16,0.8,28.82,33.78,85.0,Satisfactory
Jaipur,2019-12-17,0.99,35.87,36.97,89.0,Satisfactory
Jaipur,2019-12-18,1.12,54.31,53.16,136.0,Moderate
Jaipur,2019-12-19,0.98,47.1,47.58,118.0,Moderate
Jaipur,2019-12-20,1.22,57.26,55.63,118.0,Moderate
Jaipur,2019-12-21,0.91,49.35,50.72,129.0,Moderate
Jaipur,2019-12-22,0.66,35.28,33.15,100.0,Satisfactory
Jaipur,2019-12-23,0.96,43.98,47.21,101.0,Moderate
Jaipur,2019-12-24,0.96,26.01,48.98,108.0,Moderate
Jaipur,2019-12-25,1.04,37.04,63.5,110.0,Moderate
Jaipur,2019-12-26,1.08,48.86,69.79,124.0,Moderate
Jaipur,2019-12-27,1.3,52.73,77.26,145.0,Moderate
Jaipur,2019-12-28,1.18,51.35,78.18,144.0,Moderate
Jaipur,2019-12-29,1.28,49.52,70.77,146.0,Moderate
Jaipur,2019-12-30,1.24,41.64,60.65,182.0,Moderate
Jaipur,2019-12-31,1.06,32.8,43.68,174.0,Moderate
Jaipur,2020-01-01,1.03,27.34,37.84,154.0,Moderate
Jaipur,2020-01-02,0.95,26.62,35.09,153.0,Moderate
Jaipur,2020-01-03,0.81,33.84,45.51,108.0,Moderate
Jaipur,2020-01-04,1.11,47.9,47.22,111.0,Moderate
Jaipur,2020-01-05,1.2,57.93,49.72,138.0,Moderate
Jaipur,2020-01-06,0.8,43.96,49.37,129.0,Moderate
Jaipur,2020-01-07,0.81,34.8,37.36,106.0,Moderate
Jaipur,2020-01-08,0.85,31.05,34.88,113.0,Moderate
Jaipur,2020-01-09,0.64,27.71,34.99,92.0,Satisfactory
Jaipur,2020-01-10,0.86,34.49,43.62,90.0,Satisfactory
Jaipur,2020-01-11,1.27,62.02,57.57,112.0,Moderate
Jaipur,2020-01-12,1.42,73.24,53.49,121.0,Moderate
Jaipur,2020-01-13,0.91,47.18,47.46,126.0,Moderate
Jaipur,2020-01-14,0.76,29.08,33.08,108.0,Moderate
Jaipur,2020-01-15,0.65,24.94,30.98,100.0,Satisfactory
Jaipur,2020-01-16,0.76,31.23,38.57,92.0,Satisfactory
Jaipur,2020-01-17,1.12,46.24,52.14,99.0,Satisfactory
Jaipur,2020-01-18,1.0,40.58,48.12,116.0,Moderate
Jaipur,2020-01-19,0.86,35.19,43.38,114.0,Moderate
Jaipur,2020-01-20,0.84,47.78,56.22,136.0,Moderate
Jaipur,2020-01-21,0.81,29.34,34.98,108.0,Moderate
Jaipur,2020-01-22,0.85,28.79,39.35,106.0,Moderate
Jaipur,2020-01-23,0.86,31.32,39.05,97.0,Satisfactory
Jaipur,2020-01-24,0.85,30.49,46.1,106.0,Moderate
Jaipur,2020-01-25,1.42,55.47,58.13,114.0,Moderate
Jaipur,2020-01-26,1.37,68.58,56.28,159.0,Moderate
Jaipur,2020-01-27,1.24,31.09,38.01,115.0,Moderate
Jaipur,2020-01-28,0.84,27.44,37.77,94.0,Satisfactory
Jaipur,2020-01-29,0.72,25.95,35.56,91.0,Satisfactory
Jaipur,2020-01-30,0.85,29.43,42.73,88.0,Satisfactory
Jaipur,2020-01-31,1.01,32.35,44.11,90.0,Satisfactory
Jaipur,2020-02-01,0.97,31.61,43.05,104.0,Moderate
Jaipur,2020-02-02,1.17,29.45,40.38,109.0,Moderate
Jaipur,2020-02-03,1.08,30.15,40.61,116.0,Moderate
Jaipur,2020-02-04,0.83,27.64,35.28,108.0,Moderate
Jaipur,2020-02-05,1.0,29.5,40.79,106.0,Moderate
Jaipur,2020-02-06,1.03,34.79,47.01,117.0,Moderate
Jaipur,2020-02-07,0.82,30.67,39.64,114.0,Moderate
Jaipur,2020-02-08,1.08,32.83,43.33,110.0,Moderate
Jaipur,2020-02-09,1.18,42.11,51.97,111.0,Moderate
Jaipur,2020-02-10,1.4,60.94,62.17,150.0,Moderate
Jaipur,2020-02-11,1.28,55.93,55.3,132.0,Moderate
Jaipur,2020-02-12,1.17,51.48,63.37,150.0,Moderate
Jaipur,2020-02-13,1.23,56.15,64.98,163.0,Moderate
Jaipur,2020-02-14,0.87,32.63,46.03,147.0,Moderate
Jaipur,2020-02-15,0.92,38.26,58.13,134.0,Moderate
Jaipur,2020-02-16,1.02,43.24,67.32,133.0,Moderate
Jaipur,2020-02-17,1.23,57.28,82.69,159.0,Moderate
Jaipur,2020-02-18,1.58,56.33,83.09,160.0,Moderate
Jaipur,2020-02-19,1.04,44.52,64.85,179.0,Moderate
Jaipur,2020-02-20,0.92,23.28,37.07,104.0,Moderate
Jaipur,2020-02-21,0.96,25.68,33.95,132.0,Moderate
Jaipur,2020-02-22,0.86,25.4,35.4,106.0,Moderate
Jaipur,2020-02-23,0.83,24.34,33.67,107.0,Moderate
Jaipur,2020-02-24,0.88,31.16,42.37,102.0,Moderate
Jaipur,2020-02-25,0.84,36.36,55.28,127.0,Moderate
Jaipur,2020-02-26,1.01,25.95,43.69,115.0,Moderate
Jaipur,2020-02-27,0.97,25.62,44.11,111.0,Moderate
Jaipur,2020-02-28,0.88,22.04,37.13,116.0,Moderate
Jaipur,2020-02-29,1.04,22.34,38.31,110.0,Moderate
Jaipur,2020-03-01,0.66,22.55,27.16,113.0,Moderate
Jaipur,2020-03-02,0.9,32.67,36.84,95.0,Satisfactory
Jaipur,2020-03-03,0.91,41.76,39.03,115.0,Moderate
Jaipur,2020-03-04,0.92,31.07,33.16,117.0,Moderate
Jaipur,2020-03-05,0.86,32.29,26.74,88.0,Satisfactory
Jaipur,2020-03-06,0.79,38.47,34.55,83.0,Satisfactory
Jaipur,2020-03-07,0.86,53.93,48.35,88.0,Satisfactory
Jaipur,2020-03-08,0.85,42.4,37.4,92.0,Satisfactory
Jaipur,2020-03-09,0.81,42.83,38.51,100.0,Satisfactory
Jaipur,2020-03-10,0.63,25.15,21.76,96.0,Satisfactory
Jaipur,2020-03-11,0.86,27.4,25.34,90.0,Satisfactory
Jaipur,2020-03-12,0.86,38.84,40.09,104.0,Moderate
Jaipur,2020-03-13,0.76,55.36,47.23,144.0,Moderate
Jaipur,2020-03-14,1.04,36.05,32.01,199.0,Moderate
Jaipur,2020-03-15,1.83,35.97,33.42,132.0,Moderate
Jaipur,2020-03-16,0.82,36.64,34.31,127.0,Moderate
Jaipur,2020-03-17,1.01,45.22,45.87,133.0,Moderate
Jaipur,2020-03-18,1.21,55.9,48.04,123.0,Moderate
Jaipur,2020-03-19,1.06,46.08,43.78,122.0,Moderate
Jaipur,2020-03-20,0.52,29.6,28.08,116.0,Moderate
Jaipur,2020-03-21,0.65,30.64,30.67,108.0,Moderate
Jaipur,2020-03-22,0.53,22.51,17.33,100.0,Satisfactory
Jaipur,2020-03-23,0.63,23.11,19.51,90.0,Satisfactory
Jaipur,2020-03-24,0.59,26.06,21.98,92.0,Satisfactory
Jaipur,2020-03-25,0.5,21.49,15.39,73.0,Satisfactory
Jaipur,2020-03-26,0.41,21.49,11.37,57.0,Satisfactory
Jaipur,2020-03-27,0.47,23.28,11.22,52.0,Satisfactory
Jaipur,2020-03-28,0.51,24.09,13.15,67.0,Satisfactory
Jaipur,2020-03-29,0.39,17.71,12.12,71.0,Satisfactory
Jaipur,2020-03-30,0.47,16.02,11.93,72.0,Satisfactory
Jaipur,2020-03-31,0.67,24.67,18.7,70.0,Satisfactory
Jaipur,2020-04-01,0.51,16.13,10.56,79.0,Satisfactory
Jaipur,2020-04-02,0.58,15.93,10.65,71.0,Satisfactory
Jaipur,2020-04-03,0.56,15.35,10.58,74.0,Satisfactory
Jaipur,2020-04-04,0.74,22.44,16.92,76.0,Satisfactory
Jaipur,2020-04-05,0.57,18.27,12.82,79.0,Satisfactory
Jaipur,2020-04-06,0.54,18.84,12.75,79.0,Satisfactory
Jaipur,2020-04-07,0.59,18.45,11.6,80.0,Satisfactory
Jaipur,2020-04-08,0.49,17.55,11.44,78.0,Satisfactory
Jaipur,2020-04-09,0.54,17.25,11.82,78.0,Satisfactory
Jaipur,2020-04-10,0.5,19.72,13.66,76.0,Satisfactory
Jaipur,2020-04-11,0.51,18.61,12.9,79.0,Satisfactory
Jaipur,2020-04-12,0.62,17.73,11.97,86.0,Satisfactory
Jaipur,2020-04-13,0.58,30.66,22.47,83.0,Satisfactory
Jaipur,2020-04-14,0.66,24.03,17.77,113.0,Moderate
Jaipur,2020-04-15,0.6,25.6,18.99,100.0,Satisfactory
Jaipur,2020-04-16,0.51,17.82,12.04,93.0,Satisfactory
Jaipur,2020-04-17,0.62,17.38,11.34,120.0,Moderate
Jaipur,2020-04-18,0.52,20.42,14.52,125.0,Moderate
Jaipur,2020-04-19,0.52,17.23,11.22,110.0,Moderate
Jaipur,2020-04-20,0.6,18.62,12.31,76.0,Satisfactory
Jaipur,2020-04-21,0.51,19.68,13.17,77.0,Satisfactory
Jaipur,2020-04-22,0.61,19.34,13.76,85.0,Satisfactory
Jaipur,2020-04-23,0.61,20.03,13.41,78.0,Satisfactory
Jaipur,2020-04-24,0.58,24.62,17.09,68.0,Satisfactory
Jaipur,2020-04-25,0.6,18.51,11.82,69.0,Satisfactory
Jaipur,2020-04-26,0.63,22.76,15.25,85.0,Satisfactory
Jaipur,2020-04-27,0.58,21.17,13.63,74.0,Satisfactory
Jaipur,2020-04-28,0.73,20.34,13.61,79.0,Satisfactory
Jaipur,2020-04-29,0.5,18.42,11.16,84.0,Satisfactory
Jaipur,2020-04-30,0.59,20.66,14.2,132.0,Moderate
Jaipur,2020-05-01,0.64,22.81,16.95,119.0,Moderate
Jaipur,2020-05-02,0.44,21.59,15.91,100.0,Satisfactory
Jaipur,2020-05-03,0.7,19.68,11.67,107.0,Moderate
Jaipur,2020-05-04,0.73,18.74,12.06,85.0,Satisfactory
Jaipur,2020-05-05,0.52,17.57,12.5,82.0,Satisfactory
Jaipur,2020-05-06,0.69,18.67,13.02,75.0,Satisfactory
Jaipur,2020-05-07,0.78,23.66,17.72,81.0,Satisfactory
Jaipur,2020-05-08,0.64,23.54,17.34,89.0,Satisfactory
Jaipur,2020-05-09,0.64,22.84,16.94,112.0,Moderate
Jaipur,2020-05-10,0.65,19.76,14.02,110.0,Moderate
Jaipur,2020-05-11,0.77,19.7,13.38,125.0,Moderate
Jaipur,2020-05-12,0.87,25.77,18.54,91.0,Satisfactory
Jaipur,2020-05-13,0.69,23.21,17.89,132.0,Moderate
Jaipur,2020-05-14,0.62,19.43,15.29,124.0,Moderate
Jaipur,2020-05-15,0.67,26.26,16.51,100.0,Satisfactory
Jaipur,2020-05-16,0.39,23.09,15.52,116.0,Moderate
Jaipur,2020-05-17,0.62,27.67,20.03,106.0,Moderate
Jaipur,2020-05-18,0.6,26.7,19.85,121.0,Moderate
Jaipur,2020-05-19,0.46,32.22,23.42,136.0,Moderate
Jaipur,2020-05-20,0.67,24.42,18.13,127.0,Moderate
Jaipur,2020-05-21,0.94,37.79,27.91,110.0,Moderate
Jaipur,2020-05-22,0.7,41.55,28.88,119.0,Moderate
Jaipur,2020-05-23,0.79,27.74,18.83,143.0,Moderate
Jaipur,2020-05-24,0.66,25.96,17.7,140.0,Moderate
Jaipur,2020-05-25,0.64,27.07,18.97,124.0,Moderate
Jaipur,2020-05-26,0.58,28.76,20.71,119.0,Moderate
Jaipur,2020-05-27,0.68,27.61,17.91,126.0,Moderate
Jaipur,2020-05-28,0.65,26.85,17.37,145.0,Moderate
Jaipur,2020-05-29,0.67,23.48,13.87,150.0,Moderate
Jaipur,2020-05-30,0.79,24.07,13.46,115.0,Moderate
Jaipur,2020-05-31,0.61,27.27,14.04,82.0,Satisfactory
Jaipur,2020-06-01,0.63,26.68,16.26,93.0,Satisfactory
Jaipur,2020-06-02,0.68,28.88,18.81,106.0,Moderate
Jaipur,2020-06-03,0.58,28.59,18.46,94.0,Satisfactory
Jaipur,2020-06-04,0.61,30.03,19.4,84.0,Satisfactory
Jaipur,2020-06-05,0.68,31.03,16.42,89.0,Satisfactory
Jaipur,2020-06-06,0.62,30.96,17.78,84.0,Satisfactory
Jaipur,2020-06-07,0.64,26.29,14.66,80.0,Satisfactory
Jaipur,2020-06-08,0.63,32.21,19.97,79.0,Satisfactory
Jaipur,2020-06-09,0.62,28.89,18.84,90.0,Satisfactory
Jaipur,2020-06-10,0.55,29.83,20.01,85.0,Satisfactory
Jaipur,2020-06-11,0.65,27.02,16.68,92.0,Satisfactory
Jaipur,2020-06-12,0.74,29.25,19.05,103.0,Moderate
Jaipur,2020-06-13,0.84,27.42,16.79,108.0,Moderate
Jaipur,2020-06-14,0.78,26.48,15.52,96.0,Satisfactory
Jaipur,2020-06-15,0.79,30.1,21.05,97.0,Satisfactory
Jaipur,2020-06-16,0.62,27.68,19.13,108.0,Moderate
Jaipur,2020-06-17,0.62,22.37,15.93,108.0,Moderate
Jaipur,2020-06-18,0.68,28.6,19.32,110.0,Moderate
Jaipur,2020-06-19,0.55,24.58,15.28,108.0,Moderate
Jaipur,2020-06-20,0.59,22.66,13.56,121.0,Moderate
Jaipur,2020-06-21,0.5,23.07,13.0,96.0,Satisfactory
Jaipur,2020-06-22,0.68,25.6,16.12,80.0,Satisfactory
Jaipur,2020-06-23,0.64,20.99,14.5,80.0,Satisfactory
Jaipur,2020-06-24,0.7,21.54,14.37,72.0,Satisfactory
Jaipur,2020-06-25,0.67,24.4,16.88,76.0,Satisfactory
Jaipur,2020-06-26,0.69,25.43,18.81,172.0,Moderate
Jaipur,2020-06-27,0.59,21.82,14.72,89.0,Satisfactory
Jaipur,2020-06-28,0.5,20.41,14.05,75.0,Satisfactory
Jaipur,2020-06-29,0.55,22.7,16.63,69.0,Satisfactory
Jaipur,2020-06-30,0.67,19.79,13.77,79.0,Satisfactory
Jaipur,2020-07-01,0.54,17.41,10.88,70.0,Satisfactory
Jorapokhar,2017-12-21,0.35,6.97,10.67,158.0,Moderate
Jorapokhar,2017-12-22,0.33,7.04,10.14,118.0,Moderate
Jorapokhar,2017-12-23,0.32,6.93,10.5,142.0,Moderate
Jorapokhar,2017-12-24,0.35,6.9,10.39,165.0,Moderate
Jorapokhar,2017-12-27,0.32,6.98,10.43,132.0,Moderate
Jorapokhar,2017-12-28,0.41,6.97,11.67,128.0,Moderate
Jorapokhar,2017-12-29,0.34,6.88,11.86,194.0,Moderate
Jorapokhar,2017-12-30,0.3,6.99,12.92,237.0,Poor
Jorapokhar,2017-12-31,0.42,6.76,15.43,192.0,Moderate
Jorapokhar,2018-01-03,0.32,6.93,9.73,102.0,Moderate
Jorapokhar,2018-01-04,0.37,7.07,10.23,119.0,Moderate
Jorapokhar,2018-01-11,0.34,6.88,11.01,128.0,Moderate
Jorapokhar,2018-01-12,0.31,6.88,12.83,229.0,Poor
Jorapokhar,2018-01-13,0.32,7.03,11.11,156.0,Moderate
Jorapokhar,2018-01-14,0.31,6.85,10.39,163.0,Moderate
Jorapokhar,2018-01-15,0.31,6.89,10.5,136.0,Moderate
Jorapokhar,2018-01-16,0.4,6.89,11.82,152.0,Moderate
Jorapokhar,2018-01-17,0.27,6.95,12.11,184.0,Moderate
Jorapokhar,2018-01-18,0.34,6.99,11.64,159.0,Moderate
Jorapokhar,2018-01-19,0.31,6.93,11.84,160.0,Moderate
Jorapokhar,2018-01-20,0.35,7.11,11.09,153.0,Moderate
Jorapokhar,2018-01-21,0.36,7.02,10.21,119.0,Moderate
Jorapokhar,2018-01-22,0.32,6.85,13.07,176.0,Moderate
Jorapokhar,2018-01-23,0.32,7.09,11.98,146.0,Moderate
Jorapokhar,2018-01-24,0.35,7.03,12.43,209.0,Poor
Jorapokhar,2018-01-25,0.27,7.06,9.92,114.0,Moderate
Jorapokhar,2018-01-26,0.34,6.99,10.57,113.0,Moderate
Jorapokhar,2018-01-27,0.35,6.97,10.02,114.0,Moderate
Jorapokhar,2018-01-28,0.32,6.89,11.35,109.0,Moderate
Jorapokhar,2018-01-29,0.35,7.03,10.87,154.0,Moderate
Jorapokhar,2018-01-30,0.35,6.89,10.91,122.0,Moderate
Jorapokhar,2018-01-31,0.32,7.04,9.4,134.0,Moderate
Jorapokhar,2018-02-01,0.33,6.78,10.65,125.0,Moderate
Jorapokhar,2018-02-02,0.3,7.02,9.76,139.0,Moderate
Jorapokhar,2018-02-03,0.41,6.97,11.03,178.0,Moderate
Jorapokhar,2018-02-04,0.33,6.99,11.8,205.0,Poor
Jorapokhar,2018-02-05,0.3,6.96,10.93,221.0,Poor
Jorapokhar,2018-02-06,0.3,6.95,9.38,229.0,Poor
Jorapokhar,2018-02-07,0.3,7.02,8.95,161.0,Moderate
Jorapokhar,2018-02-08,0.35,6.88,9.21,180.0,Moderate
Jorapokhar,2018-02-09,0.38,6.87,10.37,145.0,Moderate
Jorapokhar,2018-02-10,0.26,6.99,10.26,294.0,Poor
Jorapokhar,2018-02-11,0.37,6.72,11.02,167.0,Moderate
Jorapokhar,2018-02-13,0.34,6.82,10.21,135.0,Moderate
Jorapokhar,2018-02-14,0.3,6.91,8.64,90.0,Satisfactory
Jorapokhar,2018-02-15,0.3,7.03,8.85,71.0,Satisfactory
Jorapokhar,2018-02-16,0.35,6.87,10.1,119.0,Moderate
Jorapokhar,2018-02-17,0.26,7.04,9.42,225.0,Poor
Jorapokhar,2018-02-20,0.35,6.97,9.76,170.0,Moderate
Jorapokhar,2018-02-21,0.33,6.87,9.39,140.0,Moderate
Jorapokhar,2018-02-22,0.3,6.91,9.44,129.0,Moderate
Jorapokhar,2018-02-23,0.42,6.96,9.93,144.0,Moderate
Jorapokhar,2018-02-24,0.34,6.89,10.4,137.0,Moderate
Jorapokhar,2018-02-25,0.38,6.95,9.8,184.0,Moderate
Jorapokhar,2018-02-26,0.35,6.86,8.5,172.0,Moderate
Jorapokhar,2018-02-27,0.36,6.86,9.04,131.0,Moderate
Jorapokhar,2018-02-28,0.27,6.88,9.26,110.0,Moderate
Jorapokhar,2018-03-01,0.39,6.94,9.42,143.0,Moderate
Jorapokhar,2018-03-02,0.34,6.92,8.92,174.0,Moderate
Jorapokhar,2018-03-03,0.26,6.86,8.96,106.0,Moderate
Jorapokhar,2018-03-04,0.32,6.86,8.29,144.0,Moderate
Jorapokhar,2018-03-05,0.28,6.91,7.83,180.0,Moderate
Jorapokhar,2018-03-06,0.32,6.9,8.31,142.0,Moderate
Jorapokhar,2018-03-07,0.31,6.83,8.49,130.0,Moderate
Jorapokhar,2018-03-08,0.34,6.91,10.82,177.0,Moderate
Jorapokhar,2018-03-09,0.35,6.76,10.15,167.0,Moderate
Jorapokhar,2018-03-10,0.29,6.83,9.07,119.0,Moderate
Jorapokhar,2018-03-11,0.32,6.87,9.18,124.0,Moderate
Jorapokhar,2018-03-12,0.41,6.91,10.02,151.0,Moderate
Jorapokhar,2018-03-13,0.32,6.89,10.28,159.0,Moderate
Jorapokhar,2018-03-14,0.32,6.8,9.84,126.0,Moderate
Jorapokhar,2018-03-15,0.36,6.96,10.48,134.0,Moderate
Jorapokhar,2018-03-16,0.27,6.79,8.89,152.0,Moderate
Jorapokhar,2018-03-17,0.35,6.79,8.88,151.0,Moderate
Jorapokhar,2018-03-18,0.34,6.8,9.11,114.0,Moderate
Jorapokhar,2018-03-19,0.39,6.89,8.92,136.0,Moderate
Jorapokhar,2018-03-20,0.32,6.87,9.14,161.0,Moderate
Jorapokhar,2018-03-21,0.3,6.8,12.41,214.0,Poor
Jorapokhar,2018-03-22,0.38,6.98,12.83,264.0,Poor
Jorapokhar,2018-03-23,0.33,6.82,10.69,265.0,Poor
Jorapokhar,2018-03-24,0.36,6.83,10.28,197.0,Moderate
Jorapokhar,2018-03-25,0.46,6.67,9.66,148.0,Moderate
Jorapokhar,2018-04-13,0.35,6.74,8.1,88.0,Satisfactory
Jorapokhar,2018-04-20,0.52,6.71,8.24,124.0,Moderate
Jorapokhar,2018-04-21,0.27,6.89,7.53,90.0,Satisfactory
Jorapokhar,2018-04-24,0.46,6.93,10.34,120.0,Moderate
Jorapokhar,2018-04-25,0.43,6.07,11.29,128.0,Moderate
Jorapokhar,2018-06-03,0.51,7.91,7.78,94.0,Satisfactory
Jorapokhar,2018-06-04,0.42,7.66,8.46,116.0,Moderate
Jorapokhar,2018-06-05,0.38,8.03,7.18,143.0,Moderate
Jorapokhar,2018-06-06,0.36,7.93,7.45,134.0,Moderate
Jorapokhar,2018-06-07,0.38,7.71,7.6,161.0,Moderate
Jorapokhar,2018-06-08,0.44,8.2,6.68,134.0,Moderate
Jorapokhar,2018-07-04,0.44,6.54,6.44,71.0,Satisfactory
Jorapokhar,2018-07-05,0.33,6.56,6.0,53.0,Satisfactory
Jorapokhar,2018-07-06,0.35,6.59,6.8,111.0,Moderate
Jorapokhar,2018-07-07,0.3,6.57,6.78,123.0,Moderate
Jorapokhar,2018-07-08,0.3,6.62,6.76,104.0,Moderate
Jorapokhar,2018-07-09,0.32,6.67,7.27,89.0,Satisfactory
Jorapokhar,2018-07-10,0.28,6.71,7.44,85.0,Satisfactory
Jorapokhar,2018-07-11,0.29,6.64,7.34,92.0,Satisfactory
Jorapokhar,2018-07-12,0.29,6.73,7.15,102.0,Moderate
Jorapokhar,2018-07-13,0.3,6.68,7.05,94.0,Satisfactory
Jorapokhar,2018-07-14,0.28,6.61,7.09,77.0,Satisfactory
Jorapokhar,2018-07-15,0.34,6.67,7.32,70.0,Satisfactory
Jorapokhar,2018-07-16,0.35,6.62,7.49,65.0,Satisfactory
Jorapokhar,2018-07-17,0.33,6.63,7.47,66.0,Satisfactory
Jorapokhar,2018-07-18,0.32,6.63,7.08,82.0,Satisfactory
Jorapokhar,2018-07-19,0.33,6.64,7.61,95.0,Satisfactory
Jorapokhar,2018-07-20,0.34,6.64,7.32,117.0,Moderate
Jorapokhar,2018-07-21,0.38,6.61,7.2,89.0,Satisfactory
Jorapokhar,2018-07-22,0.46,6.6,7.43,55.0,Satisfactory
Jorapokhar,2018-07-23,0.33,6.61,7.27,65.0,Satisfactory
Jorapokhar,2018-07-24,0.32,6.64,6.83,72.0,Satisfactory
Jorapokhar,2018-07-25,0.42,6.72,6.77,80.0,Satisfactory
Jorapokhar,2018-07-26,0.37,6.62,7.14,106.0,Moderate
Jorapokhar,2018-07-27,0.26,6.58,7.11,81.0,Satisfactory
Jorapokhar,2018-07-28,0.3,6.71,6.97,76.0,Satisfactory
Jorapokhar,2018-07-29,0.37,6.62,7.06,100.0,Satisfactory
Jorapokhar,2018-07-31,0.39,6.61,7.12,112.0,Moderate
Jorapokhar,2018-08-01,0.32,6.62,7.03,83.0,Satisfactory
Jorapokhar,2018-08-02,0.34,6.59,6.88,86.0,Satisfactory
Jorapokhar,2018-08-03,0.23,6.66,6.8,70.0,Satisfactory
Jorapokhar,2018-08-04,0.36,6.63,6.78,108.0,Moderate
Jorapokhar,2018-08-05,0.32,6.62,6.86,132.0,Moderate
Jorapokhar,2018-08-06,0.34,6.62,6.88,151.0,Moderate
Jorapokhar,2018-08-07,0.34,6.66,7.14,113.0,Moderate
Jorapokhar,2018-08-08,0.35,6.64,7.27,118.0,Moderate
Jorapokhar,2018-08-09,0.37,6.6,7.16,107.0,Moderate
Jorapokhar,2018-08-10,0.47,6.64,7.05,111.0,Moderate
Jorapokhar,2018-08-11,0.43,6.6,7.34,110.0,Moderate
Jorapokhar,2018-08-12,0.42,6.6,7.11,110.0,Moderate
Jorapokhar,2018-08-13,0.4,6.58,7.61,114.0,Moderate
Jorapokhar,2018-08-14,0.4,6.62,7.37,126.0,Moderate
Jorapokhar,2018-08-15,0.4,6.6,7.39,120.0,Moderate
Jorapokhar,2018-08-16,0.38,6.62,7.47,93.0,Satisfactory
Jorapokhar,2018-08-17,0.45,6.59,7.24,102.0,Moderate
Jorapokhar,2018-08-18,0.46,7.08,10.2,134.0,Moderate
Jorapokhar,2018-08-19,0.39,6.63,9.14,159.0,Moderate
Jorapokhar,2018-08-20,0.47,6.64,7.52,140.0,Moderate
Jorapokhar,2018-08-21,0.65,6.56,7.68,204.0,Poor
Jorapokhar,2018-08-22,0.43,6.6,7.28,103.0,Moderate
Jorapokhar,2018-08-23,0.44,6.62,6.94,112.0,Moderate
Jorapokhar,2018-08-24,0.34,6.57,7.27,121.0,Moderate
Jorapokhar,2018-08-25,0.4,6.59,7.11,134.0,Moderate
Jorapokhar,2018-08-26,0.43,6.53,7.21,146.0,Moderate
Jorapokhar,2018-08-27,0.36,6.59,7.31,105.0,Moderate
Jorapokhar,2018-08-28,0.34,6.61,7.4,125.0,Moderate
Jorapokhar,2018-08-29,0.42,6.59,7.25,106.0,Moderate
Jorapokhar,2018-08-30,0.46,6.58,7.23,110.0,Moderate
Jorapokhar,2018-08-31,0.47,6.67,7.61,132.0,Moderate
Jorapokhar,2018-09-01,0.39,6.71,6.93,148.0,Moderate
Jorapokhar,2018-09-02,0.38,6.58,7.02,117.0,Moderate
Jorapokhar,2018-09-03,0.3,6.57,7.15,74.0,Satisfactory
Jorapokhar,2018-09-04,0.0,6.58,6.92,82.0,Satisfactory
Jorapokhar,2018-09-05,0.0,6.61,7.13,105.0,Moderate
Jorapokhar,2018-09-06,0.0,6.61,7.27,83.0,Satisfactory
Jorapokhar,2018-09-07,0.0,6.64,7.1,69.0,Satisfactory
Jorapokhar,2018-09-08,0.0,6.57,7.44,78.0,Satisfactory
Jorapokhar,2018-10-04,0.0,6.54,7.45,221.0,Poor
Jorapokhar,2018-10-05,0.0,6.53,7.69,277.0,Poor
Jorapokhar,2018-10-06,0.0,6.54,7.52,292.0,Poor
Jorapokhar,2018-10-07,0.0,6.44,7.69,244.0,Poor
Jorapokhar,2018-10-09,0.0,6.55,7.68,307.0,Very Poor
Jorapokhar,2018-10-10,0.0,6.55,7.71,352.0,Very Poor
Jorapokhar,2018-10-11,0.0,6.58,7.58,173.0,Moderate
Jorapokhar,2018-10-12,0.0,6.56,7.67,107.0,Moderate
Jorapokhar,2018-10-13,0.0,6.53,7.59,122.0,Moderate
Jorapokhar,2018-10-14,0.0,6.57,7.02,124.0,Moderate
Jorapokhar,2018-10-17,0.0,6.55,7.28,244.0,Poor
Jorapokhar,2018-10-18,0.0,6.61,7.18,245.0,Poor
Jorapokhar,2018-10-19,0.0,6.61,6.95,225.0,Poor
Jorapokhar,2018-10-20,0.0,6.58,6.97,223.0,Poor
Jorapokhar,2018-10-21,0.0,6.57,7.12,204.0,Poor
Jorapokhar,2018-10-22,0.0,6.6,7.02,321.0,Very Poor
Jorapokhar,2018-10-23,0.0,6.65,6.94,334.0,Very Poor
Jorapokhar,2018-10-24,0.0,6.6,6.95,264.0,Poor
Jorapokhar,2018-10-25,0.0,6.68,7.19,219.0,Poor
Jorapokhar,2018-10-26,0.0,6.6,7.42,215.0,Poor
Jorapokhar,2018-10-27,0.0,6.64,7.27,248.0,Poor
Jorapokhar,2018-10-28,0.0,6.59,7.19,208.0,Poor
Jorapokhar,2018-10-29,0.0,6.65,7.21,237.0,Poor
Jorapokhar,2018-10-30,0.0,6.64,7.0,179.0,Moderate
Jorapokhar,2018-10-31,0.0,6.63,7.37,179.0,Moderate
Jorapokhar,2018-11-01,0.0,6.65,7.21,193.0,Moderate
Jorapokhar,2018-11-02,0.0,6.63,7.27,232.0,Poor
Jorapokhar,2018-11-03,0.0,6.71,6.98,252.0,Poor
Jorapokhar,2018-11-04,0.0,6.72,7.22,259.0,Poor
Jorapokhar,2018-11-05,0.0,6.72,6.85,311.0,Very Poor
Jorapokhar,2018-11-06,0.0,6.66,7.43,229.0,Poor
Jorapokhar,2018-11-07,0.0,6.71,6.98,340.0,Very Poor
Jorapokhar,2018-11-08,0.0,6.66,7.59,445.0,Severe
Jorapokhar,2018-11-09,0.0,6.79,7.46,370.0,Very Poor
Jorapokhar,2018-11-10,0.0,6.7,7.1,279.0,Poor
Jorapokhar,2018-11-11,0.0,6.67,7.1,310.0,Very Poor
Jorapokhar,2018-11-12,0.0,6.64,7.27,308.0,Very Poor
Jorapokhar,2018-11-13,0.0,6.63,6.6,382.0,Very Poor
Jorapokhar,2018-11-14,0.0,6.65,7.17,377.0,Very Poor
Jorapokhar,2018-11-15,0.0,6.59,6.78,501.0,Severe
Jorapokhar,2018-11-21,0.0,6.6,7.51,538.0,Severe
Jorapokhar,2018-11-22,0.0,6.62,7.17,351.0,Very Poor
Jorapokhar,2018-11-23,0.0,6.67,6.91,276.0,Poor
Jorapokhar,2018-11-24,0.0,6.56,7.16,292.0,Poor
Jorapokhar,2018-11-25,0.0,6.63,7.46,285.0,Poor
Jorapokhar,2018-11-26,0.0,6.65,7.63,400.0,Very Poor
Jorapokhar,2018-11-27,0.0,6.72,7.84,447.0,Severe
Jorapokhar,2018-11-28,0.0,6.6,7.83,379.0,Very Poor
Jorapokhar,2018-11-29,0.0,6.61,7.82,340.0,Very Poor
Jorapokhar,2018-11-30,0.0,6.67,7.66,313.0,Very Poor
Jorapokhar,2018-12-01,0.0,6.64,7.43,300.0,Poor
Jorapokhar,2018-12-02,0.0,6.57,7.73,396.0,Very Poor
Jorapokhar,2018-12-03,0.0,6.67,7.21,324.0,Very Poor
Jorapokhar,2018-12-04,0.0,6.66,6.88,292.0,Poor
Jorapokhar,2018-12-11,0.0,6.7,7.89,569.0,Severe
Jorapokhar,2019-01-09,0.0,6.27,10.9,277.0,Poor
Jorapokhar,2019-01-22,0.0,6.37,10.84,317.0,Very Poor
Jorapokhar,2019-01-24,0.0,6.29,10.31,297.0,Poor
Jorapokhar,2019-01-25,0.0,6.35,10.19,277.0,Poor
Jorapokhar,2019-02-01,0.0,6.41,10.3,302.0,Very Poor
Jorapokhar,2019-02-03,0.0,6.39,10.08,219.0,Poor
Jorapokhar,2019-02-12,0.0,6.34,10.19,178.0,Moderate
Jorapokhar,2019-02-13,0.0,6.29,10.27,241.0,Poor
Jorapokhar,2019-02-14,0.0,6.34,10.08,257.0,Poor
Jorapokhar,2019-02-15,0.0,6.31,9.86,238.0,Poor
Jorapokhar,2019-02-16,0.0,6.28,9.7,93.0,Satisfactory
Jorapokhar,2019-02-17,0.0,6.34,9.76,57.0,Satisfactory
Jorapokhar,2019-02-18,0.0,6.35,9.63,93.0,Satisfactory
Jorapokhar,2019-02-19,0.0,6.43,10.08,171.0,Moderate
Jorapokhar,2019-02-20,0.0,6.28,10.13,251.0,Poor
Jorapokhar,2019-02-21,0.0,6.29,10.09,184.0,Moderate
Jorapokhar,2019-02-22,0.0,6.31,10.03,250.0,Poor
Jorapokhar,2019-02-23,0.0,6.32,9.59,230.0,Poor
Jorapokhar,2019-02-24,0.0,6.37,9.41,111.0,Moderate
Jorapokhar,2019-02-25,0.0,6.29,9.51,100.0,Satisfactory
Jorapokhar,2019-02-26,0.0,6.32,9.5,84.0,Satisfactory
Jorapokhar,2019-02-27,0.0,6.32,9.41,89.0,Satisfactory
Jorapokhar,2019-02-28,0.0,6.37,9.36,115.0,Moderate
Jorapokhar,2019-03-01,0.0,6.35,9.49,209.0,Poor
Jorapokhar,2019-03-02,0.0,6.39,9.57,135.0,Moderate
Jorapokhar,2019-03-03,0.0,6.37,9.24,183.0,Moderate
Jorapokhar,2019-03-04,0.0,6.35,9.34,150.0,Moderate
Jorapokhar,2019-03-05,0.0,6.36,9.28,167.0,Moderate
Jorapokhar,2019-03-06,0.0,6.34,9.39,177.0,Moderate
Jorapokhar,2019-03-07,0.0,6.32,9.71,123.0,Moderate
Jorapokhar,2019-03-08,0.0,6.3,9.82,96.0,Satisfactory
Jorapokhar,2019-03-09,0.0,6.3,9.86,110.0,Moderate
Jorapokhar,2019-03-10,0.0,6.32,10.1,199.0,Moderate
Jorapokhar,2019-03-11,0.0,6.32,9.72,226.0,Poor
Jorapokhar,2019-03-12,0.0,6.29,10.19,176.0,Moderate
Jorapokhar,2019-03-13,0.0,6.38,9.94,254.0,Poor
Jorapokhar,2019-03-14,0.0,6.33,10.02,272.0,Poor
Jorapokhar,2019-03-15,0.0,6.32,10.39,106.0,Moderate
Jorapokhar,2019-03-16,0.0,6.23,9.91,80.0,Satisfactory
Jorapokhar,2019-03-17,0.0,6.31,9.68,129.0,Moderate
Jorapokhar,2019-03-18,0.0,6.31,9.69,77.0,Satisfactory
Jorapokhar,2019-03-19,0.0,6.25,9.64,95.0,Satisfactory
Jorapokhar,2019-03-20,0.0,6.32,9.61,128.0,Moderate
Jorapokhar,2019-03-21,0.0,6.25,9.69,155.0,Moderate
Jorapokhar,2019-03-22,0.0,6.31,9.53,107.0,Moderate
Jorapokhar,2019-03-23,0.0,6.31,9.42,97.0,Satisfactory
Jorapokhar,2019-03-24,0.0,6.31,9.42,115.0,Moderate
Jorapokhar,2019-03-25,0.0,6.31,9.44,139.0,Moderate
Jorapokhar,2019-03-26,0.0,6.19,9.94,170.0,Moderate
Jorapokhar,2019-03-27,0.0,6.29,9.79,126.0,Moderate
Jorapokhar,2019-03-28,0.0,6.32,9.71,128.0,Moderate
Jorapokhar,2019-03-29,0.0,6.3,9.7,175.0,Moderate
Jorapokhar,2019-04-24,1.8,6.31,9.77,90.0,Satisfactory
Jorapokhar,2019-04-25,1.76,6.28,9.54,101.0,Moderate
Jorapokhar,2019-04-26,1.87,6.19,9.73,118.0,Moderate
Jorapokhar,2019-04-27,1.57,6.29,9.55,190.0,Moderate
Jorapokhar,2019-04-28,2.01,6.5,8.5,148.0,Moderate
Jorapokhar,2019-04-29,2.59,6.57,7.76,175.0,Moderate
Jorapokhar,2019-04-30,1.74,6.63,7.57,146.0,Moderate
Jorapokhar,2019-05-01,1.38,6.61,7.43,101.0,Moderate
Jorapokhar,2019-05-02,1.48,6.53,7.72,109.0,Moderate
Jorapokhar,2019-05-03,1.55,6.58,7.67,100.0,Satisfactory
Jorapokhar,2019-05-04,1.52,6.6,7.38,88.0,Satisfactory
Jorapokhar,2019-05-05,1.44,6.55,7.61,102.0,Moderate
Jorapokhar,2019-05-06,1.66,6.5,7.73,115.0,Moderate
Jorapokhar,2019-05-07,2.49,6.57,7.79,184.0,Moderate
Jorapokhar,2019-05-08,1.91,6.61,7.6,161.0,Moderate
Jorapokhar,2019-05-09,1.61,6.6,7.45,173.0,Moderate
Jorapokhar,2019-05-10,1.88,6.57,7.55,166.0,Moderate
Jorapokhar,2019-05-11,2.14,6.6,7.53,160.0,Moderate
Jorapokhar,2019-05-12,2.01,6.67,7.41,187.0,Moderate
Jorapokhar,2019-05-13,1.95,6.63,7.5,134.0,Moderate
Jorapokhar,2019-05-14,1.77,6.57,7.37,131.0,Moderate
Jorapokhar,2019-05-16,1.58,6.47,7.89,90.0,Satisfactory
Jorapokhar,2019-05-18,2.01,6.63,7.51,102.0,Moderate
Jorapokhar,2019-05-19,2.46,6.59,7.63,130.0,Moderate
Jorapokhar,2019-05-20,1.49,6.61,7.7,154.0,Moderate
Jorapokhar,2019-05-21,1.66,6.54,7.72,235.0,Poor
Jorapokhar,2019-05-22,1.46,6.58,7.56,148.0,Moderate
Jorapokhar,2019-05-23,1.58,6.63,7.43,104.0,Moderate
Jorapokhar,2019-05-24,1.72,6.64,7.37,112.0,Moderate
Jorapokhar,2019-05-25,1.77,6.61,7.6,114.0,Moderate
Jorapokhar,2019-05-28,1.25,6.6,7.66,105.0,Moderate
Jorapokhar,2019-05-29,1.51,6.63,7.24,106.0,Moderate
Jorapokhar,2019-05-30,1.46,6.45,6.92,96.0,Satisfactory
Jorapokhar,2019-05-31,1.37,6.55,7.82,118.0,Moderate
Jorapokhar,2019-07-13,1.27,6.28,8.96,82.0,Satisfactory
Jorapokhar,2019-07-14,1.24,6.31,9.03,93.0,Satisfactory
Jorapokhar,2019-07-15,1.31,6.3,8.94,85.0,Satisfactory
Jorapokhar,2019-07-16,1.54,6.27,9.14,101.0,Moderate
Jorapokhar,2019-07-17,1.51,6.26,9.42,107.0,Moderate
Jorapokhar,2019-07-18,1.91,6.24,9.46,110.0,Moderate
Jorapokhar,2019-07-19,1.24,6.25,9.41,87.0,Satisfactory
Jorapokhar,2019-07-20,1.27,6.27,9.34,92.0,Satisfactory
Jorapokhar,2019-07-21,1.15,6.29,8.97,80.0,Satisfactory
Jorapokhar,2019-07-22,1.39,6.26,9.12,89.0,Satisfactory
Jorapokhar,2019-07-23,1.48,6.26,9.19,98.0,Satisfactory
Jorapokhar,2019-07-24,1.58,6.2,9.64,111.0,Moderate
Jorapokhar,2019-07-25,1.43,6.24,9.44,134.0,Moderate
Jorapokhar,2019-07-26,1.68,6.25,9.43,126.0,Moderate
Jorapokhar,2019-07-27,1.83,6.27,9.4,136.0,Moderate
Jorapokhar,2019-07-29,1.26,6.24,9.39,168.0,Moderate
Jorapokhar,2019-07-30,1.39,6.25,9.39,91.0,Satisfactory
Jorapokhar,2019-07-31,1.14,6.34,9.11,82.0,Satisfactory
Jorapokhar,2019-08-01,1.39,6.33,9.32,85.0,Satisfactory
Jorapokhar,2019-08-02,1.45,6.25,9.45,97.0,Satisfactory
Jorapokhar,2019-08-03,1.61,6.29,9.24,103.0,Moderate
Jorapokhar,2019-08-04,1.4,6.22,9.4,102.0,Moderate
Jorapokhar,2019-08-05,1.52,6.28,9.07,105.0,Moderate
Jorapokhar,2019-08-06,2.28,6.3,9.14,123.0,Moderate
Jorapokhar,2019-08-07,1.35,6.21,9.42,100.0,Satisfactory
Jorapokhar,2019-08-08,1.52,6.28,9.2,109.0,Moderate
Jorapokhar,2019-08-09,1.91,6.32,9.22,112.0,Moderate
Jorapokhar,2019-08-10,2.74,6.27,9.36,130.0,Moderate
Jorapokhar,2019-08-11,1.78,6.3,9.22,120.0,Moderate
Jorapokhar,2019-08-12,1.95,6.23,9.4,88.0,Satisfactory
Jorapokhar,2019-08-13,1.54,6.25,9.53,96.0,Satisfactory
Jorapokhar,2019-08-14,1.64,6.22,9.36,103.0,Moderate
Jorapokhar,2019-08-15,1.24,6.23,9.34,94.0,Satisfactory
Jorapokhar,2019-08-16,1.84,6.27,9.32,111.0,Moderate
Jorapokhar,2019-08-17,1.66,6.29,9.29,117.0,Moderate
Jorapokhar,2019-08-18,2.12,6.26,9.35,119.0,Moderate
Jorapokhar,2019-08-19,1.56,6.28,9.33,108.0,Moderate
Jorapokhar,2019-08-20,1.95,6.26,9.42,110.0,Moderate
Jorapokhar,2019-08-21,2.28,6.25,9.52,116.0,Moderate
Jorapokhar,2019-08-22,1.91,6.29,9.29,115.0,Moderate
Jorapokhar,2019-08-23,1.96,6.23,9.47,115.0,Moderate
Jorapokhar,2019-08-24,2.06,6.22,9.43,112.0,Moderate
Jorapokhar,2019-08-25,1.96,6.27,9.34,155.0,Moderate
Jorapokhar,2019-08-26,1.8,6.24,9.4,107.0,Moderate
Jorapokhar,2019-08-27,1.9,6.33,9.24,112.0,Moderate
Jorapokhar,2019-08-28,1.88,6.31,9.39,110.0,Moderate
Jorapokhar,2019-08-29,2.04,6.31,9.39,113.0,Moderate
Jorapokhar,2019-08-30,1.72,6.25,9.44,100.0,Satisfactory
Jorapokhar,2019-08-31,1.96,6.2,9.5,111.0,Moderate
Jorapokhar,2019-09-01,2.28,6.32,9.09,117.0,Moderate
Jorapokhar,2019-09-02,2.27,6.24,9.41,122.0,Moderate
Jorapokhar,2019-09-03,1.99,6.27,9.46,117.0,Moderate
Jorapokhar,2019-09-04,2.14,6.26,9.42,111.0,Moderate
Jorapokhar,2019-09-05,1.81,6.33,9.2,106.0,Moderate
Jorapokhar,2019-09-06,1.77,6.29,9.28,110.0,Moderate
Jorapokhar,2019-09-07,1.65,6.3,9.2,99.0,Satisfactory
Jorapokhar,2019-09-08,1.72,6.24,9.48,103.0,Moderate
Jorapokhar,2019-09-09,1.06,6.28,9.22,92.0,Satisfactory
Jorapokhar,2020-03-17,2.2,8.68,11.87,146.0,Moderate
Jorapokhar,2020-03-18,1.55,9.11,10.38,176.0,Moderate
Jorapokhar,2020-03-19,2.04,9.51,11.78,164.0,Moderate
Jorapokhar,2020-03-20,2.71,8.51,10.17,143.0,Moderate
Jorapokhar,2020-03-21,3.21,9.08,9.16,184.0,Moderate
Jorapokhar,2020-03-31,2.19,8.85,11.33,125.0,Moderate
Jorapokhar,2020-04-01,2.55,9.26,10.4,135.0,Moderate
Jorapokhar,2020-04-02,2.82,9.22,11.45,193.0,Moderate
Jorapokhar,2020-04-03,1.77,9.23,11.05,123.0,Moderate
Jorapokhar,2020-04-04,2.58,9.29,10.37,148.0,Moderate
Jorapokhar,2020-04-05,2.6,8.79,11.64,175.0,Moderate
Jorapokhar,2020-04-06,1.83,9.15,11.44,115.0,Moderate
Jorapokhar,2020-04-07,2.51,9.03,10.92,144.0,Moderate
Jorapokhar,2020-04-08,1.46,8.82,11.01,133.0,Moderate
Jorapokhar,2020-04-09,1.58,8.85,11.28,105.0,Moderate
Jorapokhar,2020-04-10,2.17,8.98,10.87,124.0,Moderate
Jorapokhar,2020-04-11,2.11,8.9,11.36,166.0,Moderate
Jorapokhar,2020-04-12,1.88,9.23,11.72,124.0,Moderate
Jorapokhar,2020-04-13,2.14,8.7,11.74,119.0,Moderate
Jorapokhar,2020-04-14,2.16,9.06,12.02,118.0,Moderate
Jorapokhar,2020-04-15,1.75,9.09,11.38,113.0,Moderate
Jorapokhar,2020-04-16,1.54,8.49,11.39,124.0,Moderate
Jorapokhar,2020-04-17,2.0,8.9,10.88,157.0,Moderate
Jorapokhar,2020-04-18,2.0,9.63,11.27,117.0,Moderate
Jorapokhar,2020-04-20,1.56,9.13,10.58,106.0,Moderate
Jorapokhar,2020-04-21,1.8,8.99,11.56,103.0,Moderate
Jorapokhar,2020-04-22,1.63,9.19,11.26,92.0,Satisfactory
Jorapokhar,2020-04-23,2.28,9.11,12.12,120.0,Moderate
Jorapokhar,2020-04-24,1.21,8.82,11.98,101.0,Moderate
Jorapokhar,2020-04-25,1.27,8.73,11.62,95.0,Satisfactory
Jorapokhar,2020-04-26,1.27,9.33,10.96,100.0,Satisfactory
Jorapokhar,2020-04-27,0.98,9.55,10.38,94.0,Satisfactory
Jorapokhar,2020-04-28,0.88,8.99,11.8,92.0,Satisfactory
Jorapokhar,2020-04-29,0.87,9.11,10.59,92.0,Satisfactory
Jorapokhar,2020-04-30,0.96,9.03,10.16,104.0,Moderate
Jorapokhar,2020-05-01,0.77,9.19,10.11,107.0,Moderate
Jorapokhar,2020-05-02,0.87,9.21,10.59,98.0,Satisfactory
Jorapokhar,2020-05-03,1.27,9.35,10.88,102.0,Moderate
Jorapokhar,2020-05-04,1.28,9.57,9.92,112.0,Moderate
Jorapokhar,2020-05-05,1.45,9.41,10.12,172.0,Moderate
Jorapokhar,2020-05-06,1.48,8.91,10.25,121.0,Moderate
Jorapokhar,2020-05-07,1.43,9.1,10.27,121.0,Moderate
Jorapokhar,2020-05-08,1.28,9.21,9.84,123.0,Moderate
Jorapokhar,2020-05-09,1.41,9.18,9.95,116.0,Moderate
Jorapokhar,2020-05-10,1.2,8.81,10.68,220.0,Poor
Jorapokhar,2020-05-11,1.28,9.24,10.38,140.0,Moderate
Jorapokhar,2020-05-12,1.28,8.84,11.99,127.0,Moderate
Jorapokhar,2020-05-13,1.11,8.95,11.54,110.0,Moderate
Jorapokhar,2020-05-14,1.23,9.18,11.48,117.0,Moderate
Jorapokhar,2020-05-15,1.08,9.24,10.41,98.0,Satisfactory
Jorapokhar,2020-05-16,0.97,9.11,10.15,149.0,Moderate
Jorapokhar,2020-05-17,0.88,8.83,10.29,136.0,Moderate
Jorapokhar,2020-05-18,0.95,8.68,9.91,187.0,Moderate
Jorapokhar,2020-05-19,0.71,8.97,10.9,146.0,Moderate
Jorapokhar,2020-05-20,0.83,8.72,10.76,138.0,Moderate
Jorapokhar,2020-05-21,0.75,9.55,10.18,128.0,Moderate
Jorapokhar,2020-05-22,0.84,9.22,10.26,129.0,Moderate
Jorapokhar,2020-05-23,0.75,9.1,10.68,139.0,Moderate
Jorapokhar,2020-05-24,0.72,9.18,10.2,142.0,Moderate
Jorapokhar,2020-05-25,0.62,9.19,11.26,144.0,Moderate
Jorapokhar,2020-05-26,0.66,8.83,10.84,141.0,Moderate
Jorapokhar,2020-05-27,0.75,9.31,10.1,144.0,Moderate
Jorapokhar,2020-05-28,0.96,9.36,10.14,142.0,Moderate
Jorapokhar,2020-05-29,0.71,9.31,9.97,170.0,Moderate
Jorapokhar,2020-05-30,0.72,9.28,10.1,145.0,Moderate
Jorapokhar,2020-05-31,0.61,8.84,10.44,139.0,Moderate
Jorapokhar,2020-06-01,0.49,8.99,11.01,145.0,Moderate
Jorapokhar,2020-06-02,0.53,9.11,11.24,236.0,Poor
Jorapokhar,2020-06-03,0.47,8.87,12.11,168.0,Moderate
Jorapokhar,2020-06-04,0.47,9.15,11.56,141.0,Moderate
Jorapokhar,2020-06-05,0.37,8.96,10.49,138.0,Moderate
Jorapokhar,2020-06-06,0.38,9.03,11.15,132.0,Moderate
Jorapokhar,2020-06-07,0.47,8.57,10.99,146.0,Moderate
Jorapokhar,2020-06-08,0.5,9.36,10.01,142.0,Moderate
Jorapokhar,2020-06-09,0.45,8.88,10.58,148.0,Moderate
Jorapokhar,2020-06-10,0.33,8.91,11.19,143.0,Moderate
Jorapokhar,2020-06-11,1.55,9.3,10.21,140.0,Moderate
Jorapokhar,2020-06-12,1.83,9.16,9.67,129.0,Moderate
Jorapokhar,2020-06-13,1.89,8.71,10.28,105.0,Moderate
Jorapokhar,2020-06-14,1.78,9.33,10.54,106.0,Moderate
Jorapokhar,2020-06-15,1.57,9.51,10.06,107.0,Moderate
Jorapokhar,2020-06-16,1.45,8.52,11.72,99.0,Satisfactory
Jorapokhar,2020-06-17,1.5,9.19,10.31,99.0,Satisfactory
Jorapokhar,2020-06-18,1.39,8.96,10.58,94.0,Satisfactory
Jorapokhar,2020-06-19,1.41,9.69,10.78,98.0,Satisfactory
Jorapokhar,2020-06-20,2.03,9.25,11.26,110.0,Moderate
Jorapokhar,2020-06-21,2.28,9.12,10.05,114.0,Moderate
Jorapokhar,2020-06-22,2.13,9.45,11.46,120.0,Moderate
Jorapokhar,2020-06-23,1.91,9.03,11.18,180.0,Moderate
Jorapokhar,2020-06-24,1.68,8.77,11.97,103.0,Moderate
Jorapokhar,2020-06-25,1.99,9.41,9.35,110.0,Moderate
Jorapokhar,2020-06-26,2.14,9.22,10.17,242.0,Poor
Jorapokhar,2020-06-27,1.73,8.77,11.32,203.0,Poor
Jorapokhar,2020-06-28,1.87,8.74,10.63,156.0,Moderate
Jorapokhar,2020-06-29,1.65,8.68,11.96,135.0,Moderate
Jorapokhar,2020-06-30,1.68,9.13,10.8,107.0,Moderate
Jorapokhar,2020-07-01,1.67,7.38,14.11,86.0,Satisfactory
Kochi,2020-01-23,1.33,25.35,55.67,110.0,Moderate
Kochi,2020-01-24,1.44,25.6,60.49,111.0,Moderate
Kochi,2020-01-25,1.34,22.11,67.73,144.0,Moderate
Kochi,2020-01-26,1.36,20.7,58.69,197.0,Moderate
Kochi,2020-01-27,1.31,19.87,57.16,179.0,Moderate
Kochi,2020-01-28,1.38,20.26,56.04,167.0,Moderate
Kochi,2020-01-29,1.4,21.6,59.63,159.0,Moderate
Kochi,2020-01-30,1.36,19.78,54.21,153.0,Moderate
Kochi,2020-01-31,1.32,19.59,53.77,185.0,Moderate
Kochi,2020-02-01,1.13,22.65,63.37,151.0,Moderate
Kochi,2020-02-02,0.96,22.68,53.51,104.0,Moderate
Kochi,2020-02-03,1.08,13.66,43.92,91.0,Satisfactory
Kochi,2020-02-04,1.33,2.34,26.5,106.0,Moderate
Kochi,2020-02-05,1.36,7.67,19.25,108.0,Moderate
Kochi,2020-02-06,1.2,10.04,33.31,95.0,Satisfactory
Kochi,2020-02-07,1.24,2.91,14.51,104.0,Moderate
Kochi,2020-02-08,1.18,2.72,14.2,118.0,Moderate
Kochi,2020-02-09,1.04,2.51,11.28,119.0,Moderate
Kochi,2020-02-10,1.07,2.82,18.02,109.0,Moderate
Kochi,2020-02-11,1.13,2.64,17.39,114.0,Moderate
Kochi,2020-02-12,1.28,2.94,18.4,127.0,Moderate
Kochi,2020-02-13,1.3,2.23,20.46,122.0,Moderate
Kochi,2020-02-14,1.31,1.52,17.74,123.0,Moderate
Kochi,2020-02-15,1.36,2.11,10.62,130.0,Moderate
Kochi,2020-02-16,1.15,2.8,6.08,117.0,Moderate
Kochi,2020-02-17,1.31,3.37,37.0,115.0,Moderate
Kochi,2020-02-18,1.44,2.26,26.49,129.0,Moderate
Kochi,2020-02-19,1.57,2.88,26.94,277.0,Poor
Kochi,2020-02-20,1.44,1.39,22.23,191.0,Moderate
Kochi,2020-02-21,1.48,1.34,19.33,135.0,Moderate
Kochi,2020-02-22,1.44,3.96,22.44,108.0,Moderate
Kochi,2020-02-23,1.26,2.01,18.53,90.0,Satisfactory
Kochi,2020-02-24,1.46,2.43,22.26,96.0,Satisfactory
Kochi,2020-02-25,1.48,2.26,16.15,101.0,Moderate
Kochi,2020-02-26,1.51,2.6,14.08,113.0,Moderate
Kochi,2020-02-27,1.41,3.49,13.47,110.0,Moderate
Kochi,2020-02-28,1.54,3.57,14.11,102.0,Moderate
Kochi,2020-02-29,1.43,1.8,13.83,106.0,Moderate
Kochi,2020-03-01,1.34,2.29,8.2,136.0,Moderate
Kochi,2020-03-02,1.32,2.74,5.81,110.0,Moderate
Kochi,2020-03-03,1.42,2.69,0.61,98.0,Satisfactory
Kochi,2020-03-04,1.43,2.33,0.4,97.0,Satisfactory
Kochi,2020-03-05,1.46,1.17,1.58,107.0,Moderate
Kochi,2020-03-07,1.39,9.9,6.13,162.0,Moderate
Kochi,2020-03-08,1.22,8.4,1.43,172.0,Moderate
Kochi,2020-03-09,1.22,5.73,1.24,138.0,Moderate
Kochi,2020-03-10,1.34,5.26,2.42,125.0,Moderate
Kochi,2020-03-11,1.29,6.14,3.36,123.0,Moderate
Kochi,2020-03-12,1.2,4.03,0.12,122.0,Moderate
Kochi,2020-03-13,1.24,4.47,1.39,122.0,Moderate
Kochi,2020-03-14,1.29,6.05,3.59,118.0,Moderate
Kochi,2020-03-15,1.27,6.13,1.04,113.0,Moderate
Kochi,2020-03-16,1.25,6.24,4.42,117.0,Moderate
Kochi,2020-03-17,1.39,6.34,4.78,138.0,Moderate
Kochi,2020-03-18,1.47,12.01,13.87,137.0,Moderate
Kochi,2020-03-19,1.45,10.24,3.29,122.0,Moderate
Kochi,2020-03-20,1.33,7.84,3.49,113.0,Moderate
Kochi,2020-03-21,1.3,5.81,0.64,116.0,Moderate
Kochi,2020-03-22,1.02,4.63,2.16,102.0,Moderate
Kochi,2020-03-23,1.05,5.55,0.01,100.0,Satisfactory
Kochi,2020-03-24,1.07,9.8,17.62,122.0,Moderate
Kochi,2020-03-25,0.8,7.0,6.36,252.0,Poor
Kochi,2020-04-01,0.82,1.99,1.09,132.0,Moderate
Kochi,2020-04-02,0.85,2.91,1.31,87.0,Satisfactory
Kochi,2020-04-03,0.85,1.57,1.52,68.0,Satisfactory
Kochi,2020-04-04,0.84,2.4,0.89,65.0,Satisfactory
Kochi,2020-04-05,0.82,2.71,1.04,65.0,Satisfactory
Kochi,2020-04-06,0.85,3.74,2.15,73.0,Satisfactory
Kochi,2020-04-07,0.88,3.44,2.41,78.0,Satisfactory
Kochi,2020-04-08,0.95,2.82,2.13,79.0,Satisfactory
Kochi,2020-04-09,0.89,3.26,1.94,78.0,Satisfactory
Kochi,2020-04-10,0.87,3.64,2.79,77.0,Satisfactory
Kochi,2020-04-11,0.88,3.7,3.66,80.0,Satisfactory
Kochi,2020-04-12,0.91,3.33,3.26,82.0,Satisfactory
Kochi,2020-04-13,0.95,3.01,3.46,85.0,Satisfactory
Kochi,2020-04-14,0.98,3.05,3.74,87.0,Satisfactory
Kochi,2020-04-15,0.92,3.31,4.34,88.0,Satisfactory
Kochi,2020-04-16,0.98,4.36,5.26,95.0,Satisfactory
Kochi,2020-04-17,0.98,3.61,4.44,97.0,Satisfactory
Kochi,2020-04-18,0.94,2.58,3.63,94.0,Satisfactory
Kochi,2020-04-19,0.98,2.47,4.16,94.0,Satisfactory
Kochi,2020-04-20,0.99,3.18,4.57,95.0,Satisfactory
Kochi,2020-04-21,1.02,7.34,8.93,91.0,Satisfactory
Kochi,2020-04-22,0.99,8.68,11.56,78.0,Satisfactory
Kochi,2020-04-23,1.05,4.58,6.25,57.0,Satisfactory
Kochi,2020-04-24,1.05,3.31,4.59,55.0,Satisfactory
Kochi,2020-04-25,1.05,3.18,5.34,55.0,Satisfactory
Kochi,2020-04-26,1.08,6.07,6.52,57.0,Satisfactory
Kochi,2020-04-27,1.07,5.62,7.58,57.0,Satisfactory
Kochi,2020-04-28,1.04,5.45,6.64,55.0,Satisfactory
Kochi,2020-04-29,0.99,5.3,7.14,51.0,Satisfactory
Kochi,2020-04-30,1.1,5.35,6.74,56.0,Satisfactory
Kochi,2020-05-01,1.05,5.35,6.42,54.0,Satisfactory
Kochi,2020-05-02,1.05,4.86,6.35,54.0,Satisfactory
Kochi,2020-05-03,1.08,5.27,6.48,57.0,Satisfactory
Kochi,2020-05-04,1.11,5.34,6.93,56.0,Satisfactory
Kochi,2020-05-05,1.21,7.13,7.48,64.0,Satisfactory
Kochi,2020-05-08,1.27,17.18,21.83,106.0,Moderate
Kochi,2020-05-09,1.27,11.54,14.53,82.0,Satisfactory
Kochi,2020-05-10,1.25,9.29,10.54,69.0,Satisfactory
Kochi,2020-05-11,1.22,8.95,12.01,66.0,Satisfactory
Kochi,2020-05-12,1.4,11.38,13.63,73.0,Satisfactory
Kochi,2020-05-13,1.27,10.71,13.16,72.0,Satisfactory
Kochi,2020-05-14,1.36,11.06,13.69,72.0,Satisfactory
Kochi,2020-05-15,1.42,15.81,14.55,78.0,Satisfactory
Kochi,2020-05-16,1.32,13.7,16.34,79.0,Satisfactory
Kochi,2020-05-17,1.33,12.0,15.68,83.0,Satisfactory
Kochi,2020-05-18,1.37,13.02,18.09,84.0,Satisfactory
Kochi,2020-05-19,1.44,11.42,17.82,90.0,Satisfactory
Kochi,2020-05-20,1.43,10.34,17.45,88.0,Satisfactory
Kochi,2020-05-21,1.32,12.33,18.74,93.0,Satisfactory
Kochi,2020-05-22,1.37,14.97,20.6,97.0,Satisfactory
Kochi,2020-05-23,1.59,12.79,19.35,98.0,Satisfactory
Kochi,2020-05-24,1.4,12.64,18.87,98.0,Satisfactory
Kochi,2020-05-25,1.46,13.37,21.03,100.0,Satisfactory
Kochi,2020-05-26,1.47,13.77,22.61,103.0,Moderate
Kochi,2020-05-27,1.58,13.88,22.12,104.0,Moderate
Kochi,2020-05-28,1.45,17.01,24.9,110.0,Moderate
Kochi,2020-05-29,1.69,16.68,24.65,114.0,Moderate
Kochi,2020-05-30,1.74,14.0,22.37,109.0,Moderate
Kochi,2020-05-31,1.32,12.29,19.85,104.0,Moderate
Kochi,2020-06-01,1.33,11.28,18.85,96.0,Satisfactory
Kochi,2020-06-02,1.39,12.69,19.13,94.0,Satisfactory
Kochi,2020-06-03,1.43,11.57,20.44,100.0,Satisfactory
Kochi,2020-06-04,1.55,14.43,24.3,105.0,Moderate
Kochi,2020-06-05,1.79,15.83,26.91,115.0,Moderate
Kochi,2020-06-06,1.76,16.01,27.23,115.0,Moderate
Kochi,2020-06-07,1.49,17.27,29.28,128.0,Moderate
Kochi,2020-06-08,1.59,16.81,29.79,125.0,Moderate
Kochi,2020-06-09,1.83,18.51,30.32,98.0,Satisfactory
Kochi,2020-06-10,1.72,19.33,31.36,93.0,Satisfactory
Kochi,2020-06-11,1.79,9.94,16.9,96.0,Satisfactory
Kochi,2020-06-12,1.72,0.83,5.93,93.0,Satisfactory
Kochi,2020-06-13,1.7,0.86,5.4,91.0,Satisfactory
Kochi,2020-06-14,1.39,0.92,5.18,75.0,Satisfactory
Kochi,2020-06-15,1.71,1.12,5.19,67.0,Satisfactory
Kolkata,2018-04-11,0.98,3.59,34.03,73.0,Satisfactory
Kolkata,2018-04-12,0.73,3.77,39.49,60.0,Satisfactory
Kolkata,2018-04-13,0.98,3.88,33.03,74.0,Satisfactory
Kolkata,2018-04-14,1.0,4.22,26.62,83.0,Satisfactory
Kolkata,2018-04-15,0.81,2.87,43.03,95.0,Satisfactory
Kolkata,2018-04-16,1.11,3.7,28.94,88.0,Satisfactory
Kolkata,2018-04-17,1.15,2.12,32.93,69.0,Satisfactory
Kolkata,2018-06-16,0.72,7.4,24.89,119.0,Moderate
Kolkata,2018-06-17,1.63,4.9,40.85,113.0,Moderate
Kolkata,2018-06-18,1.47,8.55,33.28,107.0,Moderate
Kolkata,2018-06-19,1.35,12.06,30.86,148.0,Moderate
Kolkata,2018-06-20,1.7,9.14,38.03,94.0,Satisfactory
Kolkata,2018-06-21,1.42,6.52,38.39,100.0,Satisfactory
Kolkata,2018-06-22,0.39,6.53,28.1,60.0,Satisfactory
Kolkata,2018-06-23,0.38,5.38,25.76,47.0,Good
Kolkata,2018-06-24,0.4,3.96,25.49,48.0,Good
Kolkata,2018-06-25,0.41,3.62,43.45,50.0,Good
Kolkata,2018-06-26,0.38,3.19,37.12,61.0,Satisfactory
Kolkata,2018-06-27,0.38,3.68,29.53,53.0,Satisfactory
Kolkata,2018-06-28,0.31,6.38,20.88,34.0,Good
Kolkata,2018-06-29,0.33,5.29,22.85,46.0,Good
Kolkata,2018-06-30,0.32,4.44,17.93,50.0,Good
Kolkata,2018-07-01,0.32,3.71,14.31,58.0,Satisfactory
Kolkata,2018-07-02,0.37,2.88,19.66,62.0,Satisfactory
Kolkata,2018-07-03,0.39,1.65,29.82,50.0,Good
Kolkata,2018-07-04,0.43,3.36,31.37,58.0,Satisfactory
Kolkata,2018-07-05,0.41,25.45,40.22,57.0,Satisfactory
Kolkata,2018-07-06,0.44,1.52,48.65,77.0,Satisfactory
Kolkata,2018-07-07,0.36,4.06,31.28,65.0,Satisfactory
Kolkata,2018-07-08,0.3,5.91,17.9,36.0,Good
Kolkata,2018-07-09,0.36,3.46,34.35,36.0,Good
Kolkata,2018-07-10,0.37,1.93,34.69,56.0,Satisfactory
Kolkata,2018-07-11,0.38,5.65,29.23,49.0,Good
Kolkata,2018-07-12,0.4,11.69,27.7,42.0,Good
Kolkata,2018-07-13,0.38,10.37,27.36,39.0,Good
Kolkata,2018-07-14,0.37,9.79,21.61,41.0,Good
Kolkata,2018-07-15,0.37,9.52,15.6,28.0,Good
Kolkata,2018-07-16,0.37,8.72,22.24,26.0,Good
Kolkata,2018-07-17,0.38,8.99,31.74,42.0,Good
Kolkata,2018-07-18,0.51,10.72,28.42,46.0,Good
Kolkata,2018-07-19,0.76,6.39,28.22,46.0,Good
Kolkata,2018-07-20,0.77,6.78,27.42,56.0,Satisfactory
Kolkata,2018-07-21,0.63,7.47,15.58,36.0,Good
Kolkata,2018-07-22,0.64,4.9,16.74,34.0,Good
Kolkata,2018-07-23,0.7,3.33,32.64,38.0,Good
Kolkata,2018-07-24,0.71,2.84,33.06,56.0,Satisfactory
Kolkata,2018-07-25,0.74,1.93,39.54,59.0,Satisfactory
Kolkata,2018-07-26,0.75,2.47,31.38,57.0,Satisfactory
Kolkata,2018-07-27,0.7,4.07,34.74,55.0,Satisfactory
Kolkata,2018-07-28,0.77,4.21,39.5,68.0,Satisfactory
Kolkata,2018-07-29,0.84,3.39,32.24,79.0,Satisfactory
Kolkata,2018-07-30,1.07,3.78,41.89,76.0,Satisfactory
Kolkata,2018-07-31,1.22,2.61,49.78,72.0,Satisfactory
Kolkata,2018-08-01,1.16,5.9,47.49,75.0,Satisfactory
Kolkata,2018-08-02,1.17,8.69,31.22,71.0,Satisfactory
Kolkata,2018-08-03,1.31,6.62,35.44,78.0,Satisfactory
Kolkata,2018-08-04,1.27,6.73,31.76,82.0,Satisfactory
Kolkata,2018-08-05,1.4,5.99,35.27,81.0,Satisfactory
Kolkata,2018-08-06,1.54,7.44,35.57,85.0,Satisfactory
Kolkata,2018-08-07,1.23,5.44,27.7,77.0,Satisfactory
Kolkata,2018-08-08,1.17,14.51,28.5,66.0,Satisfactory
Kolkata,2018-08-09,1.27,11.48,35.14,70.0,Satisfactory
Kolkata,2018-08-10,1.26,9.57,33.86,73.0,Satisfactory
Kolkata,2018-08-11,1.23,9.27,24.94,68.0,Satisfactory
Kolkata,2018-08-12,1.22,8.89,22.15,68.0,Satisfactory
Kolkata,2018-08-13,1.2,18.23,31.05,68.0,Satisfactory
Kolkata,2018-08-14,1.23,10.73,27.41,68.0,Satisfactory
Kolkata,2018-08-15,1.13,11.82,18.78,63.0,Satisfactory
Kolkata,2018-08-16,1.18,13.46,34.19,67.0,Satisfactory
Kolkata,2018-08-17,1.25,10.77,29.94,72.0,Satisfactory
Kolkata,2018-08-18,1.18,13.07,30.19,66.0,Satisfactory
Kolkata,2018-08-19,1.34,10.9,37.33,76.0,Satisfactory
Kolkata,2018-08-20,1.18,13.78,22.88,63.0,Satisfactory
Kolkata,2018-08-21,1.21,14.38,27.65,65.0,Satisfactory
Kolkata,2018-08-22,1.34,10.2,28.27,76.0,Satisfactory
Kolkata,2018-08-23,1.26,8.77,31.51,69.0,Satisfactory
Kolkata,2018-08-24,1.29,8.5,33.67,70.0,Satisfactory
Kolkata,2018-08-25,1.24,7.49,31.93,71.0,Satisfactory
Kolkata,2018-08-26,1.04,7.25,14.88,59.0,Satisfactory
Kolkata,2018-08-27,1.09,8.73,20.95,57.0,Satisfactory
Kolkata,2018-08-28,1.14,11.04,25.72,61.0,Satisfactory
Kolkata,2018-08-29,1.03,11.51,33.06,63.0,Satisfactory
Kolkata,2018-08-30,1.36,10.49,43.96,74.0,Satisfactory
Kolkata,2018-08-31,1.34,8.74,38.01,78.0,Satisfactory
Kolkata,2018-09-01,1.17,14.9,31.44,65.0,Satisfactory
Kolkata,2018-09-02,1.22,14.17,32.41,66.0,Satisfactory
Kolkata,2018-09-03,1.19,11.48,33.64,71.0,Satisfactory
Kolkata,2018-09-04,1.47,9.74,47.85,81.0,Satisfactory
Kolkata,2018-09-05,1.28,11.52,35.17,86.0,Satisfactory
Kolkata,2018-09-06,1.01,17.8,21.96,59.0,Satisfactory
Kolkata,2018-09-07,1.07,13.05,26.79,58.0,Satisfactory
Kolkata,2018-09-08,1.24,9.91,22.62,67.0,Satisfactory
Kolkata,2018-09-09,1.11,9.94,17.18,63.0,Satisfactory
Kolkata,2018-09-10,1.15,9.24,19.42,66.0,Satisfactory
Kolkata,2018-09-11,1.36,7.79,32.77,74.0,Satisfactory
Kolkata,2018-09-12,1.41,7.05,36.36,83.0,Satisfactory
Kolkata,2018-09-13,1.35,6.91,30.55,89.0,Satisfactory
Kolkata,2018-09-14,1.61,6.38,50.13,98.0,Satisfactory
Kolkata,2018-09-15,1.83,6.98,36.68,106.0,Moderate
Kolkata,2018-09-16,1.56,10.18,36.89,114.0,Moderate
Kolkata,2018-09-17,1.72,12.37,34.04,105.0,Moderate
Kolkata,2018-09-18,1.61,11.19,36.49,113.0,Moderate
Kolkata,2018-09-19,1.44,16.55,39.21,110.0,Moderate
Kolkata,2018-09-20,1.23,11.32,29.43,80.0,Satisfactory
Kolkata,2018-09-21,1.04,10.34,20.0,57.0,Satisfactory
Kolkata,2018-09-22,1.16,9.12,22.91,63.0,Satisfactory
Kolkata,2018-09-23,1.11,9.17,19.38,67.0,Satisfactory
Kolkata,2018-09-24,1.1,11.21,26.15,60.0,Satisfactory
Kolkata,2018-09-25,1.28,7.76,42.61,75.0,Satisfactory
Kolkata,2018-09-26,1.44,9.1,44.05,91.0,Satisfactory
Kolkata,2018-09-27,1.55,4.8,49.83,99.0,Satisfactory
Kolkata,2018-09-28,1.52,5.13,52.45,102.0,Moderate
Kolkata,2018-09-29,1.52,6.38,51.87,103.0,Moderate
Kolkata,2018-09-30,1.5,8.55,41.87,121.0,Moderate
Kolkata,2018-10-01,1.78,10.63,62.14,143.0,Moderate
Kolkata,2018-10-02,1.38,13.83,38.27,118.0,Moderate
Kolkata,2018-10-03,1.45,10.76,38.11,105.0,Moderate
Kolkata,2018-10-04,1.61,11.8,62.66,145.0,Moderate
Kolkata,2018-10-05,2.01,15.54,51.91,188.0,Moderate
Kolkata,2018-10-06,2.75,14.98,51.44,220.0,Poor
Kolkata,2018-10-07,3.04,11.16,49.66,250.0,Poor
Kolkata,2018-10-08,2.75,13.55,61.66,237.0,Poor
Kolkata,2018-10-09,2.19,15.7,41.35,149.0,Moderate
Kolkata,2018-10-10,1.51,14.66,24.09,83.0,Satisfactory
Kolkata,2018-10-11,2.63,15.34,20.39,107.0,Moderate
Kolkata,2018-10-12,2.73,15.68,21.82,122.0,Moderate
Kolkata,2018-10-13,1.08,14.83,18.66,64.0,Satisfactory
Kolkata,2018-10-14,1.26,16.35,20.42,70.0,Satisfactory
Kolkata,2018-10-15,1.21,16.14,36.96,93.0,Satisfactory
Kolkata,2018-10-16,1.4,16.78,37.82,95.0,Satisfactory
Kolkata,2018-10-17,2.23,11.86,42.86,167.0,Moderate
Kolkata,2018-10-18,1.36,14.12,46.97,156.0,Moderate
Kolkata,2018-10-19,1.56,9.25,45.65,184.0,Moderate
Kolkata,2018-10-20,2.07,9.38,50.1,222.0,Poor
Kolkata,2018-10-21,1.7,9.82,47.26,230.0,Poor
Kolkata,2018-10-22,1.76,14.11,67.04,219.0,Poor
Kolkata,2018-10-23,2.04,15.53,82.33,255.0,Poor
Kolkata,2018-10-24,1.59,18.14,83.39,248.0,Poor
Kolkata,2018-10-25,1.49,14.0,78.92,217.0,Poor
Kolkata,2018-10-26,1.9,17.84,87.93,276.0,Poor
Kolkata,2018-10-27,1.68,19.28,70.18,281.0,Poor
Kolkata,2018-10-28,1.23,21.67,59.14,209.0,Poor
Kolkata,2018-10-29,0.91,20.77,47.55,90.0,Satisfactory
Kolkata,2018-10-30,0.85,19.22,38.61,59.0,Satisfactory
Kolkata,2018-10-31,0.75,17.75,39.91,53.0,Satisfactory
Kolkata,2018-11-01,0.88,15.74,41.77,94.0,Satisfactory
Kolkata,2018-11-02,1.08,11.35,60.43,114.0,Moderate
Kolkata,2018-11-03,1.11,15.2,68.24,125.0,Moderate
Kolkata,2018-11-04,0.84,17.79,42.36,92.0,Satisfactory
Kolkata,2018-11-05,0.95,13.55,46.63,63.0,Satisfactory
Kolkata,2018-11-06,1.06,13.23,56.58,82.0,Satisfactory
Kolkata,2018-11-07,1.4,22.69,61.25,375.0,Very Poor
Kolkata,2018-11-08,1.48,29.86,65.65,431.0,Severe
Kolkata,2018-11-09,1.31,25.0,70.35,350.0,Very Poor
Kolkata,2018-11-10,1.38,40.26,62.54,352.0,Very Poor
Kolkata,2018-11-11,1.26,42.32,41.33,316.0,Very Poor
Kolkata,2018-11-12,1.45,56.28,41.08,297.0,Poor
Kolkata,2018-11-13,1.63,23.48,60.11,331.0,Very Poor
Kolkata,2018-11-14,1.48,31.77,81.93,350.0,Very Poor
Kolkata,2018-11-15,1.16,31.5,90.97,346.0,Very Poor
Kolkata,2018-11-16,1.6,50.87,88.85,325.0,Very Poor
Kolkata,2018-11-17,1.61,47.97,82.9,282.0,Poor
Kolkata,2018-11-18,1.19,30.69,63.38,322.0,Very Poor
Kolkata,2018-11-19,1.42,42.28,76.65,293.0,Poor
Kolkata,2018-11-20,1.96,48.37,72.2,320.0,Very Poor
Kolkata,2018-11-21,1.55,36.62,67.2,335.0,Very Poor
Kolkata,2018-11-22,2.33,53.8,59.22,339.0,Very Poor
Kolkata,2018-11-23,1.27,55.7,74.51,358.0,Very Poor
Kolkata,2018-11-24,1.54,68.52,61.56,357.0,Very Poor
Kolkata,2018-11-25,1.64,41.36,71.59,389.0,Very Poor
Kolkata,2018-11-26,1.22,40.0,67.08,365.0,Very Poor
Kolkata,2018-11-27,1.01,38.8,56.48,291.0,Poor
Kolkata,2018-11-28,1.05,39.93,51.04,260.0,Poor
Kolkata,2018-11-29,1.19,45.72,42.3,282.0,Poor
Kolkata,2018-11-30,1.09,44.97,63.38,274.0,Poor
Kolkata,2018-12-01,1.27,51.49,71.93,308.0,Very Poor
Kolkata,2018-12-02,0.88,41.01,66.66,322.0,Very Poor
Kolkata,2018-12-03,1.18,44.92,73.9,332.0,Very Poor
Kolkata,2018-12-04,1.52,18.63,84.28,343.0,Very Poor
Kolkata,2018-12-05,1.46,25.56,96.54,388.0,Very Poor
Kolkata,2018-12-06,1.29,38.68,99.83,384.0,Very Poor
Kolkata,2018-12-07,1.74,49.27,104.89,425.0,Severe
Kolkata,2018-12-08,1.38,41.99,103.32,399.0,Very Poor
Kolkata,2018-12-09,1.11,35.12,107.29,418.0,Severe
Kolkata,2018-12-10,1.24,54.08,84.86,407.0,Severe
Kolkata,2018-12-11,1.29,60.72,62.62,381.0,Very Poor
Kolkata,2018-12-12,1.03,44.28,87.07,351.0,Very Poor
Kolkata,2018-12-13,0.85,46.04,74.48,325.0,Very Poor
Kolkata,2018-12-14,0.76,40.07,66.2,294.0,Poor
Kolkata,2018-12-15,0.71,38.0,75.68,291.0,Poor
Kolkata,2018-12-16,0.6,35.79,65.61,267.0,Poor
Kolkata,2018-12-17,0.6,41.99,54.68,276.0,Poor
Kolkata,2018-12-18,0.5,32.24,57.04,183.0,Moderate
Kolkata,2018-12-19,0.61,35.2,64.36,133.0,Moderate
Kolkata,2018-12-20,0.84,39.93,65.74,224.0,Poor
Kolkata,2018-12-21,1.36,55.48,69.69,340.0,Very Poor
Kolkata,2018-12-22,1.26,24.58,84.38,382.0,Very Poor
Kolkata,2018-12-23,0.86,22.33,84.79,371.0,Very Poor
Kolkata,2018-12-24,0.67,16.92,90.29,347.0,Very Poor
Kolkata,2018-12-25,1.07,11.43,105.53,356.0,Very Poor
Kolkata,2018-12-26,1.09,15.89,109.6,372.0,Very Poor
Kolkata,2018-12-27,1.54,15.6,137.35,390.0,Very Poor
Kolkata,2018-12-28,1.25,18.61,123.76,387.0,Very Poor
Kolkata,2018-12-29,1.26,17.35,120.58,379.0,Very Poor
Kolkata,2018-12-30,0.73,21.86,105.12,370.0,Very Poor
Kolkata,2018-12-31,0.86,21.22,99.5,341.0,Very Poor
Kolkata,2019-01-01,0.95,22.05,114.44,370.0,Very Poor
Kolkata,2019-01-02,0.87,22.9,107.85,351.0,Very Poor
Kolkata,2019-01-03,1.26,17.46,150.01,363.0,Very Poor
Kolkata,2019-01-04,1.13,27.33,124.79,431.0,Severe
Kolkata,2019-01-05,1.17,27.42,115.8,391.0,Very Poor
Kolkata,2019-01-06,0.89,25.95,103.2,346.0,Very Poor
Kolkata,2019-01-07,1.07,25.3,122.66,335.0,Very Poor
Kolkata,2019-01-08,1.07,26.49,95.12,335.0,Very Poor
Kolkata,2019-01-09,1.05,26.33,85.5,346.0,Very Poor
Kolkata,2019-01-10,1.19,23.65,105.92,369.0,Very Poor
Kolkata,2019-01-11,1.24,25.53,105.53,369.0,Very Poor
Kolkata,2019-01-12,1.42,28.39,94.91,405.0,Severe
Kolkata,2019-01-13,1.09,26.79,95.17,387.0,Very Poor
Kolkata,2019-01-14,1.67,28.07,124.83,408.0,Severe
Kolkata,2019-01-15,1.1,37.09,107.24,406.0,Severe
Kolkata,2019-01-16,1.26,42.75,87.29,338.0,Very Poor
Kolkata,2019-01-17,1.59,52.08,103.67,349.0,Very Poor
Kolkata,2019-01-18,1.84,47.43,127.63,381.0,Very Poor
Kolkata,2019-01-19,1.99,51.51,111.71,421.0,Severe
Kolkata,2019-01-20,1.64,46.52,95.09,407.0,Severe
Kolkata,2019-01-21,2.32,54.25,103.21,425.0,Severe
Kolkata,2019-01-22,2.75,55.15,148.03,463.0,Severe
Kolkata,2019-01-23,2.44,31.01,105.5,475.0,Severe
Kolkata,2019-01-24,1.67,34.88,101.91,391.0,Very Poor
Kolkata,2019-01-25,1.24,32.01,109.37,346.0,Very Poor
Kolkata,2019-01-26,0.77,30.14,88.24,299.0,Poor
Kolkata,2019-01-27,0.72,28.35,91.61,255.0,Poor
Kolkata,2019-01-28,0.68,26.23,78.76,258.0,Poor
Kolkata,2019-01-29,0.75,23.96,83.43,233.0,Poor
Kolkata,2019-01-30,0.76,21.48,95.34,242.0,Poor
Kolkata,2019-01-31,1.34,22.98,94.2,291.0,Poor
Kolkata,2019-02-01,1.21,24.97,107.37,331.0,Very Poor
Kolkata,2019-02-02,1.99,26.82,102.38,361.0,Very Poor
Kolkata,2019-02-03,1.84,24.83,95.84,356.0,Very Poor
Kolkata,2019-02-04,1.73,26.51,112.25,335.0,Very Poor
Kolkata,2019-02-05,1.67,25.08,103.89,337.0,Very Poor
Kolkata,2019-02-06,1.83,26.96,120.72,349.0,Very Poor
Kolkata,2019-02-07,1.62,35.17,130.54,350.0,Very Poor
Kolkata,2019-02-08,1.16,37.98,108.42,321.0,Very Poor
Kolkata,2019-02-09,0.79,34.76,50.87,275.0,Poor
Kolkata,2019-02-10,0.51,28.27,66.29,178.0,Moderate
Kolkata,2019-02-11,0.75,30.21,87.23,167.0,Moderate
Kolkata,2019-02-12,1.02,29.97,110.25,264.0,Poor
Kolkata,2019-02-13,1.34,32.89,120.07,288.0,Poor
Kolkata,2019-02-14,1.99,62.5,145.21,345.0,Very Poor
Kolkata,2019-02-15,1.79,85.39,136.64,360.0,Very Poor
Kolkata,2019-02-16,1.16,60.77,112.11,307.0,Very Poor
Kolkata,2019-02-17,0.85,48.23,86.76,229.0,Poor
Kolkata,2019-02-18,1.0,48.66,103.33,240.0,Poor
Kolkata,2019-02-19,1.15,56.64,115.61,295.0,Poor
Kolkata,2019-02-20,0.91,55.99,68.68,236.0,Poor
Kolkata,2019-02-21,1.26,54.45,108.51,278.0,Poor
Kolkata,2019-02-22,0.83,50.78,78.13,247.0,Poor
Kolkata,2019-02-23,1.1,60.9,96.13,224.0,Poor
Kolkata,2019-02-24,0.86,64.72,81.62,286.0,Poor
Kolkata,2019-02-25,0.79,46.3,78.12,205.0,Poor
Kolkata,2019-02-26,0.73,38.37,53.47,135.0,Moderate
Kolkata,2019-02-27,0.59,34.33,52.86,76.0,Satisfactory
Kolkata,2019-02-28,0.73,32.36,56.9,75.0,Satisfactory
Kolkata,2019-03-01,0.89,32.18,73.06,141.0,Moderate
Kolkata,2019-03-02,1.09,41.52,86.08,199.0,Moderate
Kolkata,2019-03-03,1.45,53.32,118.46,256.0,Poor
Kolkata,2019-03-04,0.89,43.07,71.62,242.0,Poor
Kolkata,2019-03-05,0.9,38.38,56.65,129.0,Moderate
Kolkata,2019-03-06,0.97,37.14,54.43,144.0,Moderate
Kolkata,2019-03-07,1.0,41.93,74.58,212.0,Poor
Kolkata,2019-03-08,0.97,46.74,107.66,184.0,Moderate
Kolkata,2019-03-09,0.82,43.19,100.33,200.0,Moderate
Kolkata,2019-03-10,0.72,39.78,45.85,162.0,Moderate
Kolkata,2019-03-11,0.8,35.33,54.17,101.0,Moderate
Kolkata,2019-03-12,0.71,27.17,60.81,189.0,Moderate
Kolkata,2019-03-13,0.77,25.73,53.15,150.0,Moderate
Kolkata,2019-03-14,0.74,26.32,58.04,178.0,Moderate
Kolkata,2019-03-15,0.83,29.01,85.21,207.0,Poor
Kolkata,2019-03-16,0.65,29.14,80.34,130.0,Moderate
Kolkata,2019-03-17,0.7,28.02,54.28,131.0,Moderate
Kolkata,2019-03-18,0.65,26.32,91.18,119.0,Moderate
Kolkata,2019-03-19,0.63,25.75,64.8,122.0,Moderate
Kolkata,2019-03-20,0.64,25.01,67.43,115.0,Moderate
Kolkata,2019-03-21,0.54,21.34,35.17,144.0,Moderate
Kolkata,2019-03-22,0.57,21.23,39.61,98.0,Satisfactory
Kolkata,2019-03-23,0.79,21.67,89.77,114.0,Moderate
Kolkata,2019-03-24,0.88,25.66,93.58,192.0,Moderate
Kolkata,2019-03-25,1.04,35.33,110.56,226.0,Poor
Kolkata,2019-03-26,0.63,29.64,51.51,214.0,Poor
Kolkata,2019-03-27,0.57,26.15,71.64,141.0,Moderate
Kolkata,2019-03-28,0.61,26.26,48.98,133.0,Moderate
Kolkata,2019-03-29,0.47,24.11,41.28,116.0,Moderate
Kolkata,2019-03-30,0.56,22.53,36.1,96.0,Satisfactory
Kolkata,2019-03-31,0.57,19.37,26.9,106.0,Moderate
Kolkata,2019-04-01,0.5,21.12,25.23,74.0,Satisfactory
Kolkata,2019-04-02,0.61,19.12,35.26,69.0,Satisfactory
Kolkata,2019-04-03,0.47,18.48,24.63,88.0,Satisfactory
Kolkata,2019-04-04,0.43,15.35,26.11,83.0,Satisfactory
Kolkata,2019-04-05,0.44,16.33,27.52,79.0,Satisfactory
Kolkata,2019-04-06,0.54,20.13,49.86,86.0,Satisfactory
Kolkata,2019-04-07,0.55,20.1,38.47,79.0,Satisfactory
Kolkata,2019-04-08,0.5,20.36,41.84,77.0,Satisfactory
Kolkata,2019-04-09,0.5,19.69,38.87,68.0,Satisfactory
Kolkata,2019-04-10,0.55,19.36,42.5,66.0,Satisfactory
Kolkata,2019-04-11,0.52,16.09,26.02,60.0,Satisfactory
Kolkata,2019-04-12,0.5,15.03,27.69,63.0,Satisfactory
Kolkata,2019-04-13,0.52,15.32,28.18,73.0,Satisfactory
Kolkata,2019-04-14,0.48,17.45,21.81,67.0,Satisfactory
Kolkata,2019-04-15,0.45,14.29,22.37,68.0,Satisfactory
Kolkata,2019-04-16,0.45,13.11,23.38,79.0,Satisfactory
Kolkata,2019-04-17,0.46,20.08,30.87,119.0,Moderate
Kolkata,2019-04-18,0.72,35.59,48.4,169.0,Moderate
Kolkata,2019-04-19,0.6,34.68,49.19,166.0,Moderate
Kolkata,2019-04-20,0.6,30.64,36.19,135.0,Moderate
Kolkata,2019-04-21,0.52,27.13,21.25,86.0,Satisfactory
Kolkata,2019-04-22,0.58,29.99,36.57,87.0,Satisfactory
Kolkata,2019-04-23,0.54,28.6,38.57,87.0,Satisfactory
Kolkata,2019-04-24,0.46,26.55,31.87,80.0,Satisfactory
Kolkata,2019-04-25,0.45,21.53,28.57,65.0,Satisfactory
Kolkata,2019-04-26,0.44,21.9,27.81,66.0,Satisfactory
Kolkata,2019-04-27,0.48,20.64,26.3,85.0,Satisfactory
Kolkata,2019-04-28,0.42,15.87,18.8,82.0,Satisfactory
Kolkata,2019-04-29,0.37,14.68,19.63,78.0,Satisfactory
Kolkata,2019-04-30,0.4,10.87,20.32,120.0,Moderate
Kolkata,2019-05-01,0.36,13.34,20.4,73.0,Satisfactory
Kolkata,2019-05-02,0.34,13.63,21.57,36.0,Good
Kolkata,2019-05-03,0.41,13.3,15.73,38.0,Good
Kolkata,2019-05-04,0.55,12.25,25.68,49.0,Good
Kolkata,2019-05-05,0.72,6.14,34.48,86.0,Satisfactory
Kolkata,2019-05-06,0.47,4.93,17.34,108.0,Moderate
Kolkata,2019-05-07,0.53,5.49,20.39,116.0,Moderate
Kolkata,2019-05-08,0.49,4.85,21.14,122.0,Moderate
Kolkata,2019-05-09,0.46,4.74,17.89,124.0,Moderate
Kolkata,2019-05-10,0.49,3.81,14.69,126.0,Moderate
Kolkata,2019-05-11,0.47,9.62,13.92,117.0,Moderate
Kolkata,2019-05-12,0.42,7.85,9.9,107.0,Moderate
Kolkata,2019-05-13,0.42,6.27,10.62,100.0,Satisfactory
Kolkata,2019-05-14,0.48,7.8,15.49,84.0,Satisfactory
Kolkata,2019-05-15,0.5,6.9,18.89,98.0,Satisfactory
Kolkata,2019-05-16,0.57,7.11,18.96,90.0,Satisfactory
Kolkata,2019-05-17,0.52,6.73,16.16,93.0,Satisfactory
Kolkata,2019-05-18,0.45,6.52,11.08,96.0,Satisfactory
Kolkata,2019-05-19,0.47,7.14,10.61,96.0,Satisfactory
Kolkata,2019-05-20,0.49,5.84,12.33,92.0,Satisfactory
Kolkata,2019-05-21,0.5,5.18,12.6,90.0,Satisfactory
Kolkata,2019-05-22,0.52,5.82,11.04,86.0,Satisfactory
Kolkata,2019-05-23,0.47,6.08,8.92,82.0,Satisfactory
Kolkata,2019-05-24,0.45,6.43,14.65,74.0,Satisfactory
Kolkata,2019-05-25,0.49,7.0,16.78,75.0,Satisfactory
Kolkata,2019-05-26,0.51,7.16,19.38,66.0,Satisfactory
Kolkata,2019-05-27,0.47,6.88,13.59,87.0,Satisfactory
Kolkata,2019-05-28,0.47,6.77,13.04,89.0,Satisfactory
Kolkata,2019-05-29,0.5,5.26,11.82,86.0,Satisfactory
Kolkata,2019-05-30,0.45,5.43,12.2,83.0,Satisfactory
Kolkata,2019-05-31,0.4,5.67,10.25,76.0,Satisfactory
Kolkata,2019-06-01,0.4,4.15,17.79,76.0,Satisfactory
Kolkata,2019-06-02,0.36,5.08,14.42,69.0,Satisfactory
Kolkata,2019-06-03,0.43,4.51,21.29,71.0,Satisfactory
Kolkata,2019-06-04,0.37,4.6,15.65,72.0,Satisfactory
Kolkata,2019-06-05,0.39,5.0,18.32,61.0,Satisfactory
Kolkata,2019-06-06,0.42,4.83,17.88,48.0,Good
Kolkata,2019-06-07,0.43,4.5,17.24,49.0,Good
Kolkata,2019-06-08,0.41,4.49,14.2,47.0,Good
Kolkata,2019-06-09,0.42,11.48,17.2,64.0,Satisfactory
Kolkata,2019-06-10,0.39,4.09,12.48,80.0,Satisfactory
Kolkata,2019-06-11,0.36,5.64,14.17,70.0,Satisfactory
Kolkata,2019-06-12,0.36,3.7,11.68,67.0,Satisfactory
Kolkata,2019-06-13,0.54,4.38,24.24,94.0,Satisfactory
Kolkata,2019-06-14,0.54,4.35,22.9,101.0,Moderate
Kolkata,2019-06-15,0.35,4.88,20.89,88.0,Satisfactory
Kolkata,2019-06-16,0.38,3.76,14.72,79.0,Satisfactory
Kolkata,2019-06-17,0.55,4.15,23.6,82.0,Satisfactory
Kolkata,2019-06-18,0.53,4.27,26.06,105.0,Moderate
Kolkata,2019-06-19,0.52,4.01,24.86,95.0,Satisfactory
Kolkata,2019-06-20,0.54,5.14,28.04,92.0,Satisfactory
Kolkata,2019-06-21,0.43,7.04,20.06,54.0,Satisfactory
Kolkata,2019-06-22,0.39,8.33,16.82,46.0,Good
Kolkata,2019-06-23,0.34,8.49,13.16,57.0,Satisfactory
Kolkata,2019-06-24,0.34,6.98,15.61,56.0,Satisfactory
Kolkata,2019-06-25,0.33,9.67,13.39,61.0,Satisfactory
Kolkata,2019-06-26,0.3,9.77,11.86,54.0,Satisfactory
Kolkata,2019-06-27,0.33,13.5,15.6,62.0,Satisfactory
Kolkata,2019-06-28,0.47,10.93,20.55,73.0,Satisfactory
Kolkata,2019-06-29,0.64,9.08,21.47,78.0,Satisfactory
Kolkata,2019-06-30,0.74,8.65,25.12,98.0,Satisfactory
Kolkata,2019-07-01,0.57,10.15,16.39,71.0,Satisfactory
Kolkata,2019-07-02,0.51,11.31,13.65,45.0,Good
Kolkata,2019-07-03,0.52,11.78,17.47,58.0,Satisfactory
Kolkata,2019-07-04,0.55,15.54,18.55,68.0,Satisfactory
Kolkata,2019-07-05,0.53,20.3,17.39,67.0,Satisfactory
Kolkata,2019-07-06,0.56,19.7,22.06,58.0,Satisfactory
Kolkata,2019-07-07,0.45,15.27,14.68,52.0,Satisfactory
Kolkata,2019-07-08,0.41,12.06,16.38,56.0,Satisfactory
Kolkata,2019-07-09,0.45,19.4,17.39,64.0,Satisfactory
Kolkata,2019-07-10,0.5,18.51,19.62,60.0,Satisfactory
Kolkata,2019-07-11,0.46,28.25,21.13,64.0,Satisfactory
Kolkata,2019-07-12,0.44,21.76,20.11,66.0,Satisfactory
Kolkata,2019-07-13,0.46,30.05,17.32,69.0,Satisfactory
Kolkata,2019-07-14,0.48,55.39,17.21,83.0,Satisfactory
Kolkata,2019-07-15,0.49,73.45,25.17,97.0,Satisfactory
Kolkata,2019-07-16,0.63,65.71,28.64,97.0,Satisfactory
Kolkata,2019-07-17,0.79,23.78,27.41,106.0,Moderate
Kolkata,2019-07-18,0.48,11.54,20.98,91.0,Satisfactory
Kolkata,2019-07-19,0.37,13.53,14.16,53.0,Satisfactory
Kolkata,2019-07-20,0.39,11.54,14.3,44.0,Good
Kolkata,2019-07-21,0.4,8.99,13.27,54.0,Satisfactory
Kolkata,2019-07-22,0.37,11.88,14.33,50.0,Good
Kolkata,2019-07-23,0.37,8.85,14.13,47.0,Good
Kolkata,2019-07-24,0.38,8.27,18.29,44.0,Good
Kolkata,2019-07-25,0.54,8.03,31.77,60.0,Satisfactory
Kolkata,2019-07-26,0.52,10.25,27.46,66.0,Satisfactory
Kolkata,2019-07-27,0.54,9.98,26.5,56.0,Satisfactory
Kolkata,2019-07-28,0.41,9.13,13.68,43.0,Good
Kolkata,2019-07-29,0.44,8.11,17.97,33.0,Good
Kolkata,2019-07-30,0.5,7.88,23.09,44.0,Good
Kolkata,2019-07-31,0.52,8.49,25.37,54.0,Satisfactory
Kolkata,2019-08-01,0.5,9.46,25.41,59.0,Satisfactory
Kolkata,2019-08-02,0.51,11.22,19.92,46.0,Good
Kolkata,2019-08-03,0.62,18.44,21.29,64.0,Satisfactory
Kolkata,2019-08-04,0.78,13.94,24.23,64.0,Satisfactory
Kolkata,2019-08-05,0.7,10.98,22.84,73.0,Satisfactory
Kolkata,2019-08-06,0.6,12.46,24.85,65.0,Satisfactory
Kolkata,2019-08-07,0.35,12.7,11.38,38.0,Good
Kolkata,2019-08-08,0.4,9.84,16.73,34.0,Good
Kolkata,2019-08-09,0.48,9.3,20.52,43.0,Good
Kolkata,2019-08-10,0.71,9.02,30.56,61.0,Satisfactory
Kolkata,2019-08-11,0.79,10.32,34.18,105.0,Moderate
Kolkata,2019-08-12,0.65,11.79,25.7,68.0,Satisfactory
Kolkata,2019-08-13,0.49,11.33,18.01,48.0,Good
Kolkata,2019-08-14,0.44,10.46,21.27,45.0,Good
Kolkata,2019-08-15,0.47,8.42,17.72,56.0,Satisfactory
Kolkata,2019-08-16,0.55,11.58,19.07,51.0,Satisfactory
Kolkata,2019-08-17,0.57,14.84,19.29,48.0,Good
Kolkata,2019-08-18,0.46,11.63,13.58,46.0,Good
Kolkata,2019-08-19,0.44,11.51,15.32,39.0,Good
Kolkata,2019-08-20,0.49,11.93,24.09,50.0,Good
Kolkata,2019-08-21,0.43,10.14,19.12,58.0,Satisfactory
Kolkata,2019-08-22,0.44,10.05,22.73,64.0,Satisfactory
Kolkata,2019-08-23,0.5,10.61,21.49,62.0,Satisfactory
Kolkata,2019-08-24,0.52,15.53,36.97,55.0,Satisfactory
Kolkata,2019-08-25,0.4,10.58,17.02,50.0,Good
Kolkata,2019-08-26,0.41,11.7,18.34,49.0,Good
Kolkata,2019-08-27,0.42,11.55,17.33,43.0,Good
Kolkata,2019-08-28,0.5,11.55,21.28,51.0,Satisfactory
Kolkata,2019-08-29,0.44,9.74,19.6,54.0,Satisfactory
Kolkata,2019-08-30,0.4,10.58,16.93,47.0,Good
Kolkata,2019-08-31,0.38,12.45,14.93,40.0,Good
Kolkata,2019-09-01,0.48,12.37,20.14,50.0,Good
Kolkata,2019-09-02,0.5,15.43,19.0,53.0,Satisfactory
Kolkata,2019-09-03,0.46,31.02,14.85,48.0,Good
Kolkata,2019-09-04,0.39,8.86,10.63,39.0,Good
Kolkata,2019-09-05,0.38,11.23,12.4,34.0,Good
Kolkata,2019-09-06,0.36,13.53,13.0,34.0,Good
Kolkata,2019-09-07,0.42,13.16,13.9,34.0,Good
Kolkata,2019-09-08,0.42,9.32,15.62,36.0,Good
Kolkata,2019-09-09,0.4,14.19,15.5,49.0,Good
Kolkata,2019-09-10,0.39,16.92,12.27,49.0,Good
Kolkata,2019-09-11,0.46,13.58,17.5,50.0,Good
Kolkata,2019-09-12,0.45,15.07,19.49,43.0,Good
Kolkata,2019-09-13,0.38,13.49,17.01,44.0,Good
Kolkata,2019-09-14,0.39,10.47,18.52,59.0,Satisfactory
Kolkata,2019-09-15,0.34,8.36,15.75,74.0,Satisfactory
Kolkata,2019-09-16,0.37,10.92,15.05,53.0,Satisfactory
Kolkata,2019-09-17,0.35,12.69,12.62,45.0,Good
Kolkata,2019-09-18,0.37,9.94,12.2,37.0,Good
Kolkata,2019-09-19,0.37,9.6,11.9,33.0,Good
Kolkata,2019-09-20,0.55,11.8,23.75,54.0,Satisfactory
Kolkata,2019-09-21,0.6,12.86,24.46,74.0,Satisfactory
Kolkata,2019-09-22,0.52,11.41,18.8,61.0,Satisfactory
Kolkata,2019-09-23,0.44,10.81,15.08,44.0,Good
Kolkata,2019-09-24,0.32,10.95,12.54,31.0,Good
Kolkata,2019-09-25,0.53,9.79,18.31,36.0,Good
Kolkata,2019-09-26,0.53,10.36,19.79,46.0,Good
Kolkata,2019-09-27,0.53,12.21,22.59,48.0,Good
Kolkata,2019-09-28,0.56,13.45,21.08,47.0,Good
Kolkata,2019-09-29,0.44,10.91,18.02,44.0,Good
Kolkata,2019-09-30,0.43,12.37,19.59,42.0,Good
Kolkata,2019-10-01,0.57,12.94,24.88,56.0,Satisfactory
Kolkata,2019-10-02,0.7,12.05,26.72,86.0,Satisfactory
Kolkata,2019-10-03,0.6,12.51,26.61,78.0,Satisfactory
Kolkata,2019-10-04,0.49,13.25,20.46,70.0,Satisfactory
Kolkata,2019-10-05,0.69,11.1,25.99,72.0,Satisfactory
Kolkata,2019-10-06,0.67,9.86,26.84,90.0,Satisfactory
Kolkata,2019-10-07,0.67,8.97,24.83,77.0,Satisfactory
Kolkata,2019-10-08,0.66,9.89,21.42,78.0,Satisfactory
Kolkata,2019-10-09,0.38,9.3,15.09,51.0,Satisfactory
Kolkata,2019-10-10,0.62,9.22,19.56,51.0,Satisfactory
Kolkata,2019-10-11,0.94,11.88,26.81,95.0,Satisfactory
Kolkata,2019-10-12,1.07,9.34,30.4,110.0,Moderate
Kolkata,2019-10-13,0.74,9.41,29.86,116.0,Moderate
Kolkata,2019-10-14,0.63,10.3,31.27,148.0,Moderate
Kolkata,2019-10-15,0.7,11.66,31.64,135.0,Moderate
Kolkata,2019-10-16,0.76,12.09,33.22,129.0,Moderate
Kolkata,2019-10-17,0.86,12.26,34.86,94.0,Satisfactory
Kolkata,2019-10-18,1.17,13.14,39.8,149.0,Moderate
Kolkata,2019-10-19,1.03,11.71,34.54,145.0,Moderate
Kolkata,2019-10-20,0.85,10.42,32.87,118.0,Moderate
Kolkata,2019-10-21,0.82,11.18,33.12,184.0,Moderate
Kolkata,2019-10-22,0.91,11.14,39.51,174.0,Moderate
Kolkata,2019-10-23,0.99,12.43,41.4,181.0,Moderate
Kolkata,2019-10-24,0.51,12.34,25.85,121.0,Moderate
Kolkata,2019-10-25,0.46,14.18,20.41,55.0,Satisfactory
Kolkata,2019-10-26,0.66,10.78,26.3,54.0,Satisfactory
Kolkata,2019-10-27,0.69,10.95,27.72,114.0,Moderate
Kolkata,2019-10-28,0.57,13.41,30.93,289.0,Poor
Kolkata,2019-10-29,0.74,12.98,36.38,265.0,Poor
Kolkata,2019-10-30,0.93,14.44,40.53,251.0,Poor
Kolkata,2019-10-31,1.22,17.03,50.3,255.0,Poor
Kolkata,2019-11-01,1.33,17.99,54.98,249.0,Poor
Kolkata,2019-11-02,0.9,18.4,46.23,195.0,Moderate
Kolkata,2019-11-03,0.78,18.45,39.2,140.0,Moderate
Kolkata,2019-11-04,1.09,16.59,48.22,133.0,Moderate
Kolkata,2019-11-05,1.39,16.67,56.85,208.0,Poor
Kolkata,2019-11-06,1.3,18.07,52.13,296.0,Poor
Kolkata,2019-11-07,0.95,19.12,56.32,236.0,Poor
Kolkata,2019-11-08,0.59,19.43,32.06,159.0,Moderate
Kolkata,2019-11-09,0.43,16.9,15.9,64.0,Satisfactory
Kolkata,2019-11-10,0.51,13.62,19.76,53.0,Satisfactory
Kolkata,2019-11-11,0.95,12.38,29.62,70.0,Satisfactory
Kolkata,2019-11-12,1.71,27.04,58.28,173.0,Moderate
Kolkata,2019-11-13,1.37,29.31,61.02,240.0,Poor
Kolkata,2019-11-14,1.19,23.66,60.5,199.0,Moderate
Kolkata,2019-11-15,1.3,25.83,53.69,186.0,Moderate
Kolkata,2019-11-16,1.33,26.43,59.83,187.0,Moderate
Kolkata,2019-11-17,1.31,27.14,53.58,207.0,Poor
Kolkata,2019-11-18,1.55,24.74,62.51,235.0,Poor
Kolkata,2019-11-19,1.38,27.35,63.25,246.0,Poor
Kolkata,2019-11-20,1.57,30.5,67.53,237.0,Poor
Kolkata,2019-11-21,1.14,31.22,57.15,216.0,Poor
Kolkata,2019-11-22,1.08,29.84,60.78,197.0,Moderate
Kolkata,2019-11-23,1.36,31.07,69.34,234.0,Poor
Kolkata,2019-11-24,1.45,30.21,66.27,295.0,Poor
Kolkata,2019-11-25,1.52,28.58,63.55,278.0,Poor
Kolkata,2019-11-26,1.93,29.69,65.19,279.0,Poor
Kolkata,2019-11-27,1.47,27.83,55.04,276.0,Poor
Kolkata,2019-11-28,1.13,24.42,47.44,211.0,Poor
Kolkata,2019-11-29,1.48,25.1,50.73,207.0,Poor
Kolkata,2019-11-30,1.83,25.16,54.42,242.0,Poor
Kolkata,2019-12-01,1.36,22.43,44.48,247.0,Poor
Kolkata,2019-12-02,1.27,21.82,48.51,191.0,Moderate
Kolkata,2019-12-03,1.22,28.27,56.41,205.0,Poor
Kolkata,2019-12-04,1.22,29.08,53.02,241.0,Poor
Kolkata,2019-12-05,1.06,26.58,50.15,202.0,Poor
Kolkata,2019-12-06,0.97,25.75,46.56,183.0,Moderate
Kolkata,2019-12-07,1.27,29.46,56.2,163.0,Moderate
Kolkata,2019-12-08,1.13,29.94,53.73,201.0,Poor
Kolkata,2019-12-09,0.87,25.61,47.07,129.0,Moderate
Kolkata,2019-12-10,0.72,26.79,53.6,151.0,Moderate
Kolkata,2019-12-11,0.83,26.53,43.49,146.0,Moderate
Kolkata,2019-12-12,0.88,23.73,43.48,139.0,Moderate
Kolkata,2019-12-13,1.01,23.41,43.64,193.0,Moderate
Kolkata,2019-12-14,1.29,22.81,51.04,257.0,Poor
Kolkata,2019-12-15,0.96,23.7,41.49,269.0,Poor
Kolkata,2019-12-16,0.74,21.73,42.26,159.0,Moderate
Kolkata,2019-12-17,0.81,20.85,42.15,129.0,Moderate
Kolkata,2019-12-18,0.74,21.4,36.45,143.0,Moderate
Kolkata,2019-12-19,0.67,21.81,38.67,145.0,Moderate
Kolkata,2019-12-20,1.12,23.67,49.15,165.0,Moderate
Kolkata,2019-12-21,1.38,27.78,54.57,258.0,Poor
Kolkata,2019-12-22,1.29,24.24,45.09,253.0,Poor
Kolkata,2019-12-23,1.19,26.28,48.48,274.0,Poor
Kolkata,2019-12-24,1.75,29.43,56.67,295.0,Poor
Kolkata,2019-12-25,2.09,31.69,69.8,274.0,Poor
Kolkata,2019-12-26,1.56,28.97,54.49,269.0,Poor
Kolkata,2019-12-27,0.96,27.49,38.43,179.0,Moderate
Kolkata,2019-12-28,1.44,24.3,42.52,251.0,Poor
Kolkata,2019-12-29,1.22,25.24,46.23,241.0,Poor
Kolkata,2019-12-30,1.59,30.36,54.24,235.0,Poor
Kolkata,2019-12-31,2.04,34.42,64.68,289.0,Poor
Kolkata,2020-01-01,2.09,34.09,64.93,298.0,Poor
Kolkata,2020-01-02,1.62,31.09,55.96,267.0,Poor
Kolkata,2020-01-03,0.84,30.4,36.5,201.0,Poor
Kolkata,2020-01-04,1.29,30.58,40.23,91.0,Satisfactory
Kolkata,2020-01-05,1.79,33.6,41.06,182.0,Moderate
Kolkata,2020-01-06,1.66,31.25,47.39,217.0,Poor
Kolkata,2020-01-07,1.24,27.7,43.52,203.0,Poor
Kolkata,2020-01-08,1.2,30.95,46.0,264.0,Poor
Kolkata,2020-01-09,1.09,26.41,48.82,200.0,Moderate
Kolkata,2020-01-10,0.89,27.64,45.77,179.0,Moderate
Kolkata,2020-01-11,0.94,24.99,42.08,162.0,Moderate
Kolkata,2020-01-12,0.99,24.13,45.72,194.0,Moderate
Kolkata,2020-01-13,1.27,28.94,59.86,184.0,Moderate
Kolkata,2020-01-14,2.15,35.36,79.75,286.0,Poor
Kolkata,2020-01-15,2.22,39.65,94.33,338.0,Very Poor
Kolkata,2020-01-16,1.79,35.15,77.25,347.0,Very Poor
Kolkata,2020-01-17,1.48,35.51,67.76,277.0,Poor
Kolkata,2020-01-18,1.22,27.53,64.95,219.0,Poor
Kolkata,2020-01-19,1.01,31.03,51.05,196.0,Moderate
Kolkata,2020-01-20,0.8,23.2,39.97,148.0,Moderate
Kolkata,2020-01-21,1.11,23.12,54.45,172.0,Moderate
Kolkata,2020-01-22,1.14,27.56,70.22,229.0,Poor
Kolkata,2020-01-23,1.04,20.97,59.79,260.0,Poor
Kolkata,2020-01-24,0.93,21.23,58.79,248.0,Poor
Kolkata,2020-01-25,0.7,21.4,56.5,157.0,Moderate
Kolkata,2020-01-26,1.21,25.26,67.07,234.0,Poor
Kolkata,2020-01-27,1.23,26.97,68.55,254.0,Poor
Kolkata,2020-01-28,0.96,28.54,62.58,278.0,Poor
Kolkata,2020-01-29,0.48,30.89,36.64,175.0,Moderate
Kolkata,2020-01-30,0.81,24.69,36.89,102.0,Moderate
Kolkata,2020-01-31,0.88,27.8,49.78,163.0,Moderate
Kolkata,2020-02-01,0.81,25.27,55.94,159.0,Moderate
Kolkata,2020-02-02,0.98,29.23,59.8,174.0,Moderate
Kolkata,2020-02-03,0.83,26.17,55.57,156.0,Moderate
Kolkata,2020-02-04,0.9,29.31,69.37,184.0,Moderate
Kolkata,2020-02-05,0.95,27.79,67.53,222.0,Poor
Kolkata,2020-02-06,0.81,25.32,56.1,192.0,Moderate
Kolkata,2020-02-07,0.74,24.99,57.6,189.0,Moderate
Kolkata,2020-02-08,0.91,21.25,59.59,217.0,Poor
Kolkata,2020-02-09,0.77,20.03,52.41,246.0,Poor
Kolkata,2020-02-10,0.86,20.84,64.6,196.0,Moderate
Kolkata,2020-02-11,1.23,24.81,76.36,241.0,Poor
Kolkata,2020-02-12,1.44,26.78,85.22,247.0,Poor
Kolkata,2020-02-13,1.11,25.53,79.66,240.0,Poor
Kolkata,2020-02-14,1.12,33.36,80.75,254.0,Poor
Kolkata,2020-02-15,0.88,29.58,66.46,185.0,Moderate
Kolkata,2020-02-16,0.97,33.1,71.03,219.0,Poor
Kolkata,2020-02-17,0.96,33.49,70.05,228.0,Poor
Kolkata,2020-02-18,0.82,35.44,54.74,226.0,Poor
Kolkata,2020-02-19,0.53,39.24,42.4,203.0,Poor
Kolkata,2020-02-20,0.44,29.37,36.14,157.0,Moderate
Kolkata,2020-02-21,0.86,28.02,57.85,162.0,Moderate
Kolkata,2020-02-22,1.0,28.94,66.31,242.0,Poor
Kolkata,2020-02-23,0.78,30.88,53.2,233.0,Poor
Kolkata,2020-02-24,0.97,36.52,59.18,209.0,Poor
Kolkata,2020-02-25,0.75,35.78,53.5,237.0,Poor
Kolkata,2020-02-26,0.51,32.19,40.31,116.0,Moderate
Kolkata,2020-02-27,0.67,28.23,45.61,91.0,Satisfactory
Kolkata,2020-02-28,0.78,26.35,47.57,142.0,Moderate
Kolkata,2020-02-29,0.92,28.26,57.35,167.0,Moderate
Kolkata,2020-03-01,1.22,29.07,59.52,196.0,Moderate
Kolkata,2020-03-02,1.09,27.63,54.31,222.0,Poor
Kolkata,2020-03-03,0.81,28.48,38.23,194.0,Moderate
Kolkata,2020-03-04,0.6,26.21,30.3,127.0,Moderate
Kolkata,2020-03-05,0.68,25.91,33.77,89.0,Satisfactory
Kolkata,2020-03-06,0.6,24.57,29.89,90.0,Satisfactory
Kolkata,2020-03-07,0.67,24.09,25.75,69.0,Satisfactory
Kolkata,2020-03-08,0.8,23.21,30.23,82.0,Satisfactory
Kolkata,2020-03-09,0.72,22.91,35.23,128.0,Moderate
Kolkata,2020-03-10,0.87,22.14,38.92,149.0,Moderate
Kolkata,2020-03-11,0.67,23.59,30.92,143.0,Moderate
Kolkata,2020-03-12,0.72,24.25,33.63,120.0,Moderate
Kolkata,2020-03-13,0.83,24.08,39.86,126.0,Moderate
Kolkata,2020-03-14,0.55,23.42,23.32,132.0,Moderate
Kolkata,2020-03-15,0.54,23.08,26.71,92.0,Satisfactory
Kolkata,2020-03-16,0.85,23.07,38.02,107.0,Moderate
Kolkata,2020-03-17,0.83,22.89,37.15,138.0,Moderate
Kolkata,2020-03-18,0.93,25.06,42.14,156.0,Moderate
Kolkata,2020-03-19,0.83,22.38,45.5,207.0,Poor
Kolkata,2020-03-20,0.63,21.18,31.8,139.0,Moderate
Kolkata,2020-03-21,0.55,21.54,26.91,117.0,Moderate
Kolkata,2020-03-22,0.38,19.72,17.81,83.0,Satisfactory
Kolkata,2020-03-23,0.53,20.61,17.95,99.0,Satisfactory
Kolkata,2020-03-24,0.52,19.63,13.92,88.0,Satisfactory
Kolkata,2020-03-25,0.57,19.44,15.94,96.0,Satisfactory
Kolkata,2020-03-26,0.52,19.23,14.36,95.0,Satisfactory
Kolkata,2020-03-27,0.55,18.61,14.86,106.0,Moderate
Kolkata,2020-03-28,0.57,18.62,15.71,100.0,Satisfactory
Kolkata,2020-03-29,0.54,18.28,14.53,101.0,Moderate
Kolkata,2020-03-30,0.54,18.02,16.55,107.0,Moderate
Kolkata,2020-03-31,0.54,18.77,19.05,110.0,Moderate
Kolkata,2020-04-01,0.57,19.22,12.41,117.0,Moderate
Kolkata,2020-04-02,0.56,17.94,11.91,100.0,Satisfactory
Kolkata,2020-04-03,0.62,17.37,13.25,100.0,Satisfactory
Kolkata,2020-04-04,0.55,17.56,14.82,129.0,Moderate
Kolkata,2020-04-05,0.45,17.75,11.03,112.0,Moderate
Kolkata,2020-04-06,0.41,16.75,14.7,96.0,Satisfactory
Kolkata,2020-04-07,0.39,16.76,11.32,95.0,Satisfactory
Kolkata,2020-04-08,0.34,16.23,11.92,82.0,Satisfactory
Kolkata,2020-04-09,0.33,15.23,12.71,100.0,Satisfactory
Kolkata,2020-04-10,0.38,15.46,9.24,79.0,Satisfactory
Kolkata,2020-04-11,0.35,15.25,8.65,62.0,Satisfactory
Kolkata,2020-04-12,0.34,14.97,8.48,60.0,Satisfactory
Kolkata,2020-04-13,0.38,14.12,7.64,65.0,Satisfactory
Kolkata,2020-04-14,0.37,12.72,6.37,56.0,Satisfactory
Kolkata,2020-04-15,0.37,12.38,8.17,59.0,Satisfactory
Kolkata,2020-04-16,0.41,13.6,11.56,68.0,Satisfactory
Kolkata,2020-04-17,0.34,13.43,7.8,62.0,Satisfactory
Kolkata,2020-04-18,0.36,12.76,8.91,48.0,Good
Kolkata,2020-04-19,0.32,13.4,8.77,67.0,Satisfactory
Kolkata,2020-04-20,0.34,12.55,7.56,45.0,Good
Kolkata,2020-04-21,0.34,12.34,12.3,56.0,Satisfactory
Kolkata,2020-04-22,0.34,12.43,10.21,56.0,Satisfactory
Kolkata,2020-04-23,0.32,12.63,9.0,41.0,Good
Kolkata,2020-04-24,0.33,12.42,8.56,44.0,Good
Kolkata,2020-04-25,0.33,12.36,8.68,59.0,Satisfactory
Kolkata,2020-04-26,0.34,12.13,8.54,59.0,Satisfactory
Kolkata,2020-04-27,0.32,12.23,8.2,44.0,Good
Kolkata,2020-04-28,0.34,12.33,9.15,45.0,Good
Kolkata,2020-04-29,0.36,12.57,10.52,51.0,Satisfactory
Kolkata,2020-04-30,0.31,12.71,9.11,54.0,Satisfactory
Kolkata,2020-05-01,0.29,12.52,8.2,51.0,Satisfactory
Kolkata,2020-05-02,0.39,12.49,10.69,49.0,Good
Kolkata,2020-05-03,0.38,13.04,9.23,57.0,Satisfactory
Kolkata,2020-05-04,0.38,12.4,9.69,50.0,Good
Kolkata,2020-05-05,0.34,11.35,8.59,50.0,Good
Kolkata,2020-05-06,0.36,11.21,10.21,61.0,Satisfactory
Kolkata,2020-05-07,0.32,11.0,9.68,59.0,Satisfactory
Kolkata,2020-05-08,0.34,11.47,8.03,64.0,Satisfactory
Kolkata,2020-05-09,0.36,11.28,8.27,73.0,Satisfactory
Kolkata,2020-05-10,0.34,9.96,6.6,63.0,Satisfactory
Kolkata,2020-05-11,0.38,8.35,8.78,75.0,Satisfactory
Kolkata,2020-05-12,0.38,7.25,9.97,97.0,Satisfactory
Kolkata,2020-05-13,0.29,7.27,6.96,71.0,Satisfactory
Kolkata,2020-05-14,0.26,7.09,5.56,52.0,Satisfactory
Kolkata,2020-05-15,0.27,6.88,5.35,44.0,Good
Kolkata,2020-05-16,0.27,6.68,5.27,44.0,Good
Kolkata,2020-05-17,0.28,6.39,5.42,50.0,Good
Kolkata,2020-05-18,0.28,6.63,5.99,38.0,Good
Kolkata,2020-05-19,0.28,7.39,5.94,32.0,Good
Kolkata,2020-05-20,0.26,9.29,6.05,39.0,Good
Kolkata,2020-05-21,0.36,8.02,6.66,37.0,Good
Kolkata,2020-05-22,0.36,7.59,6.8,47.0,Good
Kolkata,2020-05-23,0.34,9.64,5.53,50.0,Good
Kolkata,2020-05-24,0.35,9.92,5.08,49.0,Good
Kolkata,2020-05-25,0.34,10.04,5.14,48.0,Good
Kolkata,2020-05-26,0.34,9.09,5.53,46.0,Good
Kolkata,2020-05-27,0.33,9.03,6.09,43.0,Good
Kolkata,2020-05-28,0.41,8.75,10.72,47.0,Good
Kolkata,2020-05-29,0.36,9.76,8.17,55.0,Satisfactory
Kolkata,2020-05-30,0.33,11.59,6.76,52.0,Satisfactory
Kolkata,2020-05-31,0.37,11.53,7.76,55.0,Satisfactory
Kolkata,2020-06-01,0.34,11.93,9.78,45.0,Good
Kolkata,2020-06-02,0.34,10.78,10.59,51.0,Satisfactory
Kolkata,2020-06-03,0.35,10.95,12.35,63.0,Satisfactory
Kolkata,2020-06-04,0.33,8.89,7.42,52.0,Satisfactory
Kolkata,2020-06-05,0.32,9.35,7.44,46.0,Good
Kolkata,2020-06-06,0.36,10.68,14.22,59.0,Satisfactory
Kolkata,2020-06-07,0.39,8.74,10.9,67.0,Satisfactory
Kolkata,2020-06-08,0.43,8.64,14.77,59.0,Satisfactory
Kolkata,2020-06-09,0.35,9.12,9.72,54.0,Satisfactory
Kolkata,2020-06-10,0.35,8.65,9.41,40.0,Good
Kolkata,2020-06-11,0.37,8.14,9.52,32.0,Good
Kolkata,2020-06-12,0.37,8.52,11.15,38.0,Good
Kolkata,2020-06-13,0.38,8.81,9.69,38.0,Good
Kolkata,2020-06-14,0.36,8.37,8.63,32.0,Good
Kolkata,2020-06-15,0.37,9.37,10.35,34.0,Good
Kolkata,2020-06-16,0.36,8.64,10.69,47.0,Good
Kolkata,2020-06-17,0.39,9.69,12.68,50.0,Good
Kolkata,2020-06-18,0.37,9.53,11.92,47.0,Good
Kolkata,2020-06-19,0.39,10.15,11.68,50.0,Good
Kolkata,2020-06-20,0.34,11.48,8.06,45.0,Good
Kolkata,2020-06-21,0.35,11.6,7.36,37.0,Good
Kolkata,2020-06-22,0.36,11.77,9.13,42.0,Good
Kolkata,2020-06-23,0.37,11.16,9.47,45.0,Good
Kolkata,2020-06-24,0.35,11.66,9.37,52.0,Satisfactory
Kolkata,2020-06-25,0.32,10.32,6.83,52.0,Satisfactory
Kolkata,2020-06-26,0.34,10.35,7.91,42.0,Good
Kolkata,2020-06-27,0.35,8.39,9.25,37.0,Good
Kolkata,2020-06-28,0.38,6.92,12.63,43.0,Good
Kolkata,2020-06-29,0.45,7.59,15.98,48.0,Good
Kolkata,2020-06-30,0.37,9.64,12.29,47.0,Good
Kolkata,2020-07-01,0.3,12.87,10.01,45.0,Good
Lucknow,2017-09-26,0.95,8.91,16.86,89.0,Satisfactory
Lucknow,2017-09-27,1.18,9.35,19.01,151.0,Moderate
Lucknow,2017-09-28,0.89,7.95,37.57,160.0,Moderate
Lucknow,2017-09-29,0.94,6.44,34.9,140.0,Moderate
Lucknow,2017-09-30,0.95,7.72,31.24,135.0,Moderate
Lucknow,2017-10-01,0.8,16.68,26.32,140.0,Moderate
Lucknow,2017-10-02,0.71,10.73,24.24,115.0,Moderate
Lucknow,2017-10-03,0.78,6.59,34.36,122.0,Moderate
Lucknow,2017-10-04,0.96,9.52,25.47,100.0,Satisfactory
Lucknow,2017-10-05,1.02,7.47,36.5,95.0,Satisfactory
Lucknow,2017-10-06,1.04,6.51,37.58,103.0,Moderate
Lucknow,2017-10-07,1.18,6.7,43.59,138.0,Moderate
Lucknow,2017-10-08,1.0,8.45,34.46,188.0,Moderate
Lucknow,2017-10-09,1.02,8.47,41.3,165.0,Moderate
Lucknow,2017-10-10,1.11,7.19,34.8,207.0,Poor
Lucknow,2017-10-11,1.1,7.55,30.57,200.0,Moderate
Lucknow,2017-10-12,0.79,10.09,44.26,182.0,Moderate
Lucknow,2017-10-13,1.0,6.28,62.28,259.0,Poor
Lucknow,2017-10-14,0.87,5.27,53.25,311.0,Very Poor
Lucknow,2017-10-15,0.89,3.6,59.68,308.0,Very Poor
Lucknow,2017-10-16,0.73,2.8,72.26,319.0,Very Poor
Lucknow,2017-10-17,0.67,4.5,71.24,348.0,Very Poor
Lucknow,2017-10-18,0.97,13.23,55.68,354.0,Very Poor
Lucknow,2017-10-19,1.61,37.12,36.49,330.0,Very Poor
Lucknow,2017-10-20,1.51,37.6,29.79,362.0,Very Poor
Lucknow,2017-10-21,1.22,40.06,30.05,265.0,Poor
Lucknow,2017-10-22,1.44,31.47,57.38,339.0,Very Poor
Lucknow,2017-10-23,1.53,25.43,80.44,391.0,Very Poor
Lucknow,2017-10-24,1.76,27.82,75.27,353.0,Very Poor
Lucknow,2017-10-25,1.78,23.24,86.12,363.0,Very Poor
Lucknow,2017-10-26,1.34,19.03,89.66,379.0,Very Poor
Lucknow,2017-10-27,1.66,22.42,83.17,343.0,Very Poor
Lucknow,2017-10-28,1.44,20.45,84.41,338.0,Very Poor
Lucknow,2017-10-29,1.14,29.86,55.4,333.0,Very Poor
Lucknow,2017-10-30,1.28,21.02,59.52,344.0,Very Poor
Lucknow,2017-10-31,0.87,17.79,61.21,237.0,Poor
Lucknow,2017-11-01,1.15,27.52,44.85,312.0,Very Poor
Lucknow,2017-11-02,1.17,31.08,51.53,323.0,Very Poor
Lucknow,2017-11-03,1.75,33.57,56.67,354.0,Very Poor
Lucknow,2017-11-04,1.38,33.37,52.58,369.0,Very Poor
Lucknow,2017-11-05,2.76,36.48,49.04,388.0,Very Poor
Lucknow,2017-11-06,1.22,35.47,50.59,339.0,Very Poor
Lucknow,2017-11-07,1.35,38.07,59.57,362.0,Very Poor
Lucknow,2017-11-08,1.51,41.97,60.72,425.0,Severe
Lucknow,2017-11-09,1.65,51.92,55.77,495.0,Severe
Lucknow,2017-11-10,2.05,42.02,51.14,503.0,Severe
Lucknow,2017-11-11,1.31,34.8,52.54,463.0,Severe
Lucknow,2017-11-12,1.17,34.76,38.8,386.0,Very Poor
Lucknow,2017-11-13,1.81,55.7,62.1,454.0,Severe
Lucknow,2017-11-14,1.58,77.23,60.79,581.0,Severe
Lucknow,2017-11-15,1.85,44.19,56.89,444.0,Severe
Lucknow,2017-11-16,1.79,36.71,54.05,360.0,Very Poor
Lucknow,2017-11-17,1.28,44.11,46.83,361.0,Very Poor
Lucknow,2017-11-18,1.07,40.6,50.47,341.0,Very Poor
Lucknow,2017-11-19,0.89,55.39,49.27,360.0,Very Poor
Lucknow,2017-11-20,0.85,52.54,42.64,324.0,Very Poor
Lucknow,2017-11-21,1.0,55.5,48.07,316.0,Very Poor
Lucknow,2017-11-22,1.18,55.77,59.73,350.0,Very Poor
Lucknow,2017-11-23,1.19,58.61,60.97,344.0,Very Poor
Lucknow,2017-11-24,1.22,59.47,63.91,336.0,Very Poor
Lucknow,2017-11-25,1.28,64.29,73.69,342.0,Very Poor
Lucknow,2017-11-26,0.82,58.07,59.21,360.0,Very Poor
Lucknow,2017-11-27,1.03,57.76,60.42,342.0,Very Poor
Lucknow,2017-11-28,1.43,67.52,66.88,385.0,Very Poor
Lucknow,2017-11-29,2.29,96.77,92.62,364.0,Very Poor
Lucknow,2017-11-30,2.02,66.11,80.71,411.0,Severe
Lucknow,2017-12-01,2.39,65.03,73.94,434.0,Severe
Lucknow,2017-12-02,1.72,54.55,68.12,387.0,Very Poor
Lucknow,2017-12-03,1.68,55.3,69.83,389.0,Very Poor
Lucknow,2017-12-04,1.48,53.82,68.83,366.0,Very Poor
Lucknow,2017-12-05,1.25,49.47,54.82,366.0,Very Poor
Lucknow,2017-12-06,1.15,48.53,48.21,369.0,Very Poor
Lucknow,2017-12-07,0.96,45.96,46.04,351.0,Very Poor
Lucknow,2017-12-08,0.6,47.28,53.18,240.0,Poor
Lucknow,2017-12-09,1.01,49.98,64.87,310.0,Very Poor
Lucknow,2017-12-10,1.52,50.87,73.96,389.0,Very Poor
Lucknow,2017-12-11,1.6,49.74,73.78,354.0,Very Poor
Lucknow,2017-12-12,1.82,50.39,72.23,339.0,Very Poor
Lucknow,2017-12-13,0.81,51.16,60.94,352.0,Very Poor
Lucknow,2017-12-14,0.68,55.73,47.79,328.0,Very Poor
Lucknow,2017-12-15,0.7,52.78,49.63,328.0,Very Poor
Lucknow,2017-12-16,0.51,50.33,47.58,325.0,Very Poor
Lucknow,2017-12-17,1.05,50.09,56.93,293.0,Poor
Lucknow,2017-12-18,1.27,51.3,67.75,341.0,Very Poor
Lucknow,2017-12-19,2.57,47.94,78.85,417.0,Severe
Lucknow,2017-12-20,2.78,44.06,76.92,543.0,Severe
Lucknow,2017-12-21,1.79,50.96,57.72,486.0,Severe
Lucknow,2017-12-22,1.19,55.77,52.36,383.0,Very Poor
Lucknow,2017-12-23,0.93,51.04,54.32,337.0,Very Poor
Lucknow,2017-12-24,1.88,50.56,59.58,339.0,Very Poor
Lucknow,2017-12-25,2.01,52.94,49.73,395.0,Very Poor
Lucknow,2017-12-26,1.81,51.05,52.13,371.0,Very Poor
Lucknow,2017-12-27,1.94,49.9,59.6,425.0,Severe
Lucknow,2017-12-28,2.13,49.48,53.57,460.0,Severe
Lucknow,2017-12-29,2.15,53.46,46.83,443.0,Severe
Lucknow,2017-12-30,2.03,53.78,56.08,362.0,Very Poor
Lucknow,2017-12-31,2.14,54.29,53.25,387.0,Very Poor
Lucknow,2018-01-01,1.89,54.74,41.05,356.0,Very Poor
Lucknow,2018-01-02,1.39,52.31,34.35,320.0,Very Poor
Lucknow,2018-01-03,1.43,52.42,38.57,406.0,Severe
Lucknow,2018-01-04,1.6,51.9,46.68,389.0,Very Poor
Lucknow,2018-01-05,1.45,50.49,48.41,398.0,Very Poor
Lucknow,2018-01-06,1.67,49.05,49.57,359.0,Very Poor
Lucknow,2018-01-07,1.81,49.78,53.94,387.0,Very Poor
Lucknow,2018-01-08,1.83,50.55,58.74,431.0,Severe
Lucknow,2018-01-09,1.83,51.86,45.21,408.0,Severe
Lucknow,2018-01-10,2.1,52.24,46.46,398.0,Very Poor
Lucknow,2018-01-11,1.62,52.21,48.82,393.0,Very Poor
Lucknow,2018-01-12,1.29,52.73,54.54,427.0,Severe
Lucknow,2018-01-13,1.49,51.37,52.45,432.0,Severe
Lucknow,2018-01-14,1.36,50.05,62.82,420.0,Severe
Lucknow,2018-01-15,2.48,49.7,61.77,398.0,Very Poor
Lucknow,2018-01-16,1.57,53.15,45.9,359.0,Very Poor
Lucknow,2018-01-17,1.96,52.78,47.58,363.0,Very Poor
Lucknow,2018-01-18,1.97,51.67,46.32,368.0,Very Poor
Lucknow,2018-01-19,1.89,46.14,54.83,433.0,Severe
Lucknow,2018-01-20,2.16,52.38,49.43,391.0,Very Poor
Lucknow,2018-01-21,1.16,51.64,49.76,355.0,Very Poor
Lucknow,2018-01-22,1.34,47.15,51.54,384.0,Very Poor
Lucknow,2018-01-23,1.83,37.18,49.56,426.0,Severe
Lucknow,2018-01-24,1.05,50.41,37.49,346.0,Very Poor
Lucknow,2018-01-25,1.06,50.77,31.58,324.0,Very Poor
Lucknow,2018-01-26,1.31,46.37,35.09,333.0,Very Poor
Lucknow,2018-01-27,1.28,45.36,36.02,344.0,Very Poor
Lucknow,2018-01-28,1.53,42.65,38.93,357.0,Very Poor
Lucknow,2018-01-29,1.13,41.63,45.62,373.0,Very Poor
Lucknow,2018-01-30,1.14,44.78,34.43,344.0,Very Poor
Lucknow,2018-01-31,0.98,54.0,26.38,295.0,Poor
Lucknow,2018-02-01,1.04,55.29,33.39,324.0,Very Poor
Lucknow,2018-02-02,1.37,52.78,40.26,321.0,Very Poor
Lucknow,2018-02-03,2.02,40.78,54.6,370.0,Very Poor
Lucknow,2018-02-04,1.39,53.87,32.99,370.0,Very Poor
Lucknow,2018-02-05,0.86,53.55,34.06,312.0,Very Poor
Lucknow,2018-02-06,0.69,55.88,28.92,323.0,Very Poor
Lucknow,2018-02-07,1.28,54.95,35.64,322.0,Very Poor
Lucknow,2018-02-08,0.81,53.47,36.42,299.0,Poor
Lucknow,2018-02-09,0.95,53.26,34.68,290.0,Poor
Lucknow,2018-02-10,1.12,51.39,38.79,286.0,Poor
Lucknow,2018-02-11,1.49,51.52,56.72,266.0,Poor
Lucknow,2018-02-12,1.09,63.55,37.19,267.0,Poor
Lucknow,2018-02-13,1.14,63.85,33.81,239.0,Poor
Lucknow,2018-02-14,0.65,57.59,24.51,247.0,Poor
Lucknow,2018-02-15,0.62,56.2,25.39,301.0,Very Poor
Lucknow,2018-02-16,0.68,63.7,21.43,359.0,Very Poor
Lucknow,2018-02-17,0.71,54.65,26.73,398.0,Very Poor
Lucknow,2018-02-18,0.8,54.24,36.45,358.0,Very Poor
Lucknow,2018-02-19,0.8,44.14,37.62,386.0,Very Poor
Lucknow,2018-02-20,0.91,42.51,41.48,313.0,Very Poor
Lucknow,2018-02-21,1.23,37.55,50.36,332.0,Very Poor
Lucknow,2018-02-22,1.15,42.25,48.38,394.0,Very Poor
Lucknow,2018-02-23,1.41,39.33,55.31,389.0,Very Poor
Lucknow,2018-02-24,1.14,43.39,54.01,382.0,Very Poor
Lucknow,2018-02-25,0.87,47.51,31.02,348.0,Very Poor
Lucknow,2018-02-26,0.68,49.33,19.72,317.0,Very Poor
Lucknow,2018-02-27,0.72,48.61,25.24,181.0,Moderate
Lucknow,2018-02-28,0.85,47.4,28.14,202.0,Poor
Lucknow,2018-03-01,0.78,45.88,26.97,264.0,Poor
Lucknow,2018-03-02,0.89,44.09,21.7,236.0,Poor
Lucknow,2018-03-03,0.68,44.07,20.46,202.0,Poor
Lucknow,2018-03-04,0.73,43.18,25.72,227.0,Poor
Lucknow,2018-03-05,0.65,43.88,20.32,187.0,Moderate
Lucknow,2018-03-06,0.63,44.73,21.47,250.0,Poor
Lucknow,2018-03-07,0.72,43.72,28.95,288.0,Poor
Lucknow,2018-03-08,0.87,41.16,44.32,340.0,Very Poor
Lucknow,2018-03-09,0.73,42.61,33.39,297.0,Poor
Lucknow,2018-03-10,0.63,43.44,26.41,249.0,Poor
Lucknow,2018-03-11,0.69,43.47,28.51,219.0,Poor
Lucknow,2018-03-12,1.05,43.39,29.11,247.0,Poor
Lucknow,2018-03-13,0.68,44.14,31.03,247.0,Poor
Lucknow,2018-03-14,0.87,43.37,58.62,317.0,Very Poor
Lucknow,2018-03-15,0.54,44.21,50.15,331.0,Very Poor
Lucknow,2018-03-16,0.39,44.54,32.71,233.0,Poor
Lucknow,2018-03-17,0.3,37.1,33.09,273.0,Poor
Lucknow,2018-03-18,0.27,30.3,28.74,142.0,Moderate
Lucknow,2018-03-19,0.31,30.49,34.84,196.0,Moderate
Lucknow,2018-03-20,0.49,30.42,35.27,225.0,Poor
Lucknow,2018-03-21,0.58,30.25,56.86,245.0,Poor
Lucknow,2018-03-22,0.4,30.32,36.65,273.0,Poor
Lucknow,2018-03-23,0.34,30.3,28.72,218.0,Poor
Lucknow,2018-03-24,0.32,30.23,31.61,197.0,Moderate
Lucknow,2018-03-25,0.31,30.33,27.88,198.0,Moderate
Lucknow,2018-03-26,0.34,30.18,31.96,151.0,Moderate
Lucknow,2018-03-27,0.39,30.19,34.22,137.0,Moderate
Lucknow,2018-03-28,0.6,30.14,54.89,214.0,Poor
Lucknow,2018-03-29,0.43,30.1,42.21,271.0,Poor
Lucknow,2018-03-30,0.4,30.13,49.41,256.0,Poor
Lucknow,2018-03-31,0.28,30.15,47.7,201.0,Poor
Lucknow,2018-04-01,0.56,30.2,81.53,106.0,Moderate
Lucknow,2018-04-02,0.52,29.9,46.42,204.0,Poor
Lucknow,2018-04-03,0.54,30.06,82.93,300.0,Poor
Lucknow,2018-04-04,0.49,30.05,60.3,319.0,Very Poor
Lucknow,2018-04-05,0.5,30.21,51.18,252.0,Poor
Lucknow,2018-04-06,0.41,30.28,48.9,153.0,Moderate
Lucknow,2018-04-07,0.41,30.2,43.15,143.0,Moderate
Lucknow,2018-04-08,0.43,30.22,58.47,102.0,Moderate
Lucknow,2018-04-09,0.39,30.16,53.26,146.0,Moderate
Lucknow,2018-04-10,0.51,30.18,49.71,126.0,Moderate
Lucknow,2018-04-11,0.44,30.19,49.9,132.0,Moderate
Lucknow,2018-04-12,0.4,30.16,33.17,97.0,Satisfactory
Lucknow,2018-04-13,0.33,30.23,37.3,91.0,Satisfactory
Lucknow,2018-04-14,0.35,30.18,41.55,97.0,Satisfactory
Lucknow,2018-04-15,0.48,30.13,54.0,113.0,Moderate
Lucknow,2018-04-16,0.56,30.01,59.66,180.0,Moderate
Lucknow,2018-04-17,0.43,30.22,59.62,240.0,Poor
Lucknow,2018-04-18,0.29,30.16,36.82,217.0,Poor
Lucknow,2018-04-19,0.36,30.21,39.18,162.0,Moderate
Lucknow,2018-04-20,0.51,30.22,59.83,231.0,Poor
Lucknow,2018-04-21,0.3,30.27,33.34,207.0,Poor
Lucknow,2018-04-22,0.29,30.23,27.16,194.0,Moderate
Lucknow,2018-04-23,0.3,30.17,33.33,156.0,Moderate
Lucknow,2018-04-24,0.41,30.0,50.62,160.0,Moderate
Lucknow,2018-04-25,0.6,30.07,75.06,236.0,Poor
Lucknow,2018-04-26,0.36,27.09,58.11,281.0,Poor
Lucknow,2018-04-27,0.37,23.0,54.16,226.0,Poor
Lucknow,2018-04-28,0.47,23.09,62.8,195.0,Moderate
Lucknow,2018-04-29,0.42,23.0,59.94,197.0,Moderate
Lucknow,2018-04-30,0.43,23.05,53.32,162.0,Moderate
Lucknow,2018-05-01,0.39,23.01,54.06,98.0,Satisfactory
Lucknow,2018-05-02,0.53,22.96,53.33,108.0,Moderate
Lucknow,2018-05-03,0.38,23.01,53.34,170.0,Moderate
Lucknow,2018-05-04,0.36,23.03,64.43,94.0,Satisfactory
Lucknow,2018-05-05,0.53,23.0,65.69,126.0,Moderate
Lucknow,2018-05-06,0.51,22.94,63.88,196.0,Moderate
Lucknow,2018-05-07,0.51,23.02,55.62,209.0,Poor
Lucknow,2018-05-08,0.48,23.04,64.5,353.0,Very Poor
Lucknow,2018-05-09,0.34,23.06,42.53,322.0,Very Poor
Lucknow,2018-05-10,0.33,23.05,49.09,250.0,Poor
Lucknow,2018-05-11,0.44,29.29,77.7,324.0,Very Poor
Lucknow,2018-05-12,0.5,36.26,48.53,336.0,Very Poor
Lucknow,2018-05-13,0.44,36.15,43.8,301.0,Very Poor
Lucknow,2018-05-14,0.42,36.18,48.23,476.0,Severe
Lucknow,2018-05-15,0.5,36.16,61.01,164.0,Moderate
Lucknow,2018-05-16,0.58,36.26,64.0,204.0,Poor
Lucknow,2018-05-17,0.47,36.24,45.31,301.0,Very Poor
Lucknow,2018-05-18,0.57,36.16,52.96,289.0,Poor
Lucknow,2018-05-19,0.4,36.24,48.42,287.0,Poor
Lucknow,2018-05-20,0.16,36.26,45.39,318.0,Very Poor
Lucknow,2018-05-21,0.18,36.26,45.56,426.0,Severe
Lucknow,2018-05-22,0.45,36.21,56.21,357.0,Very Poor
Lucknow,2018-05-23,0.6,36.15,48.21,257.0,Poor
Lucknow,2018-05-24,0.6,36.22,40.81,291.0,Poor
Lucknow,2018-05-25,0.5,36.22,31.65,250.0,Poor
Lucknow,2018-05-26,0.66,35.74,51.6,242.0,Poor
Lucknow,2018-05-27,0.53,34.31,41.14,273.0,Poor
Lucknow,2018-05-28,0.53,34.19,36.21,269.0,Poor
Lucknow,2018-05-29,0.35,34.27,33.23,246.0,Poor
Lucknow,2018-05-30,0.21,34.3,45.48,214.0,Poor
Lucknow,2018-05-31,0.37,34.22,72.12,174.0,Moderate
Lucknow,2018-06-01,0.43,34.14,60.91,139.0,Moderate
Lucknow,2018-06-02,0.47,34.2,28.84,151.0,Moderate
Lucknow,2018-06-03,0.66,34.28,28.97,179.0,Moderate
Lucknow,2018-06-04,0.58,34.29,29.4,225.0,Poor
Lucknow,2018-06-05,0.58,34.0,28.77,219.0,Poor
Lucknow,2018-06-06,0.66,33.97,20.37,175.0,Moderate
Lucknow,2018-06-07,0.68,38.07,15.65,127.0,Moderate
Lucknow,2018-06-08,0.58,29.8,13.02,161.0,Moderate
Lucknow,2018-06-09,0.56,34.9,16.06,108.0,Moderate
Lucknow,2018-06-10,0.48,36.67,13.45,133.0,Moderate
Lucknow,2018-06-11,0.51,40.34,15.31,107.0,Moderate
Lucknow,2018-06-12,0.58,40.94,25.79,125.0,Moderate
Lucknow,2018-06-13,0.64,40.98,24.58,147.0,Moderate
Lucknow,2018-06-14,1.03,41.02,28.15,181.0,Moderate
Lucknow,2018-06-15,1.11,40.93,28.86,240.0,Poor
Lucknow,2018-06-16,1.03,41.2,26.36,301.0,Very Poor
Lucknow,2018-06-17,0.82,41.15,28.43,321.0,Very Poor
Lucknow,2018-06-18,0.87,41.19,31.83,279.0,Poor
Lucknow,2018-06-19,0.92,41.18,32.94,179.0,Moderate
Lucknow,2018-06-20,0.89,41.19,36.14,186.0,Moderate
Lucknow,2018-06-21,0.93,41.24,37.4,228.0,Poor
Lucknow,2018-06-22,0.82,41.11,28.77,215.0,Poor
Lucknow,2018-06-23,0.84,39.46,27.02,229.0,Poor
Lucknow,2018-06-24,0.84,36.61,27.8,157.0,Moderate
Lucknow,2018-06-25,0.94,36.79,32.87,116.0,Moderate
Lucknow,2018-06-26,0.96,36.68,28.52,184.0,Moderate
Lucknow,2018-06-27,0.78,36.73,26.26,136.0,Moderate
Lucknow,2018-06-28,0.78,36.79,24.33,124.0,Moderate
Lucknow,2018-06-29,0.9,36.82,25.51,93.0,Satisfactory
Lucknow,2018-06-30,0.83,36.86,26.48,83.0,Satisfactory
Lucknow,2018-07-01,0.91,36.67,26.7,125.0,Moderate
Lucknow,2018-07-02,0.7,36.72,26.85,117.0,Moderate
Lucknow,2018-07-03,0.67,37.67,27.02,111.0,Moderate
Lucknow,2018-07-04,0.64,38.86,26.46,81.0,Satisfactory
Lucknow,2018-07-05,0.71,38.9,27.49,74.0,Satisfactory
Lucknow,2018-07-06,0.9,38.81,31.56,110.0,Moderate
Lucknow,2018-07-07,0.9,38.86,30.29,195.0,Moderate
Lucknow,2018-07-08,0.79,38.71,23.81,174.0,Moderate
Lucknow,2018-07-09,0.74,34.09,24.3,132.0,Moderate
Lucknow,2018-07-10,0.69,26.91,23.38,88.0,Satisfactory
Lucknow,2018-07-11,0.85,25.53,25.75,100.0,Satisfactory
Lucknow,2018-07-12,0.88,23.15,25.94,89.0,Satisfactory
Lucknow,2018-07-13,0.87,21.18,27.2,90.0,Satisfactory
Lucknow,2018-07-14,1.25,21.11,27.28,95.0,Satisfactory
Lucknow,2018-07-15,0.99,21.22,26.88,101.0,Moderate
Lucknow,2018-07-16,1.02,22.87,27.09,90.0,Satisfactory
Lucknow,2018-07-17,1.0,24.28,26.16,84.0,Satisfactory
Lucknow,2018-07-18,0.73,27.17,27.34,75.0,Satisfactory
Lucknow,2018-07-19,0.8,29.49,30.03,125.0,Moderate
Lucknow,2018-07-20,0.92,29.59,30.06,94.0,Satisfactory
Lucknow,2018-07-21,0.94,29.57,29.87,71.0,Satisfactory
Lucknow,2018-07-22,1.13,29.52,27.46,77.0,Satisfactory
Lucknow,2018-07-23,1.22,29.71,32.02,76.0,Satisfactory
Lucknow,2018-07-24,1.1,29.67,27.5,80.0,Satisfactory
Lucknow,2018-07-25,1.08,29.67,27.73,78.0,Satisfactory
Lucknow,2018-07-26,1.14,29.31,28.61,77.0,Satisfactory
Lucknow,2018-07-27,1.09,29.56,28.22,72.0,Satisfactory
Lucknow,2018-07-28,1.22,29.61,30.75,83.0,Satisfactory
Lucknow,2018-07-29,1.11,29.7,30.41,99.0,Satisfactory
Lucknow,2018-07-30,0.94,29.65,27.87,73.0,Satisfactory
Lucknow,2018-07-31,0.68,23.68,28.27,84.0,Satisfactory
Lucknow,2018-08-01,0.59,12.91,26.68,41.0,Good
Lucknow,2018-08-02,0.76,10.62,29.66,55.0,Satisfactory
Lucknow,2018-08-03,0.74,11.25,28.11,75.0,Satisfactory
Lucknow,2018-08-04,0.78,16.67,28.79,99.0,Satisfactory
Lucknow,2018-08-05,1.01,23.05,26.51,210.0,Poor
Lucknow,2018-08-06,0.81,24.06,27.86,204.0,Poor
Lucknow,2018-08-07,0.86,22.89,29.47,183.0,Moderate
Lucknow,2018-08-08,0.68,22.93,26.33,99.0,Satisfactory
Lucknow,2018-08-09,0.74,23.8,27.2,80.0,Satisfactory
Lucknow,2018-08-10,0.92,28.87,36.65,96.0,Satisfactory
Lucknow,2018-08-11,0.89,28.41,34.12,94.0,Satisfactory
Lucknow,2018-08-12,0.92,28.62,41.08,77.0,Satisfactory
Lucknow,2018-08-13,0.9,28.95,44.17,80.0,Satisfactory
Lucknow,2018-08-14,0.97,30.87,44.57,73.0,Satisfactory
Lucknow,2018-08-15,0.87,29.29,36.47,122.0,Moderate
Lucknow,2018-08-16,0.59,28.57,27.26,55.0,Satisfactory
Lucknow,2018-08-17,0.62,28.91,27.52,60.0,Satisfactory
Lucknow,2018-08-18,0.85,28.96,29.83,123.0,Moderate
Lucknow,2018-08-19,0.82,28.81,28.22,144.0,Moderate
Lucknow,2018-08-20,0.8,28.57,28.04,69.0,Satisfactory
Lucknow,2018-08-21,0.68,24.98,24.24,82.0,Satisfactory
Lucknow,2018-08-22,0.72,22.98,22.78,89.0,Satisfactory
Lucknow,2018-08-23,0.86,23.08,25.31,97.0,Satisfactory
Lucknow,2018-08-24,0.79,22.98,26.75,88.0,Satisfactory
Lucknow,2018-08-25,0.65,26.02,27.9,78.0,Satisfactory
Lucknow,2018-08-26,0.73,29.23,27.44,163.0,Moderate
Lucknow,2018-08-27,0.88,28.99,27.68,183.0,Moderate
Lucknow,2018-08-28,0.65,23.2,24.29,72.0,Satisfactory
Lucknow,2018-08-29,0.75,22.97,24.84,81.0,Satisfactory
Lucknow,2018-08-30,0.74,26.06,28.0,72.0,Satisfactory
Lucknow,2018-08-31,0.87,28.68,30.23,57.0,Satisfactory
Lucknow,2018-09-01,0.9,28.97,27.01,63.0,Satisfactory
Lucknow,2018-09-02,0.82,28.83,28.0,69.0,Satisfactory
Lucknow,2018-09-03,0.84,28.84,30.37,61.0,Satisfactory
Lucknow,2018-09-04,0.99,28.44,29.19,83.0,Satisfactory
Lucknow,2018-09-05,0.77,28.54,25.52,107.0,Moderate
Lucknow,2018-09-06,1.21,28.85,30.02,101.0,Moderate
Lucknow,2018-09-07,0.82,28.67,26.1,94.0,Satisfactory
Lucknow,2018-09-08,0.99,28.72,26.09,87.0,Satisfactory
Lucknow,2018-09-09,1.28,28.99,27.39,90.0,Satisfactory
Lucknow,2018-09-10,1.33,28.84,26.62,92.0,Satisfactory
Lucknow,2018-09-11,1.58,29.16,25.81,101.0,Moderate
Lucknow,2018-09-12,1.34,28.82,27.41,96.0,Satisfactory
Lucknow,2018-09-13,0.72,28.85,25.74,76.0,Satisfactory
Lucknow,2018-09-14,0.68,28.91,23.43,84.0,Satisfactory
Lucknow,2018-09-15,0.76,29.28,23.31,100.0,Satisfactory
Lucknow,2018-09-16,0.73,29.35,24.46,103.0,Moderate
Lucknow,2018-09-17,0.91,29.19,20.97,130.0,Moderate
Lucknow,2018-09-18,0.89,29.24,21.56,123.0,Moderate
Lucknow,2018-09-19,1.08,30.56,27.9,172.0,Moderate
Lucknow,2018-09-20,1.17,32.07,29.55,173.0,Moderate
Lucknow,2018-09-21,0.82,31.94,17.07,116.0,Moderate
Lucknow,2018-09-22,0.87,32.02,18.33,64.0,Satisfactory
Lucknow,2018-09-23,1.11,32.16,21.84,82.0,Satisfactory
Lucknow,2018-09-24,1.1,32.14,27.21,124.0,Moderate
Lucknow,2018-09-25,0.99,31.87,23.78,109.0,Moderate
Lucknow,2018-09-26,1.1,31.98,21.35,93.0,Satisfactory
Lucknow,2018-09-27,1.06,31.96,27.66,102.0,Moderate
Lucknow,2018-09-28,1.09,32.07,29.35,132.0,Moderate
Lucknow,2018-09-29,1.14,32.75,34.36,224.0,Poor
Lucknow,2018-09-30,0.85,37.24,30.08,177.0,Moderate
Lucknow,2018-10-01,0.97,37.05,30.43,200.0,Moderate
Lucknow,2018-10-02,1.0,37.15,33.28,191.0,Moderate
Lucknow,2018-10-03,1.17,37.12,35.35,228.0,Poor
Lucknow,2018-10-04,1.42,37.39,43.65,249.0,Poor
Lucknow,2018-10-05,1.04,37.65,40.02,226.0,Poor
Lucknow,2018-10-06,1.11,37.36,45.87,251.0,Poor
Lucknow,2018-10-07,0.95,37.01,42.11,270.0,Poor
Lucknow,2018-10-08,1.16,37.08,48.29,272.0,Poor
Lucknow,2018-10-09,1.04,37.53,40.53,235.0,Poor
Lucknow,2018-10-10,0.86,37.51,34.22,233.0,Poor
Lucknow,2018-10-11,0.85,37.62,31.93,262.0,Poor
Lucknow,2018-10-12,1.16,37.46,33.9,175.0,Moderate
Lucknow,2018-10-13,0.87,41.21,31.11,109.0,Moderate
Lucknow,2018-10-14,0.94,49.15,35.56,170.0,Moderate
Lucknow,2018-10-15,1.1,49.08,44.6,218.0,Poor
Lucknow,2018-10-16,1.26,49.25,50.16,292.0,Poor
Lucknow,2018-10-17,1.57,49.33,46.95,306.0,Very Poor
Lucknow,2018-10-18,1.58,49.16,49.83,296.0,Poor
Lucknow,2018-10-19,1.31,49.25,51.55,294.0,Poor
Lucknow,2018-10-20,1.28,49.31,47.79,246.0,Poor
Lucknow,2018-10-21,1.3,49.22,54.88,268.0,Poor
Lucknow,2018-10-22,1.19,49.32,41.35,275.0,Poor
Lucknow,2018-10-23,1.15,49.3,53.21,273.0,Poor
Lucknow,2018-10-24,1.43,64.43,58.31,313.0,Very Poor
Lucknow,2018-10-25,2.2,75.89,90.95,355.0,Very Poor
Lucknow,2018-10-26,1.5,67.51,75.24,342.0,Very Poor
Lucknow,2018-10-27,1.79,92.26,76.26,338.0,Very Poor
Lucknow,2018-10-28,1.87,61.3,62.28,344.0,Very Poor
Lucknow,2018-10-29,1.83,148.11,67.07,329.0,Very Poor
Lucknow,2018-10-30,1.63,136.55,78.79,332.0,Very Poor
Lucknow,2018-10-31,1.3,66.56,68.95,311.0,Very Poor
Lucknow,2018-11-01,1.55,31.52,70.3,307.0,Very Poor
Lucknow,2018-11-02,2.31,44.63,82.88,340.0,Very Poor
Lucknow,2018-11-03,1.72,35.75,76.48,344.0,Very Poor
Lucknow,2018-11-04,1.2,34.78,50.08,321.0,Very Poor
Lucknow,2018-11-05,1.19,28.99,39.64,292.0,Poor
Lucknow,2018-11-06,1.32,27.78,40.27,326.0,Very Poor
Lucknow,2018-11-07,1.69,35.55,55.44,332.0,Very Poor
Lucknow,2018-11-08,2.0,42.51,54.59,485.0,Severe
Lucknow,2018-11-09,1.96,53.87,52.55,430.0,Severe
Lucknow,2018-11-10,2.13,69.68,59.83,412.0,Severe
Lucknow,2018-11-11,1.8,46.8,62.06,367.0,Very Poor
Lucknow,2018-11-12,2.01,50.8,69.47,355.0,Very Poor
Lucknow,2018-11-13,1.84,61.13,83.09,394.0,Very Poor
Lucknow,2018-11-14,1.88,49.19,59.14,367.0,Very Poor
Lucknow,2018-11-15,2.16,45.88,50.62,342.0,Very Poor
Lucknow,2018-11-16,1.98,34.97,30.61,282.0,Poor
Lucknow,2018-11-17,2.74,32.21,41.79,274.0,Poor
Lucknow,2018-11-18,2.84,41.62,66.97,345.0,Very Poor
Lucknow,2018-11-19,2.98,50.54,87.45,371.0,Very Poor
Lucknow,2018-11-20,2.77,56.71,84.92,378.0,Very Poor
Lucknow,2018-11-21,2.44,42.51,66.59,392.0,Very Poor
Lucknow,2018-11-22,1.95,39.92,65.27,341.0,Very Poor
Lucknow,2018-11-23,1.96,36.57,63.59,323.0,Very Poor
Lucknow,2018-11-24,1.8,38.81,61.83,308.0,Very Poor
Lucknow,2018-11-25,1.5,58.91,59.19,294.0,Poor
Lucknow,2018-11-26,2.51,68.46,73.13,366.0,Very Poor
Lucknow,2018-11-27,2.58,60.66,83.37,400.0,Very Poor
Lucknow,2018-11-28,2.03,36.71,72.25,387.0,Very Poor
Lucknow,2018-11-29,2.05,23.23,57.9,326.0,Very Poor
Lucknow,2018-11-30,2.01,28.45,55.45,347.0,Very Poor
Lucknow,2018-12-01,2.03,32.65,57.18,361.0,Very Poor
Lucknow,2018-12-02,2.18,47.66,74.59,354.0,Very Poor
Lucknow,2018-12-03,2.03,38.46,60.3,327.0,Very Poor
Lucknow,2018-12-04,2.21,41.4,72.27,361.0,Very Poor
Lucknow,2018-12-05,1.97,33.82,56.12,373.0,Very Poor
Lucknow,2018-12-06,2.09,38.33,65.41,381.0,Very Poor
Lucknow,2018-12-07,2.02,32.84,55.29,362.0,Very Poor
Lucknow,2018-12-08,1.83,34.51,64.2,353.0,Very Poor
Lucknow,2018-12-09,2.25,42.06,62.52,353.0,Very Poor
Lucknow,2018-12-10,3.06,52.95,80.22,394.0,Very Poor
Lucknow,2018-12-11,2.27,23.32,71.15,381.0,Very Poor
Lucknow,2018-12-12,2.13,21.1,67.55,362.0,Very Poor
Lucknow,2018-12-13,1.68,23.83,49.54,333.0,Very Poor
Lucknow,2018-12-14,1.69,23.02,38.27,269.0,Poor
Lucknow,2018-12-15,1.74,28.27,39.05,235.0,Poor
Lucknow,2018-12-16,2.21,48.66,49.22,252.0,Poor
Lucknow,2018-12-17,2.33,43.52,56.53,317.0,Very Poor
Lucknow,2018-12-18,2.03,45.99,50.78,330.0,Very Poor
Lucknow,2018-12-19,2.0,44.27,50.68,310.0,Very Poor
Lucknow,2018-12-20,1.74,46.67,53.32,349.0,Very Poor
Lucknow,2018-12-21,0.99,44.1,53.25,343.0,Very Poor
Lucknow,2018-12-22,1.76,62.39,70.06,363.0,Very Poor
Lucknow,2018-12-23,1.25,53.29,56.29,414.0,Severe
Lucknow,2018-12-24,1.13,43.56,53.54,345.0,Very Poor
Lucknow,2018-12-25,1.05,39.51,44.5,338.0,Very Poor
Lucknow,2018-12-26,1.06,41.88,49.62,346.0,Very Poor
Lucknow,2018-12-27,0.87,40.11,46.26,324.0,Very Poor
Lucknow,2018-12-28,0.72,34.77,35.07,325.0,Very Poor
Lucknow,2018-12-29,0.81,43.22,45.98,339.0,Very Poor
Lucknow,2018-12-30,0.95,65.01,60.69,388.0,Very Poor
Lucknow,2018-12-31,1.01,61.3,61.89,403.0,Severe
Lucknow,2019-01-01,1.03,48.72,62.96,413.0,Severe
Lucknow,2019-01-02,1.26,65.39,78.56,457.0,Severe
Lucknow,2019-01-03,0.99,34.08,58.14,410.0,Severe
Lucknow,2019-01-04,1.05,41.41,48.86,374.0,Very Poor
Lucknow,2019-01-05,1.12,51.0,64.58,390.0,Very Poor
Lucknow,2019-01-06,0.89,31.5,38.08,383.0,Very Poor
Lucknow,2019-01-07,1.06,35.87,34.94,246.0,Poor
Lucknow,2019-01-08,0.91,29.36,35.23,239.0,Poor
Lucknow,2019-01-09,0.92,27.3,35.21,239.0,Poor
Lucknow,2019-01-10,1.1,32.95,45.12,270.0,Poor
Lucknow,2019-01-11,1.16,36.73,67.86,339.0,Very Poor
Lucknow,2019-01-12,1.27,43.75,64.1,346.0,Very Poor
Lucknow,2019-01-13,0.95,52.35,57.64,396.0,Very Poor
Lucknow,2019-01-14,0.8,26.73,29.47,347.0,Very Poor
Lucknow,2019-01-15,0.85,28.32,36.8,184.0,Moderate
Lucknow,2019-01-16,1.1,39.84,59.97,305.0,Very Poor
Lucknow,2019-01-17,0.96,45.63,48.05,415.0,Severe
Lucknow,2019-01-18,1.04,31.04,43.9,363.0,Very Poor
Lucknow,2019-01-19,1.2,34.77,47.99,310.0,Very Poor
Lucknow,2019-01-20,1.41,47.8,57.68,337.0,Very Poor
Lucknow,2019-01-21,1.44,61.31,53.49,391.0,Very Poor
Lucknow,2019-01-22,1.17,34.31,36.59,350.0,Very Poor
Lucknow,2019-01-23,1.19,33.18,33.59,331.0,Very Poor
Lucknow,2019-01-24,1.45,48.76,42.98,218.0,Poor
Lucknow,2019-01-25,1.49,54.07,38.96,341.0,Very Poor
Lucknow,2019-01-26,1.14,28.83,22.82,208.0,Poor
Lucknow,2019-01-27,1.03,28.15,25.51,142.0,Moderate
Lucknow,2019-01-28,1.0,27.88,28.08,204.0,Poor
Lucknow,2019-01-29,1.05,28.24,28.06,214.0,Poor
Lucknow,2019-01-30,0.96,36.93,39.6,285.0,Poor
Lucknow,2019-01-31,1.14,54.68,60.3,334.0,Very Poor
Lucknow,2019-02-01,1.29,43.14,57.06,329.0,Very Poor
Lucknow,2019-02-02,0.97,37.32,46.98,316.0,Very Poor
Lucknow,2019-02-03,0.84,26.2,33.37,354.0,Very Poor
Lucknow,2019-02-04,1.13,25.71,36.58,283.0,Poor
Lucknow,2019-02-05,1.25,38.6,57.52,280.0,Poor
Lucknow,2019-02-06,1.95,43.74,59.33,374.0,Very Poor
Lucknow,2019-02-07,1.01,30.06,33.02,274.0,Poor
Lucknow,2019-02-08,1.16,32.55,39.51,132.0,Moderate
Lucknow,2019-02-09,0.75,27.48,27.17,204.0,Poor
Lucknow,2019-02-10,0.82,28.14,29.99,175.0,Moderate
Lucknow,2019-02-11,0.98,35.53,44.08,189.0,Moderate
Lucknow,2019-02-12,1.38,45.36,60.47,253.0,Poor
Lucknow,2019-02-13,1.58,63.21,57.48,311.0,Very Poor
Lucknow,2019-02-14,1.62,74.76,51.57,367.0,Very Poor
Lucknow,2019-02-15,0.84,35.25,32.71,304.0,Very Poor
Lucknow,2019-02-16,0.77,34.32,26.45,170.0,Moderate
Lucknow,2019-02-17,0.74,29.52,21.48,166.0,Moderate
Lucknow,2019-02-18,0.96,34.08,35.84,161.0,Moderate
Lucknow,2019-02-19,1.28,50.89,45.19,228.0,Poor
Lucknow,2019-02-20,1.24,49.59,50.2,330.0,Very Poor
Lucknow,2019-02-21,1.16,55.23,51.08,271.0,Poor
Lucknow,2019-02-22,1.07,42.76,38.45,258.0,Poor
Lucknow,2019-02-23,0.7,21.88,22.49,198.0,Moderate
Lucknow,2019-02-24,0.79,10.72,40.99,139.0,Moderate
Lucknow,2019-02-25,1.19,17.38,67.36,183.0,Moderate
Lucknow,2019-02-26,1.33,15.82,54.95,239.0,Poor
Lucknow,2019-02-27,1.68,12.87,29.85,196.0,Moderate
Lucknow,2019-02-28,1.56,11.74,25.1,122.0,Moderate
Lucknow,2019-03-01,1.51,10.43,41.59,136.0,Moderate
Lucknow,2019-03-02,1.6,7.06,58.75,274.0,Poor
Lucknow,2019-03-03,1.51,16.9,31.52,319.0,Very Poor
Lucknow,2019-03-04,1.32,33.83,25.97,230.0,Poor
Lucknow,2019-03-05,1.1,24.4,30.31,228.0,Poor
Lucknow,2019-03-06,1.05,10.01,31.28,173.0,Moderate
Lucknow,2019-03-07,1.29,9.25,34.56,220.0,Poor
Lucknow,2019-03-08,1.2,12.66,40.62,288.0,Poor
Lucknow,2019-03-09,1.01,13.67,39.4,234.0,Poor
Lucknow,2019-03-10,1.05,14.91,39.07,198.0,Moderate
Lucknow,2019-03-11,1.59,14.53,51.18,222.0,Poor
Lucknow,2019-03-12,1.25,22.07,50.69,279.0,Poor
Lucknow,2019-03-13,1.14,12.2,48.46,207.0,Poor
Lucknow,2019-03-14,1.63,15.68,44.45,218.0,Poor
Lucknow,2019-03-15,1.0,12.61,38.8,212.0,Poor
Lucknow,2019-03-16,0.95,3.94,37.47,130.0,Moderate
Lucknow,2019-03-17,1.14,7.23,29.17,149.0,Moderate
Lucknow,2019-03-18,1.19,9.31,29.06,237.0,Poor
Lucknow,2019-03-19,1.29,10.09,31.67,212.0,Poor
Lucknow,2019-03-20,2.04,12.74,49.06,254.0,Poor
Lucknow,2019-03-21,1.51,9.44,34.14,270.0,Poor
Lucknow,2019-03-22,1.22,5.12,21.08,139.0,Moderate
Lucknow,2019-03-23,1.01,4.95,16.2,110.0,Moderate
Lucknow,2019-03-24,1.15,5.45,26.21,134.0,Moderate
Lucknow,2019-03-25,1.76,9.51,46.89,190.0,Moderate
Lucknow,2019-03-26,1.12,3.63,39.58,217.0,Poor
Lucknow,2019-03-27,1.28,1.95,32.99,172.0,Moderate
Lucknow,2019-03-28,1.37,5.37,54.82,215.0,Poor
Lucknow,2019-03-29,1.83,19.2,90.13,304.0,Very Poor
Lucknow,2019-03-30,1.68,21.72,67.79,315.0,Very Poor
Lucknow,2019-03-31,1.29,24.74,105.89,261.0,Poor
Lucknow,2019-04-03,1.97,3.7,55.58,291.0,Poor
Lucknow,2019-04-04,2.07,4.18,55.78,336.0,Very Poor
Lucknow,2019-04-05,1.68,30.81,35.22,315.0,Very Poor
Lucknow,2019-04-06,1.6,27.33,31.29,232.0,Poor
Lucknow,2019-04-07,1.3,22.47,30.7,195.0,Moderate
Lucknow,2019-04-08,1.53,23.44,38.28,153.0,Moderate
Lucknow,2019-04-09,1.61,22.06,43.93,155.0,Moderate
Lucknow,2019-04-10,1.65,16.44,39.37,197.0,Moderate
Lucknow,2019-04-11,1.36,19.17,41.73,197.0,Moderate
Lucknow,2019-04-12,1.87,19.2,37.55,278.0,Poor
Lucknow,2019-04-13,1.14,16.57,43.17,253.0,Poor
Lucknow,2019-04-14,1.09,17.72,28.8,169.0,Moderate
Lucknow,2019-04-15,1.14,17.63,33.33,150.0,Moderate
Lucknow,2019-04-16,1.1,21.83,26.79,171.0,Moderate
Lucknow,2019-04-17,1.16,21.95,30.69,136.0,Moderate
Lucknow,2019-04-18,1.06,18.87,27.78,115.0,Moderate
Lucknow,2019-04-19,1.05,15.26,30.36,95.0,Satisfactory
Lucknow,2019-04-20,1.28,14.5,29.53,132.0,Moderate
Lucknow,2019-04-21,1.48,16.8,36.21,230.0,Poor
Lucknow,2019-04-22,1.62,17.93,49.29,258.0,Poor
Lucknow,2019-04-23,1.24,19.94,35.22,314.0,Very Poor
Lucknow,2019-04-24,1.24,18.62,36.59,223.0,Poor
Lucknow,2019-04-25,1.54,18.28,38.49,218.0,Poor
Lucknow,2019-04-26,1.45,19.53,38.0,298.0,Poor
Lucknow,2019-04-27,0.88,9.63,22.33,222.0,Poor
Lucknow,2019-04-28,0.96,8.16,21.97,283.0,Poor
Lucknow,2019-04-29,1.33,10.49,30.78,287.0,Poor
Lucknow,2019-04-30,1.7,27.55,50.61,287.0,Poor
Lucknow,2019-05-01,1.63,23.82,38.12,322.0,Very Poor
Lucknow,2019-05-02,1.31,15.3,29.42,277.0,Poor
Lucknow,2019-05-03,1.09,15.34,27.25,151.0,Moderate
Lucknow,2019-05-04,1.25,15.87,27.6,141.0,Moderate
Lucknow,2019-05-05,1.1,6.88,27.59,124.0,Moderate
Lucknow,2019-05-06,1.04,15.66,20.81,112.0,Moderate
Lucknow,2019-05-07,1.3,8.97,32.39,121.0,Moderate
Lucknow,2019-05-08,1.12,9.94,33.07,183.0,Moderate
Lucknow,2019-05-09,1.03,11.64,25.31,197.0,Moderate
Lucknow,2019-05-10,1.15,21.82,25.98,219.0,Poor
Lucknow,2019-05-11,1.61,16.54,32.83,210.0,Poor
Lucknow,2019-05-12,1.4,17.9,23.23,164.0,Moderate
Lucknow,2019-05-13,1.24,17.33,24.94,183.0,Moderate
Lucknow,2019-05-14,1.27,14.83,19.31,178.0,Moderate
Lucknow,2019-05-15,1.5,16.12,22.09,198.0,Moderate
Lucknow,2019-05-16,1.26,13.91,18.63,223.0,Poor
Lucknow,2019-05-17,1.11,12.63,19.65,192.0,Moderate
Lucknow,2019-05-18,1.06,13.47,16.72,167.0,Moderate
Lucknow,2019-05-19,1.15,12.82,15.15,144.0,Moderate
Lucknow,2019-05-20,1.38,12.37,18.12,196.0,Moderate
Lucknow,2019-05-21,1.42,10.62,20.14,189.0,Moderate
Lucknow,2019-05-22,1.47,20.24,22.26,203.0,Poor
Lucknow,2019-05-23,1.32,28.03,29.43,189.0,Moderate
Lucknow,2019-05-24,1.15,27.99,27.1,150.0,Moderate
Lucknow,2019-05-25,1.38,27.99,26.3,142.0,Moderate
Lucknow,2019-05-26,1.26,28.01,26.49,125.0,Moderate
Lucknow,2019-05-27,1.49,28.01,27.86,160.0,Moderate
Lucknow,2019-05-28,1.67,28.01,26.58,211.0,Poor
Lucknow,2019-05-29,1.2,27.99,28.12,175.0,Moderate
Lucknow,2019-05-30,1.24,27.99,26.13,231.0,Poor
Lucknow,2019-05-31,0.92,28.0,23.99,230.0,Poor
Lucknow,2019-06-01,0.88,28.0,22.19,167.0,Moderate
Lucknow,2019-06-02,1.12,27.99,21.19,176.0,Moderate
Lucknow,2019-06-03,1.04,28.02,20.99,184.0,Moderate
Lucknow,2019-06-04,0.91,28.0,22.47,174.0,Moderate
Lucknow,2019-06-05,0.9,28.0,21.32,195.0,Moderate
Lucknow,2019-06-06,0.9,28.0,20.87,205.0,Poor
Lucknow,2019-06-07,0.77,28.0,21.55,145.0,Moderate
Lucknow,2019-06-08,0.97,28.03,22.05,104.0,Moderate
Lucknow,2019-06-09,0.97,28.0,22.69,151.0,Moderate
Lucknow,2019-06-10,1.0,28.97,21.84,183.0,Moderate
Lucknow,2019-06-11,0.71,29.95,20.28,173.0,Moderate
Lucknow,2019-06-12,0.93,30.02,20.82,144.0,Moderate
Lucknow,2019-06-13,0.9,30.03,21.79,162.0,Moderate
Lucknow,2019-06-14,0.93,29.99,20.54,202.0,Poor
Lucknow,2019-06-15,0.84,29.98,23.81,225.0,Poor
Lucknow,2019-06-16,0.74,30.0,21.13,199.0,Moderate
Lucknow,2019-06-17,0.84,30.0,18.65,113.0,Moderate
Lucknow,2019-06-18,1.04,30.02,26.68,114.0,Moderate
Lucknow,2019-06-19,1.26,30.01,23.5,160.0,Moderate
Lucknow,2019-06-20,1.18,29.99,22.01,138.0,Moderate
Lucknow,2019-06-21,1.43,30.02,24.04,164.0,Moderate
Lucknow,2019-06-22,1.04,27.14,25.72,207.0,Poor
Lucknow,2019-06-23,1.02,46.39,26.77,112.0,Moderate
Lucknow,2019-06-24,1.15,34.79,31.43,115.0,Moderate
Lucknow,2019-06-25,1.26,31.32,27.36,151.0,Moderate
Lucknow,2019-06-26,1.14,40.93,33.25,143.0,Moderate
Lucknow,2019-06-27,1.06,27.3,30.24,161.0,Moderate
Lucknow,2019-06-28,1.07,8.49,26.47,199.0,Moderate
Lucknow,2019-06-29,1.23,15.11,26.17,226.0,Poor
Lucknow,2019-06-30,1.17,14.03,21.59,239.0,Poor
Lucknow,2019-07-01,1.1,17.44,20.34,124.0,Moderate
Lucknow,2019-07-02,1.24,16.97,20.45,172.0,Moderate
Lucknow,2019-07-03,1.08,7.48,20.67,104.0,Moderate
Lucknow,2019-07-04,1.04,16.65,22.68,94.0,Satisfactory
Lucknow,2019-07-05,1.57,12.51,28.71,98.0,Satisfactory
Lucknow,2019-07-06,1.23,10.55,28.67,105.0,Moderate
Lucknow,2019-07-07,1.35,16.89,28.66,107.0,Moderate
Lucknow,2019-07-08,1.38,24.09,26.64,104.0,Moderate
Lucknow,2019-07-09,1.14,20.63,26.16,80.0,Satisfactory
Lucknow,2019-07-10,1.26,24.23,25.66,90.0,Satisfactory
Lucknow,2019-07-11,1.06,21.25,27.09,92.0,Satisfactory
Lucknow,2019-07-12,1.22,24.89,28.82,91.0,Satisfactory
Lucknow,2019-07-13,1.28,14.08,22.37,95.0,Satisfactory
Lucknow,2019-07-14,1.11,12.2,22.05,84.0,Satisfactory
Lucknow,2019-07-15,1.37,11.71,23.03,114.0,Moderate
Lucknow,2019-07-16,1.05,11.05,24.0,78.0,Satisfactory
Lucknow,2019-07-17,0.89,10.92,23.89,102.0,Moderate
Lucknow,2019-07-18,0.88,10.56,25.97,88.0,Satisfactory
Lucknow,2019-07-19,1.0,10.43,24.98,103.0,Moderate
Lucknow,2019-07-20,0.82,10.82,24.47,112.0,Moderate
Lucknow,2019-07-21,0.79,12.23,23.01,86.0,Satisfactory
Lucknow,2019-07-22,1.0,10.91,22.39,81.0,Satisfactory
Lucknow,2019-07-23,0.93,10.57,21.66,86.0,Satisfactory
Lucknow,2019-07-24,0.92,10.27,23.2,78.0,Satisfactory
Lucknow,2019-07-25,0.89,9.59,22.15,72.0,Satisfactory
Lucknow,2019-07-26,0.83,9.43,19.05,79.0,Satisfactory
Lucknow,2019-07-27,0.8,11.41,19.92,67.0,Satisfactory
Lucknow,2019-07-28,1.12,11.46,17.69,95.0,Satisfactory
Lucknow,2019-07-29,0.96,11.11,17.66,80.0,Satisfactory
Lucknow,2019-07-30,1.05,10.88,19.71,75.0,Satisfactory
Lucknow,2019-07-31,1.31,11.2,17.66,91.0,Satisfactory
Lucknow,2019-08-01,1.16,11.31,20.03,91.0,Satisfactory
Lucknow,2019-08-02,1.13,11.4,19.13,145.0,Moderate
Lucknow,2019-08-03,1.06,9.74,18.09,108.0,Moderate
Lucknow,2019-08-04,1.13,9.68,19.88,108.0,Moderate
Lucknow,2019-08-05,1.36,11.18,21.92,103.0,Moderate
Lucknow,2019-08-06,1.21,7.69,17.34,86.0,Satisfactory
Lucknow,2019-08-07,1.62,7.49,17.16,98.0,Satisfactory
Lucknow,2019-08-08,1.59,11.33,21.18,107.0,Moderate
Lucknow,2019-08-09,1.4,8.11,17.36,94.0,Satisfactory
Lucknow,2019-08-10,1.8,6.67,18.28,92.0,Satisfactory
Lucknow,2019-08-11,1.78,8.41,19.76,100.0,Satisfactory
Lucknow,2019-08-12,2.37,9.51,21.88,103.0,Moderate
Lucknow,2019-08-13,2.77,14.01,20.51,116.0,Moderate
Lucknow,2019-08-14,2.01,11.14,19.63,105.0,Moderate
Lucknow,2019-08-15,1.08,11.24,19.13,83.0,Satisfactory
Lucknow,2019-08-16,1.29,9.93,19.0,81.0,Satisfactory
Lucknow,2019-08-17,1.1,8.33,18.33,60.0,Satisfactory
Lucknow,2019-08-18,1.0,9.37,21.17,64.0,Satisfactory
Lucknow,2019-08-19,1.07,9.56,22.21,69.0,Satisfactory
Lucknow,2019-08-20,1.13,7.73,21.78,80.0,Satisfactory
Lucknow,2019-08-21,1.08,40.16,30.85,74.0,Satisfactory
Lucknow,2019-08-22,1.11,9.24,18.5,78.0,Satisfactory
Lucknow,2019-08-23,1.13,7.21,19.81,72.0,Satisfactory
Lucknow,2019-08-24,0.97,5.31,17.83,78.0,Satisfactory
Lucknow,2019-08-25,0.78,4.16,15.28,74.0,Satisfactory
Lucknow,2019-08-26,0.98,6.01,19.25,66.0,Satisfactory
Lucknow,2019-08-27,1.03,11.7,24.37,85.0,Satisfactory
Lucknow,2019-08-28,0.9,14.39,23.64,73.0,Satisfactory
Lucknow,2019-08-29,1.54,13.87,23.51,93.0,Satisfactory
Lucknow,2019-08-30,2.29,29.44,21.34,104.0,Moderate
Lucknow,2019-08-31,2.65,30.65,24.77,110.0,Moderate
Lucknow,2019-09-01,2.51,29.8,26.67,103.0,Moderate
Lucknow,2019-09-02,1.91,29.93,21.93,102.0,Moderate
Lucknow,2019-09-03,0.97,29.65,19.38,85.0,Satisfactory
Lucknow,2019-09-04,0.93,29.66,20.93,73.0,Satisfactory
Lucknow,2019-09-05,1.01,29.64,18.91,72.0,Satisfactory
Lucknow,2019-09-06,1.09,29.6,17.35,75.0,Satisfactory
Lucknow,2019-09-07,1.08,29.59,18.2,73.0,Satisfactory
Lucknow,2019-09-08,1.1,29.6,18.21,63.0,Satisfactory
Lucknow,2019-09-09,0.96,29.61,18.53,67.0,Satisfactory
Lucknow,2019-09-10,1.02,29.6,18.6,74.0,Satisfactory
Lucknow,2019-09-11,1.03,29.65,17.89,76.0,Satisfactory
Lucknow,2019-09-12,1.03,30.15,17.84,92.0,Satisfactory
Lucknow,2019-09-13,1.08,29.67,18.02,95.0,Satisfactory
Lucknow,2019-09-14,0.97,29.58,17.13,77.0,Satisfactory
Lucknow,2019-09-15,0.79,29.61,16.81,81.0,Satisfactory
Lucknow,2019-09-16,0.91,22.78,18.11,69.0,Satisfactory
Lucknow,2019-09-17,0.92,11.37,17.52,69.0,Satisfactory
Lucknow,2019-09-18,1.09,11.58,19.72,81.0,Satisfactory
Lucknow,2019-09-19,1.07,11.65,20.64,72.0,Satisfactory
Lucknow,2019-09-20,1.01,11.25,22.21,86.0,Satisfactory
Lucknow,2019-09-21,0.95,11.43,22.11,89.0,Satisfactory
Lucknow,2019-09-22,0.97,11.36,21.21,81.0,Satisfactory
Lucknow,2019-09-23,0.93,10.77,21.38,72.0,Satisfactory
Lucknow,2019-09-24,1.03,2.88,22.6,85.0,Satisfactory
Lucknow,2019-09-25,1.09,2.06,20.5,92.0,Satisfactory
Lucknow,2019-09-26,0.91,2.02,18.64,70.0,Satisfactory
Lucknow,2019-09-27,0.97,4.87,18.32,67.0,Satisfactory
Lucknow,2019-09-28,0.84,22.98,16.9,54.0,Satisfactory
Lucknow,2019-09-29,0.67,40.1,16.65,52.0,Satisfactory
Lucknow,2019-09-30,0.78,40.69,21.12,52.0,Satisfactory
Lucknow,2019-10-01,0.97,41.04,23.71,65.0,Satisfactory
Lucknow,2019-10-02,0.81,40.73,22.62,66.0,Satisfactory
Lucknow,2019-10-03,1.12,40.43,21.23,76.0,Satisfactory
Lucknow,2019-10-04,1.35,38.64,21.78,91.0,Satisfactory
Lucknow,2019-10-05,1.23,35.5,20.84,104.0,Moderate
Lucknow,2019-10-06,1.19,35.63,25.5,126.0,Moderate
Lucknow,2019-10-07,1.18,35.3,29.57,146.0,Moderate
Lucknow,2019-10-08,1.18,35.79,28.62,167.0,Moderate
Lucknow,2019-10-09,1.36,36.06,25.94,197.0,Moderate
Lucknow,2019-10-10,1.38,38.89,30.13,149.0,Moderate
Lucknow,2019-10-11,1.48,39.94,37.12,160.0,Moderate
Lucknow,2019-10-12,1.16,39.75,33.32,162.0,Moderate
Lucknow,2019-10-13,1.08,41.7,34.97,160.0,Moderate
Lucknow,2019-10-14,1.1,38.21,35.65,208.0,Poor
Lucknow,2019-10-15,1.12,35.69,30.27,198.0,Moderate
Lucknow,2019-10-16,1.27,39.51,29.76,198.0,Moderate
Lucknow,2019-10-17,1.32,44.14,32.92,222.0,Poor
Lucknow,2019-10-18,1.36,45.85,38.47,226.0,Poor
Lucknow,2019-10-19,1.37,43.12,45.03,210.0,Poor
Lucknow,2019-10-20,1.36,42.82,36.05,260.0,Poor
Lucknow,2019-10-21,1.19,43.0,36.43,301.0,Very Poor
Lucknow,2019-10-22,1.19,47.67,48.15,288.0,Poor
Lucknow,2019-10-23,1.19,29.83,56.8,280.0,Poor
Lucknow,2019-10-24,1.24,30.03,58.47,293.0,Poor
Lucknow,2019-10-25,1.02,30.86,38.17,235.0,Poor
Lucknow,2019-10-26,1.32,33.08,62.62,180.0,Moderate
Lucknow,2019-10-27,0.99,31.94,64.36,193.0,Moderate
Lucknow,2019-10-28,1.42,33.4,67.87,356.0,Very Poor
Lucknow,2019-10-29,1.22,31.7,68.2,356.0,Very Poor
Lucknow,2019-10-30,1.28,31.26,61.6,330.0,Very Poor
Lucknow,2019-10-31,1.16,18.85,80.61,364.0,Very Poor
Lucknow,2019-11-01,1.33,10.4,81.36,383.0,Very Poor
Lucknow,2019-11-02,1.22,10.28,94.87,428.0,Severe
Lucknow,2019-11-03,0.73,10.16,67.88,431.0,Severe
Lucknow,2019-11-04,0.99,9.83,55.83,453.0,Severe
Lucknow,2019-11-05,0.84,9.16,49.05,455.0,Severe
Lucknow,2019-11-06,0.93,11.19,57.36,353.0,Very Poor
Lucknow,2019-11-07,1.33,17.31,72.7,369.0,Very Poor
Lucknow,2019-11-08,1.27,16.35,66.58,362.0,Very Poor
Lucknow,2019-11-09,1.18,29.8,60.77,332.0,Very Poor
Lucknow,2019-11-10,1.53,29.81,44.77,265.0,Poor
Lucknow,2019-11-11,1.63,11.61,39.5,245.0,Poor
Lucknow,2019-11-12,1.56,11.77,49.0,307.0,Very Poor
Lucknow,2019-11-13,2.1,11.76,58.81,362.0,Very Poor
Lucknow,2019-11-14,1.31,24.54,66.02,357.0,Very Poor
Lucknow,2019-11-15,1.66,39.62,56.97,342.0,Very Poor
Lucknow,2019-11-16,1.42,36.21,57.04,326.0,Very Poor
Lucknow,2019-11-17,0.89,26.29,45.35,289.0,Poor
Lucknow,2019-11-18,1.56,26.39,42.48,187.0,Moderate
Lucknow,2019-11-19,1.56,26.34,54.57,225.0,Poor
Lucknow,2019-11-20,1.54,26.4,46.02,300.0,Poor
Lucknow,2019-11-21,1.14,26.36,49.1,330.0,Very Poor
Lucknow,2019-11-22,1.05,26.31,54.4,327.0,Very Poor
Lucknow,2019-11-23,1.26,26.35,48.49,330.0,Very Poor
Lucknow,2019-11-24,0.79,24.44,42.33,292.0,Poor
Lucknow,2019-11-25,1.13,20.29,63.58,276.0,Poor
Lucknow,2019-11-26,1.63,20.32,76.96,365.0,Very Poor
Lucknow,2019-11-27,1.32,20.42,46.79,373.0,Very Poor
Lucknow,2019-11-28,1.09,20.42,37.0,377.0,Very Poor
Lucknow,2019-11-29,1.15,21.75,34.38,262.0,Poor
Lucknow,2019-11-30,1.06,30.11,35.81,178.0,Moderate
Lucknow,2019-12-01,1.22,30.13,32.7,207.0,Poor
Lucknow,2019-12-02,1.42,30.12,38.19,246.0,Poor
Lucknow,2019-12-03,1.82,30.12,39.7,275.0,Poor
Lucknow,2019-12-04,2.1,30.11,56.83,291.0,Poor
Lucknow,2019-12-05,0.95,30.11,71.21,340.0,Very Poor
Lucknow,2019-12-06,1.02,30.11,59.47,362.0,Very Poor
Lucknow,2019-12-07,1.18,30.11,56.84,343.0,Very Poor
Lucknow,2019-12-08,1.12,30.12,53.69,352.0,Very Poor
Lucknow,2019-12-09,1.3,30.99,53.29,308.0,Very Poor
Lucknow,2019-12-10,1.9,33.57,56.73,314.0,Very Poor
Lucknow,2019-12-11,1.82,22.01,87.6,361.0,Very Poor
Lucknow,2019-12-12,1.24,5.25,81.37,348.0,Very Poor
Lucknow,2019-12-13,1.08,1.46,17.29,304.0,Very Poor
Lucknow,2019-12-14,1.18,1.39,15.38,147.0,Moderate
Lucknow,2019-12-15,1.25,1.35,19.78,126.0,Moderate
Lucknow,2019-12-16,1.69,1.11,18.23,153.0,Moderate
Lucknow,2019-12-17,1.76,1.14,10.94,164.0,Moderate
Lucknow,2019-12-18,1.93,1.11,12.47,170.0,Moderate
Lucknow,2019-12-19,1.35,1.18,19.67,251.0,Poor
Lucknow,2019-12-20,1.86,1.41,30.62,323.0,Very Poor
Lucknow,2019-12-21,1.89,1.41,42.09,366.0,Very Poor
Lucknow,2019-12-22,1.73,1.07,30.53,365.0,Very Poor
Lucknow,2019-12-23,1.56,1.27,19.6,306.0,Very Poor
Lucknow,2019-12-24,1.52,7.9,19.94,315.0,Very Poor
Lucknow,2019-12-25,1.63,15.24,18.74,307.0,Very Poor
Lucknow,2019-12-26,1.06,12.86,33.24,327.0,Very Poor
Lucknow,2019-12-27,1.11,13.63,74.98,326.0,Very Poor
Lucknow,2019-12-28,1.53,32.89,82.19,352.0,Very Poor
Lucknow,2019-12-29,1.18,32.73,76.29,339.0,Very Poor
Lucknow,2019-12-30,1.23,32.46,59.32,320.0,Very Poor
Lucknow,2019-12-31,1.91,33.48,92.38,350.0,Very Poor
Lucknow,2020-01-01,2.35,34.45,86.74,442.0,Severe
Lucknow,2020-01-02,2.5,32.23,83.43,361.0,Very Poor
Lucknow,2020-01-03,1.38,31.45,80.79,313.0,Very Poor
Lucknow,2020-01-04,1.9,31.48,76.78,245.0,Poor
Lucknow,2020-01-05,1.52,31.03,67.26,210.0,Poor
Lucknow,2020-01-06,2.35,31.18,70.42,262.0,Poor
Lucknow,2020-01-07,1.45,29.93,104.77,308.0,Very Poor
Lucknow,2020-01-08,1.18,40.88,77.03,344.0,Very Poor
Lucknow,2020-01-09,1.15,40.71,50.72,247.0,Poor
Lucknow,2020-01-10,1.38,40.46,46.27,198.0,Moderate
Lucknow,2020-01-11,1.52,40.51,79.2,281.0,Poor
Lucknow,2020-01-12,1.76,42.74,86.61,377.0,Very Poor
Lucknow,2020-01-13,1.23,41.06,56.48,377.0,Very Poor
Lucknow,2020-01-14,1.85,40.18,82.31,323.0,Very Poor
Lucknow,2020-01-15,2.24,40.33,97.65,354.0,Very Poor
Lucknow,2020-01-16,1.59,34.82,49.16,294.0,Poor
Lucknow,2020-01-17,1.86,19.96,61.42,122.0,Moderate
Lucknow,2020-01-18,1.45,19.93,56.21,161.0,Moderate
Lucknow,2020-01-19,1.37,19.94,55.46,138.0,Moderate
Lucknow,2020-01-20,1.42,20.06,56.48,191.0,Moderate
Lucknow,2020-01-21,1.32,14.85,81.18,256.0,Poor
Lucknow,2020-01-22,1.74,5.77,73.59,356.0,Very Poor
Lucknow,2020-01-23,1.07,5.77,45.54,249.0,Poor
Lucknow,2020-01-24,1.45,5.95,53.63,156.0,Moderate
Lucknow,2020-01-25,1.68,5.5,77.48,267.0,Poor
Lucknow,2020-01-26,2.25,5.98,80.18,303.0,Very Poor
Lucknow,2020-01-27,2.12,6.5,84.52,337.0,Very Poor
Lucknow,2020-01-28,1.88,7.92,48.86,325.0,Very Poor
Lucknow,2020-01-29,1.92,9.95,28.59,313.0,Very Poor
Lucknow,2020-01-30,2.45,20.06,36.79,195.0,Moderate
Lucknow,2020-01-31,2.82,19.99,45.07,147.0,Moderate
Lucknow,2020-02-01,2.29,16.46,47.88,224.0,Poor
Lucknow,2020-02-02,1.62,20.38,41.78,216.0,Poor
Lucknow,2020-02-03,1.75,22.34,54.62,239.0,Poor
Lucknow,2020-02-04,2.51,24.97,65.73,307.0,Very Poor
Lucknow,2020-02-05,1.67,22.44,42.87,278.0,Poor
Lucknow,2020-02-06,1.71,0.1,44.36,230.0,Poor
Lucknow,2020-02-07,1.38,21.38,45.01,309.0,Very Poor
Lucknow,2020-02-08,1.33,19.08,53.58,248.0,Poor
Lucknow,2020-02-09,1.41,6.17,77.57,272.0,Poor
Lucknow,2020-02-10,1.29,10.26,69.99,275.0,Poor
Lucknow,2020-02-11,1.53,11.12,65.86,267.0,Poor
Lucknow,2020-02-12,1.1,9.13,55.38,253.0,Poor
Lucknow,2020-02-13,1.02,11.8,47.2,244.0,Poor
Lucknow,2020-02-14,0.84,1.28,31.79,192.0,Moderate
Lucknow,2020-02-15,1.03,3.24,37.93,214.0,Poor
Lucknow,2020-02-16,1.18,6.78,53.08,209.0,Poor
Lucknow,2020-02-17,1.14,5.3,47.02,283.0,Poor
Lucknow,2020-02-18,0.96,2.11,38.99,232.0,Poor
Lucknow,2020-02-19,1.25,9.8,64.63,249.0,Poor
Lucknow,2020-02-21,1.06,0.04,15.99,198.0,Moderate
Lucknow,2020-02-24,1.36,1.8,35.17,222.0,Poor
Lucknow,2020-02-25,1.17,1.65,20.95,167.0,Moderate
Lucknow,2020-02-26,1.24,4.66,32.74,97.0,Satisfactory
Lucknow,2020-02-27,1.28,8.96,35.33,92.0,Satisfactory
Lucknow,2020-02-28,1.29,12.93,44.43,116.0,Moderate
Lucknow,2020-02-29,1.35,12.63,40.11,147.0,Moderate
Lucknow,2020-03-01,1.25,15.5,34.18,148.0,Moderate
Lucknow,2020-03-02,1.19,14.87,41.53,136.0,Moderate
Lucknow,2020-03-03,1.12,15.3,41.29,144.0,Moderate
Lucknow,2020-03-04,1.1,11.65,45.89,191.0,Moderate
Lucknow,2020-03-05,1.1,12.64,33.11,182.0,Moderate
Lucknow,2020-03-06,1.08,15.18,23.29,125.0,Moderate
Lucknow,2020-03-07,1.18,16.95,20.67,80.0,Satisfactory
Lucknow,2020-03-08,1.08,16.71,24.5,91.0,Satisfactory
Lucknow,2020-03-09,1.1,18.02,25.74,128.0,Moderate
Lucknow,2020-03-10,1.12,16.31,27.43,163.0,Moderate
Lucknow,2020-03-11,1.1,14.84,31.13,165.0,Moderate
Lucknow,2020-03-12,1.09,16.04,30.62,112.0,Moderate
Lucknow,2020-03-13,1.09,16.86,20.47,111.0,Moderate
Lucknow,2020-03-14,1.09,16.44,21.79,74.0,Satisfactory
Lucknow,2020-03-15,1.1,19.62,19.24,96.0,Satisfactory
Lucknow,2020-03-16,1.08,22.2,24.55,86.0,Satisfactory
Lucknow,2020-03-17,1.06,19.38,32.31,134.0,Moderate
Lucknow,2020-03-18,1.03,20.11,29.84,164.0,Moderate
Lucknow,2020-03-19,1.16,18.74,30.95,183.0,Moderate
Lucknow,2020-03-20,1.13,20.46,40.02,252.0,Poor
Lucknow,2020-03-21,1.03,21.94,23.66,219.0,Poor
Lucknow,2020-03-22,1.07,29.94,16.31,128.0,Moderate
Lucknow,2020-03-23,1.05,28.56,13.21,122.0,Moderate
Lucknow,2020-03-24,1.07,28.31,16.12,207.0,Poor
Lucknow,2020-03-25,0.99,32.24,13.21,237.0,Poor
Lucknow,2020-03-26,1.01,37.42,8.3,108.0,Moderate
Lucknow,2020-03-27,1.0,30.36,8.91,77.0,Satisfactory
Lucknow,2020-03-28,1.01,31.79,10.39,73.0,Satisfactory
Lucknow,2020-03-29,0.99,34.24,8.84,64.0,Satisfactory
Lucknow,2020-03-30,1.02,35.48,8.8,69.0,Satisfactory
Lucknow,2020-03-31,1.01,35.37,8.99,85.0,Satisfactory
Lucknow,2020-04-01,0.99,33.27,18.07,116.0,Moderate
Lucknow,2020-04-02,0.96,34.96,10.05,115.0,Moderate
Lucknow,2020-04-03,0.97,36.08,11.08,81.0,Satisfactory
Lucknow,2020-04-04,0.99,37.7,10.56,71.0,Satisfactory
Lucknow,2020-04-05,0.99,36.13,12.55,91.0,Satisfactory
Lucknow,2020-04-06,0.99,37.59,11.21,90.0,Satisfactory
Lucknow,2020-04-07,0.98,38.46,12.09,75.0,Satisfactory
Lucknow,2020-04-08,1.01,34.95,17.44,77.0,Satisfactory
Lucknow,2020-04-09,0.92,38.71,12.21,94.0,Satisfactory
Lucknow,2020-04-10,1.0,38.32,15.51,81.0,Satisfactory
Lucknow,2020-04-11,0.99,34.8,21.42,121.0,Moderate
Lucknow,2020-04-12,0.98,33.83,17.93,151.0,Moderate
Lucknow,2020-04-13,1.04,35.08,21.13,93.0,Satisfactory
Lucknow,2020-04-14,0.88,15.29,25.73,157.0,Moderate
Lucknow,2020-04-15,0.91,5.98,20.53,138.0,Moderate
Lucknow,2020-04-16,0.87,5.71,21.96,160.0,Moderate
Lucknow,2020-04-17,0.99,5.43,25.3,211.0,Poor
Lucknow,2020-04-18,1.04,38.46,16.42,140.0,Moderate
Lucknow,2020-04-19,1.07,37.37,19.31,125.0,Moderate
Lucknow,2020-04-20,1.03,42.2,14.48,91.0,Satisfactory
Lucknow,2020-04-21,1.0,43.96,13.5,81.0,Satisfactory
Lucknow,2020-04-22,1.0,41.15,16.38,84.0,Satisfactory
Lucknow,2020-04-23,1.05,37.14,23.71,112.0,Moderate
Lucknow,2020-04-24,1.02,41.4,15.6,142.0,Moderate
Lucknow,2020-04-25,1.05,30.69,16.97,120.0,Moderate
Lucknow,2020-04-26,1.0,35.06,10.89,95.0,Satisfactory
Lucknow,2020-04-27,0.96,32.95,12.94,69.0,Satisfactory
Lucknow,2020-04-28,0.98,33.89,12.78,64.0,Satisfactory
Lucknow,2020-04-29,1.0,31.81,13.74,74.0,Satisfactory
Lucknow,2020-04-30,0.98,32.67,15.08,83.0,Satisfactory
Lucknow,2020-05-01,1.0,33.17,11.85,82.0,Satisfactory
Lucknow,2020-05-02,1.01,34.3,11.21,67.0,Satisfactory
Lucknow,2020-05-03,1.0,34.11,11.84,63.0,Satisfactory
Lucknow,2020-05-04,1.07,30.26,15.63,73.0,Satisfactory
Lucknow,2020-05-05,0.99,20.34,13.75,83.0,Satisfactory
Lucknow,2020-05-06,0.87,9.1,14.18,64.0,Satisfactory
Lucknow,2020-05-07,0.85,8.23,13.8,73.0,Satisfactory
Lucknow,2020-05-08,0.82,8.04,14.74,77.0,Satisfactory
Lucknow,2020-05-09,0.88,8.07,12.32,103.0,Moderate
Lucknow,2020-05-10,0.88,8.05,8.97,122.0,Moderate
Lucknow,2020-05-11,0.87,8.55,12.38,140.0,Moderate
Lucknow,2020-05-12,0.81,8.77,12.95,106.0,Moderate
Lucknow,2020-05-13,0.88,8.41,16.64,143.0,Moderate
Lucknow,2020-05-14,0.92,8.89,14.28,107.0,Moderate
Lucknow,2020-05-15,0.83,8.48,19.73,142.0,Moderate
Lucknow,2020-05-16,0.82,7.69,18.53,143.0,Moderate
Lucknow,2020-05-17,0.89,9.51,22.86,107.0,Moderate
Lucknow,2020-05-18,0.83,10.84,22.77,151.0,Moderate
Lucknow,2020-05-19,0.87,9.53,23.51,113.0,Moderate
Lucknow,2020-05-20,0.81,9.58,15.03,209.0,Poor
Lucknow,2020-05-21,0.83,8.37,13.77,152.0,Moderate
Lucknow,2020-05-22,1.01,10.46,14.57,158.0,Moderate
Lucknow,2020-05-23,1.14,11.72,9.61,164.0,Moderate
Lucknow,2020-05-24,1.33,16.12,17.58,134.0,Moderate
Lucknow,2020-05-25,1.1,15.04,18.61,173.0,Moderate
Lucknow,2020-05-26,1.17,14.73,18.97,147.0,Moderate
Lucknow,2020-05-27,1.18,13.64,14.3,205.0,Poor
Lucknow,2020-05-28,1.02,9.01,8.42,135.0,Moderate
Lucknow,2020-05-29,1.08,9.63,9.2,78.0,Satisfactory
Lucknow,2020-05-30,1.24,11.72,11.29,97.0,Satisfactory
Lucknow,2020-05-31,1.15,10.74,12.38,81.0,Satisfactory
Lucknow,2020-06-01,1.19,14.06,14.45,85.0,Satisfactory
Lucknow,2020-06-02,1.07,15.72,16.23,99.0,Satisfactory
Lucknow,2020-06-03,1.13,18.26,18.09,110.0,Moderate
Lucknow,2020-06-04,1.09,17.99,10.59,142.0,Moderate
Lucknow,2020-06-05,1.11,27.53,16.4,100.0,Satisfactory
Lucknow,2020-06-06,1.13,21.37,14.54,84.0,Satisfactory
Lucknow,2020-06-07,1.12,20.11,13.52,70.0,Satisfactory
Lucknow,2020-06-08,1.12,21.85,16.9,77.0,Satisfactory
Lucknow,2020-06-09,1.19,26.99,22.28,148.0,Moderate
Lucknow,2020-06-10,1.13,20.58,15.44,193.0,Moderate
Lucknow,2020-06-11,1.18,19.48,15.07,183.0,Moderate
Lucknow,2020-06-12,1.19,12.06,10.4,166.0,Moderate
Lucknow,2020-06-13,1.06,12.07,10.32,117.0,Moderate
Lucknow,2020-06-14,1.03,11.83,9.22,91.0,Satisfactory
Lucknow,2020-06-15,1.07,11.74,11.68,79.0,Satisfactory
Lucknow,2020-06-16,1.11,11.91,9.35,76.0,Satisfactory
Lucknow,2020-06-17,1.14,11.71,12.42,73.0,Satisfactory
Lucknow,2020-06-18,1.18,11.72,9.99,75.0,Satisfactory
Lucknow,2020-06-19,1.07,11.89,8.1,70.0,Satisfactory
Lucknow,2020-06-20,1.01,11.69,7.85,78.0,Satisfactory
Lucknow,2020-06-21,1.06,11.8,7.92,71.0,Satisfactory
Lucknow,2020-06-22,1.02,11.42,7.97,64.0,Satisfactory
Lucknow,2020-06-23,1.11,11.8,11.73,72.0,Satisfactory
Lucknow,2020-06-24,1.2,11.87,23.96,90.0,Satisfactory
Lucknow,2020-06-25,1.16,11.93,28.99,116.0,Moderate
Lucknow,2020-06-26,0.98,11.9,20.1,81.0,Satisfactory
Lucknow,2020-06-27,0.8,11.63,19.22,74.0,Satisfactory
Lucknow,2020-06-28,0.81,11.68,17.67,77.0,Satisfactory
Lucknow,2020-06-29,0.8,11.63,18.47,65.0,Satisfactory
Lucknow,2020-06-30,0.72,11.79,11.94,69.0,Satisfactory
Lucknow,2020-07-01,0.73,11.75,14.44,76.0,Satisfactory
Mumbai,2019-06-03,1.29,7.21,11.69,81.0,Satisfactory
Mumbai,2019-06-04,0.68,7.47,7.05,66.0,Satisfactory
Mumbai,2019-06-05,0.63,8.87,6.38,64.0,Satisfactory
Mumbai,2019-06-06,0.58,10.61,8.5,65.0,Satisfactory
Mumbai,2019-06-07,0.5,11.13,11.45,72.0,Satisfactory
Mumbai,2019-06-08,0.52,9.55,11.93,77.0,Satisfactory
Mumbai,2019-06-09,0.55,8.39,11.54,86.0,Satisfactory
Mumbai,2019-06-10,0.68,16.2,20.97,87.0,Satisfactory
Mumbai,2019-06-11,0.7,18.1,28.04,90.0,Satisfactory
Mumbai,2019-06-12,0.63,17.14,19.26,71.0,Satisfactory
Mumbai,2019-06-13,0.53,15.49,15.52,61.0,Satisfactory
Mumbai,2019-06-14,0.53,14.05,13.6,69.0,Satisfactory
Mumbai,2019-06-15,0.51,13.96,14.4,62.0,Satisfactory
Mumbai,2019-06-16,0.33,10.25,9.91,58.0,Satisfactory
Mumbai,2019-06-17,0.44,9.36,9.55,60.0,Satisfactory
Mumbai,2019-06-18,0.51,8.75,11.91,65.0,Satisfactory
Mumbai,2019-06-19,0.53,9.6,13.23,61.0,Satisfactory
Mumbai,2019-06-20,0.48,8.91,11.25,80.0,Satisfactory
Mumbai,2019-06-21,0.46,9.47,11.72,82.0,Satisfactory
Mumbai,2019-06-22,0.46,10.41,13.33,84.0,Satisfactory
Mumbai,2019-06-23,0.43,9.22,13.27,90.0,Satisfactory
Mumbai,2019-06-24,0.54,8.51,15.53,92.0,Satisfactory
Mumbai,2019-06-25,0.52,12.19,14.17,71.0,Satisfactory
Mumbai,2019-06-26,0.47,12.07,13.16,63.0,Satisfactory
Mumbai,2019-06-27,0.51,12.66,14.18,60.0,Satisfactory
Mumbai,2019-06-28,0.44,8.71,11.4,59.0,Satisfactory
Mumbai,2019-06-29,0.49,7.86,15.26,63.0,Satisfactory
Mumbai,2019-06-30,0.53,7.93,15.23,59.0,Satisfactory
Mumbai,2019-07-01,0.55,7.62,17.34,59.0,Satisfactory
Mumbai,2019-07-02,0.59,11.71,19.56,61.0,Satisfactory
Mumbai,2019-07-03,0.62,12.88,17.27,67.0,Satisfactory
Mumbai,2019-07-04,0.72,10.29,14.32,68.0,Satisfactory
Mumbai,2019-07-05,0.57,11.0,13.72,84.0,Satisfactory
Mumbai,2019-07-06,0.42,7.73,11.91,57.0,Satisfactory
Mumbai,2019-07-07,0.42,5.74,9.3,76.0,Satisfactory
Mumbai,2019-07-08,0.44,6.49,12.64,84.0,Satisfactory
Mumbai,2019-07-09,0.41,6.16,10.51,61.0,Satisfactory
Mumbai,2019-07-10,0.47,6.27,12.99,59.0,Satisfactory
Mumbai,2019-07-11,0.41,8.24,10.58,67.0,Satisfactory
Mumbai,2019-07-12,0.44,6.75,11.89,72.0,Satisfactory
Mumbai,2019-07-13,0.44,5.61,11.47,63.0,Satisfactory
Mumbai,2019-07-14,0.44,5.43,9.99,65.0,Satisfactory
Mumbai,2019-07-15,0.43,6.57,9.99,66.0,Satisfactory
Mumbai,2019-07-16,0.45,7.03,9.44,66.0,Satisfactory
Mumbai,2019-07-17,0.49,11.05,9.47,69.0,Satisfactory
Mumbai,2019-07-18,0.46,14.42,11.3,70.0,Satisfactory
Mumbai,2019-07-19,0.51,17.49,13.24,77.0,Satisfactory
Mumbai,2019-07-20,0.62,17.58,16.96,78.0,Satisfactory
Mumbai,2019-07-21,0.71,16.54,19.66,79.0,Satisfactory
Mumbai,2019-07-22,0.55,16.04,16.13,64.0,Satisfactory
Mumbai,2019-07-23,0.4,14.29,15.21,55.0,Satisfactory
Mumbai,2019-07-24,0.28,13.52,13.77,51.0,Satisfactory
Mumbai,2019-07-25,0.31,13.69,13.12,56.0,Satisfactory
Mumbai,2019-07-26,0.27,12.09,10.47,59.0,Satisfactory
Mumbai,2019-07-27,0.43,10.02,10.49,56.0,Satisfactory
Mumbai,2019-07-28,0.46,9.87,9.9,61.0,Satisfactory
Mumbai,2019-07-29,0.51,13.77,10.8,65.0,Satisfactory
Mumbai,2019-07-30,0.46,15.65,12.72,58.0,Satisfactory
Mumbai,2019-07-31,0.46,18.33,11.75,56.0,Satisfactory
Mumbai,2019-08-01,0.43,16.59,10.59,58.0,Satisfactory
Mumbai,2019-08-02,0.4,16.34,9.89,56.0,Satisfactory
Mumbai,2019-08-03,0.39,15.24,8.7,49.0,Good
Mumbai,2019-08-04,0.4,12.79,7.87,48.0,Good
Mumbai,2019-08-05,0.42,12.44,9.02,56.0,Satisfactory
Mumbai,2019-08-06,0.44,12.25,9.73,59.0,Satisfactory
Mumbai,2019-08-07,0.43,11.54,9.14,60.0,Satisfactory
Mumbai,2019-08-08,0.44,11.17,9.7,69.0,Satisfactory
Mumbai,2019-08-09,0.43,10.95,8.54,74.0,Satisfactory
Mumbai,2019-08-10,0.41,9.67,7.54,78.0,Satisfactory
Mumbai,2019-08-11,0.43,8.21,7.74,72.0,Satisfactory
Mumbai,2019-08-12,0.45,8.78,7.92,66.0,Satisfactory
Mumbai,2019-08-13,0.54,10.04,10.19,66.0,Satisfactory
Mumbai,2019-08-14,0.57,10.91,12.45,69.0,Satisfactory
Mumbai,2019-08-15,0.53,10.23,10.33,70.0,Satisfactory
Mumbai,2019-08-16,0.52,8.81,9.91,60.0,Satisfactory
Mumbai,2019-08-17,0.52,8.8,9.24,67.0,Satisfactory
Mumbai,2019-08-18,0.55,8.62,8.69,65.0,Satisfactory
Mumbai,2019-08-19,0.54,10.27,9.8,67.0,Satisfactory
Mumbai,2019-08-20,0.51,8.67,11.11,73.0,Satisfactory
Mumbai,2019-08-21,0.52,5.67,11.06,68.0,Satisfactory
Mumbai,2019-08-22,0.55,7.52,10.74,62.0,Satisfactory
Mumbai,2019-08-23,0.6,12.92,11.58,64.0,Satisfactory
Mumbai,2019-08-24,0.58,12.42,10.06,62.0,Satisfactory
Mumbai,2019-08-25,0.69,12.82,11.86,66.0,Satisfactory
Mumbai,2019-08-26,0.64,15.1,11.3,73.0,Satisfactory
Mumbai,2019-08-27,0.35,14.52,10.38,64.0,Satisfactory
Mumbai,2019-08-28,0.46,19.5,9.91,53.0,Satisfactory
Mumbai,2019-08-29,0.66,15.95,10.03,57.0,Satisfactory
Mumbai,2019-08-30,0.67,16.12,10.86,62.0,Satisfactory
Mumbai,2019-08-31,0.63,15.21,11.28,62.0,Satisfactory
Mumbai,2019-09-01,0.65,11.7,10.74,62.0,Satisfactory
Mumbai,2019-09-02,0.71,9.82,9.33,67.0,Satisfactory
Mumbai,2019-09-03,0.64,11.08,11.46,60.0,Satisfactory
Mumbai,2019-09-04,0.62,12.63,12.01,54.0,Satisfactory
Mumbai,2019-09-05,0.6,12.98,10.54,49.0,Good
Mumbai,2019-09-06,0.57,11.7,10.81,47.0,Good
Mumbai,2019-09-07,0.62,10.07,11.97,49.0,Good
Mumbai,2019-09-08,0.67,9.0,13.69,51.0,Satisfactory
Mumbai,2019-09-09,0.57,9.16,12.67,54.0,Satisfactory
Mumbai,2019-09-10,0.39,9.89,12.29,54.0,Satisfactory
Mumbai,2019-09-11,0.52,10.31,13.79,55.0,Satisfactory
Mumbai,2019-09-12,0.44,10.26,12.54,55.0,Satisfactory
Mumbai,2019-09-13,0.54,11.37,13.82,53.0,Satisfactory
Mumbai,2019-09-14,0.46,11.01,12.13,60.0,Satisfactory
Mumbai,2019-09-15,0.62,9.14,17.71,57.0,Satisfactory
Mumbai,2019-09-16,0.57,19.52,13.78,65.0,Satisfactory
Mumbai,2019-09-17,0.59,15.38,12.93,64.0,Satisfactory
Mumbai,2019-09-18,0.8,14.89,17.44,80.0,Satisfactory
Mumbai,2019-09-19,0.83,13.33,30.97,83.0,Satisfactory
Mumbai,2019-09-20,0.75,17.44,21.94,73.0,Satisfactory
Mumbai,2019-09-21,0.47,15.24,16.97,57.0,Satisfactory
Mumbai,2019-09-22,0.45,12.04,15.95,56.0,Satisfactory
Mumbai,2019-09-23,0.55,13.89,13.64,64.0,Satisfactory
Mumbai,2019-09-24,0.57,11.16,12.38,67.0,Satisfactory
Mumbai,2019-09-25,0.67,11.57,22.09,64.0,Satisfactory
Mumbai,2019-09-26,0.67,19.44,19.61,70.0,Satisfactory
Mumbai,2019-09-27,0.39,14.47,12.29,49.0,Good
Mumbai,2019-09-28,0.28,16.88,10.2,40.0,Good
Mumbai,2019-09-29,0.28,12.28,9.67,42.0,Good
Mumbai,2019-09-30,0.32,12.68,9.8,41.0,Good
Mumbai,2019-10-01,0.35,12.79,8.67,50.0,Good
Mumbai,2019-10-02,0.47,14.04,11.75,64.0,Satisfactory
Mumbai,2019-10-03,0.66,13.22,14.41,68.0,Satisfactory
Mumbai,2019-10-04,0.71,13.33,18.88,72.0,Satisfactory
Mumbai,2019-10-05,1.19,17.09,23.52,96.0,Satisfactory
Mumbai,2019-10-06,0.83,14.61,27.19,99.0,Satisfactory
Mumbai,2019-10-07,0.84,14.0,26.69,93.0,Satisfactory
Mumbai,2019-10-08,1.45,12.48,26.33,112.0,Moderate
Mumbai,2019-10-09,1.02,13.27,27.88,90.0,Satisfactory
Mumbai,2019-10-10,0.89,13.7,33.69,89.0,Satisfactory
Mumbai,2019-10-11,1.12,19.65,34.85,118.0,Moderate
Mumbai,2019-10-12,0.83,15.3,32.46,110.0,Moderate
Mumbai,2019-10-13,1.54,13.69,30.6,112.0,Moderate
Mumbai,2019-10-14,0.98,14.9,32.7,117.0,Moderate
Mumbai,2019-10-15,1.15,14.75,33.54,116.0,Moderate
Mumbai,2019-10-16,1.24,15.33,35.06,121.0,Moderate
Mumbai,2019-10-17,1.22,15.51,34.5,135.0,Moderate
Mumbai,2019-10-18,1.19,18.73,35.88,135.0,Moderate
Mumbai,2019-10-19,1.08,19.56,24.93,99.0,Satisfactory
Mumbai,2019-10-20,1.19,21.13,21.0,86.0,Satisfactory
Mumbai,2019-10-21,1.03,19.3,20.24,81.0,Satisfactory
Mumbai,2019-10-22,1.04,15.09,22.87,76.0,Satisfactory
Mumbai,2019-10-23,0.89,16.18,18.52,72.0,Satisfactory
Mumbai,2019-10-24,1.04,17.51,24.2,87.0,Satisfactory
Mumbai,2019-10-25,0.93,16.19,23.05,82.0,Satisfactory
Mumbai,2019-10-26,0.91,15.37,18.86,69.0,Satisfactory
Mumbai,2019-10-27,0.93,19.28,15.53,105.0,Moderate
Mumbai,2019-10-28,0.68,17.58,17.36,92.0,Satisfactory
Mumbai,2019-10-29,0.67,14.21,25.2,113.0,Moderate
Mumbai,2019-10-30,0.83,13.88,25.09,97.0,Satisfactory
Mumbai,2019-10-31,0.8,14.51,26.43,81.0,Satisfactory
Mumbai,2019-11-01,0.65,14.82,25.78,77.0,Satisfactory
Mumbai,2019-11-02,0.64,16.57,23.12,57.0,Satisfactory
Mumbai,2019-11-03,0.72,17.7,23.86,71.0,Satisfactory
Mumbai,2019-11-04,0.84,13.52,26.02,78.0,Satisfactory
Mumbai,2019-11-05,0.85,14.93,30.58,79.0,Satisfactory
Mumbai,2019-11-06,1.01,15.25,37.21,105.0,Moderate
Mumbai,2019-11-07,0.61,13.56,20.79,84.0,Satisfactory
Mumbai,2019-11-08,0.61,11.76,22.57,57.0,Satisfactory
Mumbai,2019-11-09,0.8,13.91,31.47,82.0,Satisfactory
Mumbai,2019-11-10,1.02,13.09,30.33,97.0,Satisfactory
Mumbai,2019-11-11,1.12,13.54,39.04,108.0,Moderate
Mumbai,2019-11-12,1.21,15.99,42.53,134.0,Moderate
Mumbai,2019-11-13,1.03,17.01,47.12,140.0,Moderate
Mumbai,2019-11-14,0.79,17.78,45.44,128.0,Moderate
Mumbai,2019-11-15,0.88,18.87,48.03,131.0,Moderate
Mumbai,2019-11-16,0.86,19.51,42.82,149.0,Moderate
Mumbai,2019-11-17,0.93,17.79,35.4,149.0,Moderate
Mumbai,2019-11-18,0.89,16.91,41.1,140.0,Moderate
Mumbai,2019-11-19,1.17,16.51,52.54,184.0,Moderate
Mumbai,2019-11-20,1.22,19.47,51.64,209.0,Poor
Mumbai,2019-11-21,1.16,20.64,49.5,209.0,Poor
Mumbai,2019-11-22,1.07,19.7,47.1,208.0,Poor
Mumbai,2019-11-23,1.08,18.22,42.15,184.0,Moderate
Mumbai,2019-11-24,0.98,16.35,41.2,176.0,Moderate
Mumbai,2019-11-25,1.06,16.88,44.9,190.0,Moderate
Mumbai,2019-11-26,1.07,16.93,47.23,193.0,Moderate
Mumbai,2019-11-27,0.94,17.02,40.31,173.0,Moderate
Mumbai,2019-11-28,1.1,19.14,49.86,146.0,Moderate
Mumbai,2019-11-29,1.21,19.31,43.02,163.0,Moderate
Mumbai,2019-11-30,1.05,18.8,44.13,186.0,Moderate
Mumbai,2019-12-01,1.27,18.47,40.69,212.0,Poor
Mumbai,2019-12-02,1.02,17.11,36.01,174.0,Moderate
Mumbai,2019-12-03,0.93,18.28,33.4,115.0,Moderate
Mumbai,2019-12-04,0.89,18.07,33.59,99.0,Satisfactory
Mumbai,2019-12-05,1.01,34.63,36.28,111.0,Moderate
Mumbai,2019-12-06,1.0,21.47,37.76,180.0,Moderate
Mumbai,2019-12-07,0.96,19.52,42.12,154.0,Moderate
Mumbai,2019-12-08,1.05,18.82,43.61,174.0,Moderate
Mumbai,2019-12-09,1.14,18.14,42.56,205.0,Poor
Mumbai,2019-12-10,1.22,20.61,46.79,171.0,Moderate
Mumbai,2019-12-11,1.29,21.34,44.51,198.0,Moderate
Mumbai,2019-12-12,1.32,19.77,41.68,229.0,Poor
Mumbai,2019-12-13,1.02,17.73,39.02,203.0,Poor
Mumbai,2019-12-14,0.99,16.16,36.34,110.0,Moderate
Mumbai,2019-12-15,1.15,15.63,40.24,128.0,Moderate
Mumbai,2019-12-16,1.34,16.79,39.26,180.0,Moderate
Mumbai,2019-12-17,1.18,17.29,37.31,191.0,Moderate
Mumbai,2019-12-18,0.92,17.01,37.22,164.0,Moderate
Mumbai,2019-12-19,0.98,17.47,38.8,164.0,Moderate
Mumbai,2019-12-20,1.14,18.38,49.03,187.0,Moderate
Mumbai,2019-12-21,1.25,18.72,45.96,212.0,Poor
Mumbai,2019-12-22,1.21,19.23,41.58,225.0,Poor
Mumbai,2019-12-23,1.18,20.09,37.77,214.0,Poor
Mumbai,2019-12-24,1.28,23.81,46.54,250.0,Poor
Mumbai,2019-12-25,1.26,23.2,44.73,283.0,Poor
Mumbai,2019-12-26,0.98,21.21,34.22,268.0,Poor
Mumbai,2019-12-27,1.02,19.47,39.77,184.0,Moderate
Mumbai,2019-12-28,0.98,18.35,35.86,167.0,Moderate
Mumbai,2019-12-29,0.98,18.59,36.07,160.0,Moderate
Mumbai,2019-12-30,1.03,18.84,36.03,181.0,Moderate
Mumbai,2019-12-31,0.82,15.52,37.46,159.0,Moderate
Mumbai,2020-01-01,1.22,15.69,46.39,194.0,Moderate
Mumbai,2020-01-02,1.02,16.86,41.14,260.0,Poor
Mumbai,2020-01-03,0.97,15.47,40.42,221.0,Poor
Mumbai,2020-01-04,0.96,15.1,39.68,225.0,Poor
Mumbai,2020-01-05,1.1,16.3,39.93,229.0,Poor
Mumbai,2020-01-06,1.01,18.3,38.91,157.0,Moderate
Mumbai,2020-01-07,1.29,21.67,42.33,177.0,Moderate
Mumbai,2020-01-08,0.89,18.76,29.07,166.0,Moderate
Mumbai,2020-01-09,0.85,15.59,38.98,122.0,Moderate
Mumbai,2020-01-10,0.93,14.29,43.01,127.0,Moderate
Mumbai,2020-01-11,1.08,22.54,43.56,151.0,Moderate
Mumbai,2020-01-12,1.47,26.77,38.02,211.0,Poor
Mumbai,2020-01-13,0.84,23.91,29.65,178.0,Moderate
Mumbai,2020-01-14,0.7,18.73,26.54,100.0,Satisfactory
Mumbai,2020-01-15,0.65,15.37,30.43,97.0,Satisfactory
Mumbai,2020-01-16,0.66,16.18,31.54,90.0,Satisfactory
Mumbai,2020-01-17,0.68,15.45,41.19,93.0,Satisfactory
Mumbai,2020-01-18,0.98,18.35,55.99,160.0,Moderate
Mumbai,2020-01-19,1.12,20.81,48.29,213.0,Poor
Mumbai,2020-01-20,1.3,22.7,47.23,205.0,Poor
Mumbai,2020-01-21,1.58,23.11,44.95,227.0,Poor
Mumbai,2020-01-22,1.49,22.24,42.07,192.0,Moderate
Mumbai,2020-01-23,1.24,22.07,44.52,196.0,Moderate
Mumbai,2020-01-24,1.17,20.89,40.8,172.0,Moderate
Mumbai,2020-01-25,1.32,22.38,43.88,182.0,Moderate
Mumbai,2020-01-26,1.4,22.89,43.92,253.0,Poor
Mumbai,2020-01-27,0.76,22.26,29.0,183.0,Moderate
Mumbai,2020-01-28,0.64,19.6,21.6,94.0,Satisfactory
Mumbai,2020-01-29,0.56,16.2,22.88,85.0,Satisfactory
Mumbai,2020-01-30,0.84,17.89,38.17,123.0,Moderate
Mumbai,2020-01-31,1.03,18.82,43.82,145.0,Moderate
Mumbai,2020-02-01,1.12,19.18,46.68,154.0,Moderate
Mumbai,2020-02-02,1.31,22.59,38.05,183.0,Moderate
Mumbai,2020-02-03,1.28,23.47,35.54,192.0,Moderate
Mumbai,2020-02-04,0.77,21.14,40.07,178.0,Moderate
Mumbai,2020-02-05,0.96,20.72,47.47,151.0,Moderate
Mumbai,2020-02-06,0.87,21.09,36.64,138.0,Moderate
Mumbai,2020-02-07,0.9,20.77,39.96,129.0,Moderate
Mumbai,2020-02-08,1.0,21.46,39.85,133.0,Moderate
Mumbai,2020-02-09,1.03,20.06,31.18,142.0,Moderate
Mumbai,2020-02-10,0.93,18.16,36.19,134.0,Moderate
Mumbai,2020-02-11,1.05,19.31,38.82,130.0,Moderate
Mumbai,2020-02-12,1.1,19.98,48.17,136.0,Moderate
Mumbai,2020-02-13,1.11,20.6,52.26,144.0,Moderate
Mumbai,2020-02-14,0.87,19.47,48.61,141.0,Moderate
Mumbai,2020-02-15,0.88,19.77,45.62,141.0,Moderate
Mumbai,2020-02-16,0.95,18.7,47.33,147.0,Moderate
Mumbai,2020-02-17,1.3,21.74,54.75,234.0,Poor
Mumbai,2020-02-18,1.25,23.17,61.16,217.0,Poor
Mumbai,2020-02-19,1.32,30.49,59.13,224.0,Poor
Mumbai,2020-02-20,1.0,23.47,46.33,175.0,Moderate
Mumbai,2020-02-21,0.75,23.77,35.82,110.0,Moderate
Mumbai,2020-02-22,0.97,21.75,53.25,121.0,Moderate
Mumbai,2020-02-23,1.19,21.11,57.94,185.0,Moderate
Mumbai,2020-02-24,1.22,21.9,56.76,176.0,Moderate
Mumbai,2020-02-25,0.95,20.22,49.44,170.0,Moderate
Mumbai,2020-02-26,0.75,21.45,50.32,130.0,Moderate
Mumbai,2020-02-27,0.92,23.77,57.91,136.0,Moderate
Mumbai,2020-02-28,1.37,23.88,71.94,173.0,Moderate
Mumbai,2020-02-29,1.24,26.05,58.47,193.0,Moderate
Mumbai,2020-03-01,0.65,28.59,32.11,125.0,Moderate
Mumbai,2020-03-02,0.77,21.12,28.46,123.0,Moderate
Mumbai,2020-03-03,0.46,21.76,26.55,127.0,Moderate
Mumbai,2020-03-04,0.52,19.32,27.93,118.0,Moderate
Mumbai,2020-03-05,0.53,19.16,26.95,108.0,Moderate
Mumbai,2020-03-06,0.43,17.49,19.07,102.0,Moderate
Mumbai,2020-03-07,0.48,16.16,23.93,107.0,Moderate
Mumbai,2020-03-08,0.57,14.65,31.81,122.0,Moderate
Mumbai,2020-03-09,0.67,16.27,31.06,121.0,Moderate
Mumbai,2020-03-10,0.77,18.29,20.36,128.0,Moderate
Mumbai,2020-03-11,0.43,14.87,19.18,88.0,Satisfactory
Mumbai,2020-03-12,0.49,14.78,24.74,80.0,Satisfactory
Mumbai,2020-03-13,0.5,14.74,30.64,84.0,Satisfactory
Mumbai,2020-03-14,0.58,15.92,34.81,117.0,Moderate
Mumbai,2020-03-15,1.01,17.02,41.75,143.0,Moderate
Mumbai,2020-03-16,1.24,22.98,53.12,154.0,Moderate
Mumbai,2020-03-17,1.66,19.98,52.95,191.0,Moderate
Mumbai,2020-03-18,1.02,20.92,42.38,167.0,Moderate
Mumbai,2020-03-19,0.6,23.04,26.7,113.0,Moderate
Mumbai,2020-03-20,0.5,22.48,14.85,91.0,Satisfactory
Mumbai,2020-03-21,0.47,20.59,16.51,82.0,Satisfactory
Mumbai,2020-03-22,0.36,16.68,9.46,67.0,Satisfactory
Mumbai,2020-03-23,0.42,14.84,11.07,66.0,Satisfactory
Mumbai,2020-03-24,0.52,13.82,12.34,86.0,Satisfactory
Mumbai,2020-03-25,0.5,11.97,11.34,91.0,Satisfactory
Mumbai,2020-03-26,0.43,11.6,11.3,71.0,Satisfactory
Mumbai,2020-03-27,0.4,11.1,8.64,70.0,Satisfactory
Mumbai,2020-03-28,0.48,11.2,11.9,78.0,Satisfactory
Mumbai,2020-03-29,0.42,9.98,9.89,78.0,Satisfactory
Mumbai,2020-03-30,0.43,9.82,9.66,77.0,Satisfactory
Mumbai,2020-03-31,0.46,10.37,9.0,69.0,Satisfactory
Mumbai,2020-04-01,0.4,10.35,7.77,63.0,Satisfactory
Mumbai,2020-04-02,0.43,9.96,8.62,78.0,Satisfactory
Mumbai,2020-04-03,0.39,9.2,7.58,85.0,Satisfactory
Mumbai,2020-04-04,0.42,8.72,7.94,83.0,Satisfactory
Mumbai,2020-04-05,0.44,8.25,8.48,78.0,Satisfactory
Mumbai,2020-04-06,0.36,7.73,6.55,67.0,Satisfactory
Mumbai,2020-04-07,0.36,7.31,6.24,62.0,Satisfactory
Mumbai,2020-04-08,0.37,7.97,6.72,93.0,Satisfactory
Mumbai,2020-04-09,0.38,9.05,6.81,95.0,Satisfactory
Mumbai,2020-04-10,0.37,8.32,6.96,87.0,Satisfactory
Mumbai,2020-04-11,0.44,6.82,7.98,81.0,Satisfactory
Mumbai,2020-04-12,0.45,6.12,9.13,86.0,Satisfactory
Mumbai,2020-04-13,0.44,6.31,9.18,79.0,Satisfactory
Mumbai,2020-04-14,0.53,7.83,10.47,87.0,Satisfactory
Mumbai,2020-04-15,0.72,8.03,9.77,85.0,Satisfactory
Mumbai,2020-04-16,0.59,6.81,9.16,75.0,Satisfactory
Mumbai,2020-04-17,0.64,6.21,7.89,73.0,Satisfactory
Mumbai,2020-04-18,0.63,7.02,8.08,70.0,Satisfactory
Mumbai,2020-04-19,0.65,7.11,9.07,74.0,Satisfactory
Mumbai,2020-04-20,0.7,9.29,10.38,82.0,Satisfactory
Mumbai,2020-04-21,0.57,10.49,6.97,76.0,Satisfactory
Mumbai,2020-04-22,0.41,8.12,6.11,61.0,Satisfactory
Mumbai,2020-04-23,0.4,7.04,6.99,67.0,Satisfactory
Mumbai,2020-04-24,0.38,6.92,6.09,58.0,Satisfactory
Mumbai,2020-04-25,0.32,6.74,6.5,57.0,Satisfactory
Mumbai,2020-04-26,0.36,6.13,8.25,63.0,Satisfactory
Mumbai,2020-04-27,0.34,6.06,5.72,60.0,Satisfactory
Mumbai,2020-04-28,0.35,6.12,7.66,60.0,Satisfactory
Mumbai,2020-04-29,0.36,5.42,6.68,77.0,Satisfactory
Mumbai,2020-04-30,0.33,5.42,6.96,68.0,Satisfactory
Mumbai,2020-05-01,0.31,5.4,5.54,61.0,Satisfactory
Mumbai,2020-05-02,0.28,4.84,5.44,53.0,Satisfactory
Mumbai,2020-05-03,0.27,5.47,5.28,53.0,Satisfactory
Mumbai,2020-05-04,0.28,5.86,5.21,47.0,Good
Mumbai,2020-05-05,0.29,6.16,6.59,51.0,Satisfactory
Mumbai,2020-05-06,0.3,5.28,6.71,61.0,Satisfactory
Mumbai,2020-05-07,0.35,4.3,6.24,65.0,Satisfactory
Mumbai,2020-05-08,0.38,3.93,5.62,69.0,Satisfactory
Mumbai,2020-05-09,0.3,4.03,5.12,67.0,Satisfactory
Mumbai,2020-05-10,0.3,3.19,3.32,70.0,Satisfactory
Mumbai,2020-05-11,0.36,3.6,6.4,75.0,Satisfactory
Mumbai,2020-05-12,0.34,3.53,5.73,81.0,Satisfactory
Mumbai,2020-05-13,0.28,3.73,7.35,74.0,Satisfactory
Mumbai,2020-05-14,0.29,2.91,9.24,65.0,Satisfactory
Mumbai,2020-05-15,0.31,4.07,9.47,70.0,Satisfactory
Mumbai,2020-05-16,0.31,4.49,9.88,79.0,Satisfactory
Mumbai,2020-05-17,0.28,4.38,8.21,119.0,Moderate
Mumbai,2020-05-18,0.26,4.34,9.61,86.0,Satisfactory
Mumbai,2020-05-19,0.28,4.19,9.44,74.0,Satisfactory
Mumbai,2020-05-20,0.28,5.56,11.07,66.0,Satisfactory
Mumbai,2020-05-21,0.27,4.12,12.93,57.0,Satisfactory
Mumbai,2020-05-22,0.26,3.23,11.9,51.0,Satisfactory
Mumbai,2020-05-23,0.29,3.29,10.89,55.0,Satisfactory
Mumbai,2020-05-24,0.25,3.11,10.01,55.0,Satisfactory
Mumbai,2020-05-25,0.25,3.07,9.36,54.0,Satisfactory
Mumbai,2020-05-26,0.24,3.08,8.14,57.0,Satisfactory
Mumbai,2020-05-27,0.21,4.51,8.74,59.0,Satisfactory
Mumbai,2020-05-28,0.22,4.61,7.43,56.0,Satisfactory
Mumbai,2020-05-29,0.26,3.74,7.02,50.0,Good
Mumbai,2020-05-30,0.27,3.61,6.63,49.0,Good
Mumbai,2020-05-31,0.31,3.39,6.51,53.0,Satisfactory
Mumbai,2020-06-01,0.33,3.4,13.22,48.0,Good
Mumbai,2020-06-02,0.43,4.66,16.61,52.0,Satisfactory
Mumbai,2020-06-03,0.28,6.58,12.38,50.0,Good
Mumbai,2020-06-04,0.34,6.41,15.73,48.0,Good
Mumbai,2020-06-05,0.31,13.01,16.35,66.0,Satisfactory
Mumbai,2020-06-06,0.28,12.51,10.81,46.0,Good
Mumbai,2020-06-07,0.31,11.73,10.79,49.0,Good
Mumbai,2020-06-08,0.33,11.24,13.93,50.0,Good
Mumbai,2020-06-09,0.33,9.74,10.65,47.0,Good
Mumbai,2020-06-10,0.33,7.54,8.75,48.0,Good
Mumbai,2020-06-11,0.32,6.45,8.24,48.0,Good
Mumbai,2020-06-12,0.38,8.08,11.19,52.0,Satisfactory
Mumbai,2020-06-13,0.39,11.9,12.43,54.0,Satisfactory
Mumbai,2020-06-14,0.38,10.7,12.87,51.0,Satisfactory
Mumbai,2020-06-15,0.4,10.34,14.08,49.0,Good
Mumbai,2020-06-16,0.44,10.33,13.97,54.0,Satisfactory
Mumbai,2020-06-17,0.41,10.46,14.26,46.0,Good
Mumbai,2020-06-18,0.43,10.77,16.02,50.0,Good
Mumbai,2020-06-19,0.42,12.19,11.74,58.0,Satisfactory
Mumbai,2020-06-20,0.34,10.46,8.43,61.0,Satisfactory
Mumbai,2020-06-21,0.32,9.36,9.94,55.0,Satisfactory
Mumbai,2020-06-22,0.39,9.03,10.56,51.0,Satisfactory
Mumbai,2020-06-23,0.38,13.97,14.83,59.0,Satisfactory
Mumbai,2020-06-24,0.4,12.7,11.76,55.0,Satisfactory
Mumbai,2020-06-25,0.4,8.94,9.81,59.0,Satisfactory
Mumbai,2020-06-26,0.42,17.45,8.6,57.0,Satisfactory
Mumbai,2020-06-27,0.43,26.69,8.58,64.0,Satisfactory
Mumbai,2020-06-28,0.38,26.5,8.06,64.0,Satisfactory
Mumbai,2020-06-29,0.38,23.94,7.94,54.0,Satisfactory
Mumbai,2020-06-30,0.36,19.89,8.02,54.0,Satisfactory
Mumbai,2020-07-01,0.37,23.6,5.57,53.0,Satisfactory
Patna,2019-12-24,2.75,49.8,42.92,449.0,Severe
Patna,2019-12-25,1.47,49.83,31.33,336.0,Very Poor
Patna,2019-12-26,1.2,45.5,22.25,288.0,Poor
Patna,2019-12-27,1.13,39.66,34.37,256.0,Poor
Patna,2019-12-28,1.38,32.82,32.19,298.0,Poor
Patna,2019-12-29,1.42,25.25,29.77,331.0,Very Poor
Patna,2019-12-30,1.81,27.59,34.5,333.0,Very Poor
Patna,2019-12-31,2.41,28.8,36.69,364.0,Very Poor
Patna,2020-01-01,2.71,27.28,36.74,364.0,Very Poor
Patna,2020-01-02,3.03,31.46,35.29,372.0,Very Poor
Patna,2020-01-03,2.17,33.33,31.59,356.0,Very Poor
Patna,2020-01-04,1.62,29.47,25.79,205.0,Poor
Patna,2020-01-05,1.37,26.89,23.89,183.0,Moderate
Patna,2020-01-06,1.84,32.81,31.45,184.0,Moderate
Patna,2020-01-07,2.41,34.62,35.42,306.0,Very Poor
Patna,2020-01-08,2.45,30.9,32.84,349.0,Very Poor
Patna,2020-01-09,1.31,28.47,27.17,280.0,Poor
Patna,2020-01-10,1.79,30.55,26.64,220.0,Poor
Patna,2020-01-11,2.43,28.22,35.09,186.0,Moderate
Patna,2020-01-12,2.64,32.08,29.37,202.0,Poor
Patna,2020-01-13,3.65,19.65,33.01,223.0,Poor
Patna,2020-01-14,4.16,14.62,25.34,343.0,Very Poor
Patna,2020-01-15,4.05,18.88,36.23,311.0,Very Poor
Patna,2020-01-16,3.27,27.83,36.59,346.0,Very Poor
Patna,2020-01-17,2.07,26.91,39.22,261.0,Poor
Patna,2020-01-18,0.95,30.57,24.39,231.0,Poor
Patna,2020-01-19,0.76,21.25,23.75,206.0,Poor
Patna,2020-01-20,0.87,19.91,29.47,172.0,Moderate
Patna,2020-01-21,1.49,22.38,42.38,233.0,Poor
Patna,2020-01-22,1.56,21.43,48.03,286.0,Poor
Patna,2020-01-23,1.26,20.99,47.62,263.0,Poor
Patna,2020-01-24,0.84,21.29,42.59,171.0,Moderate
Patna,2020-01-25,1.2,28.37,43.86,224.0,Poor
Patna,2020-01-26,1.43,30.78,39.57,265.0,Poor
Patna,2020-01-27,1.69,32.43,40.53,304.0,Very Poor
Patna,2020-01-28,1.46,36.34,45.89,309.0,Very Poor
Patna,2020-01-29,1.18,35.33,37.57,279.0,Poor
Patna,2020-01-30,1.47,39.18,33.1,296.0,Poor
Patna,2020-01-31,0.82,31.98,40.28,218.0,Poor
Patna,2020-02-01,1.03,33.67,45.34,204.0,Poor
Patna,2020-02-02,0.73,32.47,37.85,172.0,Moderate
Patna,2020-02-03,1.05,25.51,43.43,181.0,Moderate
Patna,2020-02-04,1.74,17.92,48.55,244.0,Poor
Patna,2020-02-05,1.3,36.09,49.02,245.0,Poor
Patna,2020-02-06,1.3,28.41,57.85,226.0,Poor
Patna,2020-02-07,1.52,21.12,65.46,235.0,Poor
Patna,2020-02-08,1.37,25.3,60.31,230.0,Poor
Patna,2020-02-09,1.47,23.44,60.09,218.0,Poor
Patna,2020-02-10,1.36,30.99,53.96,226.0,Poor
Patna,2020-02-11,1.25,26.71,57.63,242.0,Poor
Patna,2020-02-12,1.0,29.13,56.97,231.0,Poor
Patna,2020-02-13,1.26,40.76,54.59,211.0,Poor
Patna,2020-02-14,1.36,45.26,48.16,251.0,Poor
Patna,2020-02-15,0.83,41.95,51.63,176.0,Moderate
Patna,2020-02-16,1.02,40.13,63.63,168.0,Moderate
Patna,2020-02-17,1.17,32.0,70.85,197.0,Moderate
Patna,2020-02-18,1.1,33.3,63.36,184.0,Moderate
Patna,2020-02-19,1.32,33.71,71.1,197.0,Moderate
Patna,2020-02-20,1.2,36.62,62.39,251.0,Poor
Patna,2020-02-21,0.96,36.32,35.76,253.0,Poor
Patna,2020-02-22,1.01,35.29,40.41,201.0,Poor
Patna,2020-02-23,1.12,34.77,49.2,158.0,Moderate
Patna,2020-02-24,0.9,28.4,40.63,167.0,Moderate
Patna,2020-02-25,0.79,28.29,33.22,111.0,Moderate
Patna,2020-02-26,0.79,22.91,34.22,116.0,Moderate
Patna,2020-02-27,0.98,27.28,42.21,149.0,Moderate
Patna,2020-02-28,1.36,31.09,46.36,182.0,Moderate
Patna,2020-02-29,1.54,35.94,47.86,209.0,Poor
Patna,2020-03-01,1.35,36.2,53.17,194.0,Moderate
Patna,2020-03-02,1.25,35.25,60.4,168.0,Moderate
Patna,2020-03-03,1.28,33.5,59.54,194.0,Moderate
Patna,2020-03-04,1.19,25.75,50.6,214.0,Poor
Patna,2020-03-05,0.9,24.17,46.42,202.0,Poor
Patna,2020-03-06,0.69,25.8,40.42,148.0,Moderate
Patna,2020-03-07,0.81,22.17,48.29,136.0,Moderate
Patna,2020-03-08,0.89,22.75,57.21,190.0,Moderate
Patna,2020-03-09,0.91,21.77,60.63,182.0,Moderate
Patna,2020-03-10,1.32,23.24,56.39,232.0,Poor
Patna,2020-03-11,1.01,22.24,56.35,179.0,Moderate
Patna,2020-03-12,1.26,22.81,57.59,163.0,Moderate
Patna,2020-03-13,1.04,21.68,48.93,163.0,Moderate
Patna,2020-03-14,1.04,19.31,37.39,120.0,Moderate
Patna,2020-03-15,1.18,20.16,40.56,83.0,Satisfactory
Patna,2020-03-16,1.4,18.78,40.05,125.0,Moderate
Patna,2020-03-17,1.47,18.63,46.86,145.0,Moderate
Patna,2020-03-18,1.57,20.07,68.05,156.0,Moderate
Patna,2020-03-19,1.4,17.1,71.81,163.0,Moderate
Patna,2020-03-20,1.6,18.72,61.85,135.0,Moderate
Patna,2020-03-21,1.88,20.08,60.87,210.0,Poor
Patna,2020-03-22,1.54,18.29,47.26,205.0,Poor
Patna,2020-03-23,1.45,16.13,44.45,151.0,Moderate
Patna,2020-03-24,1.63,14.5,48.75,177.0,Moderate
Patna,2020-03-25,1.74,14.13,47.99,166.0,Moderate
Patna,2020-03-26,1.71,14.24,46.63,152.0,Moderate
Patna,2020-03-27,1.68,13.88,45.25,146.0,Moderate
Patna,2020-03-28,1.49,12.38,43.29,122.0,Moderate
Patna,2020-03-29,0.62,13.37,50.82,92.0,Satisfactory
Patna,2020-03-30,0.53,12.52,55.75,92.0,Satisfactory
Patna,2020-03-31,1.61,12.6,46.23,106.0,Moderate
Patna,2020-04-01,1.86,12.94,47.14,156.0,Moderate
Patna,2020-04-02,1.79,13.87,43.73,140.0,Moderate
Patna,2020-04-03,1.55,12.02,47.11,120.0,Moderate
Patna,2020-04-04,1.47,12.07,48.52,125.0,Moderate
Patna,2020-04-05,1.43,11.8,49.1,127.0,Moderate
Patna,2020-04-06,1.42,11.97,48.99,140.0,Moderate
Patna,2020-04-07,1.64,11.56,48.88,142.0,Moderate
Patna,2020-04-08,1.76,11.86,52.98,132.0,Moderate
Patna,2020-04-09,1.76,12.28,52.66,144.0,Moderate
Patna,2020-04-10,1.44,12.87,37.04,144.0,Moderate
Patna,2020-04-11,1.53,15.74,17.67,150.0,Moderate
Patna,2020-04-12,1.47,15.87,18.86,160.0,Moderate
Patna,2020-04-13,1.37,15.63,17.36,149.0,Moderate
Patna,2020-04-14,1.4,14.49,18.38,143.0,Moderate
Patna,2020-04-15,1.27,13.59,17.61,158.0,Moderate
Patna,2020-04-16,1.32,13.06,20.4,130.0,Moderate
Patna,2020-04-17,1.35,13.41,15.28,134.0,Moderate
Patna,2020-04-18,1.37,13.8,14.91,140.0,Moderate
Patna,2020-04-19,1.4,14.0,14.6,143.0,Moderate
Patna,2020-04-20,1.28,13.32,15.49,131.0,Moderate
Patna,2020-04-21,1.29,12.63,15.59,119.0,Moderate
Patna,2020-04-22,0.93,11.17,16.04,110.0,Moderate
Patna,2020-04-23,0.45,11.91,16.92,122.0,Moderate
Patna,2020-04-24,0.42,11.52,17.02,118.0,Moderate
Patna,2020-04-25,0.38,11.72,12.84,118.0,Moderate
Patna,2020-04-26,0.37,11.08,11.95,104.0,Moderate
Patna,2020-04-27,0.43,11.3,14.17,109.0,Moderate
Patna,2020-04-28,0.39,11.3,11.68,98.0,Satisfactory
Patna,2020-04-29,0.42,10.13,13.5,111.0,Moderate
Patna,2020-04-30,0.52,10.08,14.46,118.0,Moderate
Patna,2020-05-01,0.46,9.06,20.58,129.0,Moderate
Patna,2020-05-02,0.48,8.21,15.85,140.0,Moderate
Patna,2020-05-03,0.44,8.96,14.56,147.0,Moderate
Patna,2020-05-04,0.34,7.49,33.4,148.0,Moderate
Patna,2020-05-05,0.38,8.24,13.39,149.0,Moderate
Patna,2020-05-06,0.44,8.18,15.13,129.0,Moderate
Patna,2020-05-07,0.52,9.58,23.41,139.0,Moderate
Patna,2020-05-08,0.49,7.77,13.42,171.0,Moderate
Patna,2020-05-09,0.56,9.41,14.78,191.0,Moderate
Patna,2020-05-10,0.56,7.16,12.11,256.0,Poor
Patna,2020-05-11,0.56,6.57,13.75,138.0,Moderate
Patna,2020-05-12,0.69,10.93,18.8,124.0,Moderate
Patna,2020-05-13,0.75,9.34,34.22,146.0,Moderate
Patna,2020-05-14,0.77,10.05,31.61,176.0,Moderate
Patna,2020-05-15,0.55,11.9,19.62,124.0,Moderate
Patna,2020-05-16,0.69,10.86,32.81,141.0,Moderate
Patna,2020-05-17,0.76,9.53,34.71,239.0,Poor
Patna,2020-05-18,0.72,9.74,29.8,167.0,Moderate
Patna,2020-05-19,0.57,10.03,17.54,137.0,Moderate
Patna,2020-05-20,0.51,8.71,17.76,119.0,Moderate
Patna,2020-05-21,0.42,3.95,22.42,105.0,Moderate
Patna,2020-05-22,0.37,6.78,18.36,102.0,Moderate
Patna,2020-05-23,0.52,8.21,17.72,95.0,Satisfactory
Patna,2020-05-24,0.67,4.04,10.88,112.0,Moderate
Patna,2020-05-25,0.68,6.17,14.4,119.0,Moderate
Patna,2020-05-26,0.63,6.57,13.53,110.0,Moderate
Patna,2020-05-27,0.45,7.14,11.38,116.0,Moderate
Patna,2020-05-28,0.38,5.77,10.58,121.0,Moderate
Patna,2020-05-29,0.44,6.03,11.81,95.0,Satisfactory
Patna,2020-05-30,0.44,6.83,20.22,104.0,Moderate
Patna,2020-05-31,0.37,4.97,12.85,105.0,Moderate
Patna,2020-06-01,0.46,3.99,13.91,110.0,Moderate
Patna,2020-06-02,0.71,12.01,30.65,117.0,Moderate
Patna,2020-06-03,0.78,11.28,32.15,111.0,Moderate
Patna,2020-06-04,0.73,5.16,29.04,106.0,Moderate
Patna,2020-06-05,0.58,6.47,15.72,97.0,Satisfactory
Patna,2020-06-06,0.67,3.39,13.74,82.0,Satisfactory
Patna,2020-06-07,0.72,7.78,15.32,88.0,Satisfactory
Patna,2020-06-08,0.74,7.15,19.35,100.0,Satisfactory
Patna,2020-06-09,0.82,6.39,23.81,106.0,Moderate
Patna,2020-06-10,0.7,7.29,23.9,111.0,Moderate
Patna,2020-06-11,0.58,5.55,29.06,100.0,Satisfactory
Patna,2020-06-12,0.45,6.72,24.21,86.0,Satisfactory
Patna,2020-06-13,0.45,6.82,11.2,85.0,Satisfactory
Patna,2020-06-14,0.45,16.67,6.91,60.0,Satisfactory
Patna,2020-06-15,0.71,11.62,16.17,56.0,Satisfactory
Patna,2020-06-16,0.87,5.01,37.94,53.0,Satisfactory
Patna,2020-06-17,0.87,3.54,37.94,53.0,Satisfactory
Patna,2020-06-18,0.85,1.78,25.77,63.0,Satisfactory
Patna,2020-06-19,0.66,2.52,17.66,60.0,Satisfactory
Patna,2020-06-20,0.61,6.77,15.51,62.0,Satisfactory
Patna,2020-06-21,0.45,5.98,15.13,60.0,Satisfactory
Patna,2020-06-22,0.74,3.11,25.06,60.0,Satisfactory
Patna,2020-06-23,0.86,4.76,26.84,74.0,Satisfactory
Patna,2020-06-24,0.77,2.74,25.52,84.0,Satisfactory
Patna,2020-06-25,0.95,2.76,26.48,88.0,Satisfactory
Patna,2020-06-26,0.79,3.13,25.68,71.0,Satisfactory
Patna,2020-06-27,0.87,1.91,23.01,65.0,Satisfactory
Patna,2020-06-28,0.72,2.05,18.13,82.0,Satisfactory
Patna,2020-06-29,0.88,2.26,20.51,88.0,Satisfactory
Patna,2020-06-30,0.83,1.59,27.5,93.0,Satisfactory
Patna,2020-07-01,0.82,1.14,31.15,98.0,Satisfactory
Shillong,2019-08-28,0.29,3.64,3.5,37.0,Good
Shillong,2019-08-29,0.31,3.63,3.53,40.0,Good
Shillong,2019-08-30,0.34,3.65,3.49,35.0,Good
Shillong,2019-08-31,0.29,3.65,3.54,32.0,Good
Shillong,2019-09-01,0.23,3.63,3.52,31.0,Good
Shillong,2019-09-05,0.25,3.64,3.57,113.0,Moderate
Shillong,2019-09-06,0.29,3.65,3.55,25.0,Good
Shillong,2019-09-07,0.18,3.65,3.56,31.0,Good
Shillong,2019-09-08,0.18,3.64,3.57,33.0,Good
Shillong,2019-09-09,0.21,3.65,3.55,35.0,Good
Shillong,2019-09-10,0.24,3.65,3.53,35.0,Good
Shillong,2019-09-11,0.29,3.64,3.54,40.0,Good
Shillong,2019-09-12,0.23,3.65,3.51,30.0,Good
Shillong,2019-09-13,0.32,3.64,3.61,30.0,Good
Shillong,2019-09-14,0.17,3.64,3.49,38.0,Good
Shillong,2019-09-15,0.18,3.64,3.58,51.0,Satisfactory
Shillong,2019-09-16,0.2,3.64,3.56,60.0,Satisfactory
Shillong,2019-09-17,0.23,3.64,3.55,41.0,Good
Shillong,2019-09-18,0.22,3.66,5.07,42.0,Good
Shillong,2019-09-19,0.27,3.66,3.42,37.0,Good
Shillong,2019-09-20,0.32,3.64,3.56,32.0,Good
Shillong,2019-09-21,0.28,3.66,3.54,31.0,Good
Shillong,2019-09-22,0.27,3.66,3.53,31.0,Good
Shillong,2019-09-23,0.35,3.65,3.59,44.0,Good
Shillong,2019-09-24,0.49,3.66,3.55,43.0,Good
Shillong,2019-09-25,0.43,3.66,3.54,38.0,Good
Shillong,2019-09-26,0.4,3.66,3.52,40.0,Good
Shillong,2019-09-27,0.46,3.66,3.59,40.0,Good
Shillong,2019-09-28,0.24,3.66,3.55,49.0,Good
Shillong,2019-09-29,0.26,3.66,3.54,38.0,Good
Shillong,2019-09-30,0.46,3.67,3.56,46.0,Good
Shillong,2019-10-01,0.32,3.68,3.57,40.0,Good
Shillong,2019-10-02,0.29,3.66,3.58,47.0,Good
Shillong,2019-10-03,0.53,3.67,3.55,59.0,Satisfactory
Shillong,2019-10-04,0.46,3.67,3.5,56.0,Satisfactory
Shillong,2019-10-05,0.29,3.62,3.5,49.0,Good
Shillong,2019-10-11,0.44,3.62,3.63,45.0,Good
Shillong,2019-10-12,0.31,3.66,3.58,46.0,Good
Shillong,2019-10-13,0.26,3.65,3.54,44.0,Good
Shillong,2019-10-14,0.31,3.65,3.55,46.0,Good
Shillong,2019-10-15,0.3,3.65,3.56,52.0,Satisfactory
Shillong,2019-10-16,0.33,3.66,3.57,36.0,Good
Shillong,2019-10-17,0.38,3.63,3.54,40.0,Good
Shillong,2019-10-18,0.43,3.65,3.55,54.0,Satisfactory
Shillong,2019-10-19,0.31,3.66,3.58,55.0,Satisfactory
Shillong,2019-10-20,0.29,3.64,3.51,61.0,Satisfactory
Shillong,2019-10-21,0.22,3.66,3.56,92.0,Satisfactory
Shillong,2019-10-22,0.31,3.65,3.54,87.0,Satisfactory
Shillong,2019-10-23,0.46,3.66,3.51,73.0,Satisfactory
Shillong,2019-10-24,0.41,3.64,3.52,61.0,Satisfactory
Shillong,2019-10-25,0.36,3.68,3.56,42.0,Good
Shillong,2019-11-23,0.06,0.98,0.95,14.0,Good
Shillong,2019-11-24,0.15,1.87,1.83,32.0,Good
Shillong,2019-11-25,0.17,1.6,1.52,22.0,Good
Shillong,2019-11-26,0.2,2.03,1.91,30.0,Good
Shillong,2019-11-27,0.17,1.64,1.62,29.0,Good
Shillong,2019-11-28,0.12,1.89,1.85,28.0,Good
Shillong,2019-11-29,0.16,2.66,2.6,49.0,Good
Shillong,2020-01-11,0.28,3.05,2.96,50.0,Good
Shillong,2020-01-12,0.2,2.5,2.47,38.0,Good
Shillong,2020-01-13,0.36,2.89,2.82,52.0,Satisfactory
Shillong,2020-01-14,0.47,2.79,2.74,60.0,Satisfactory
Shillong,2020-01-15,0.43,2.91,2.84,64.0,Satisfactory
Shillong,2020-01-16,0.22,2.34,2.31,55.0,Satisfactory
Shillong,2020-01-17,0.14,2.45,2.36,36.0,Good
Shillong,2020-01-18,0.25,2.47,2.41,69.0,Satisfactory
Shillong,2020-01-19,0.18,2.63,2.53,80.0,Satisfactory
Shillong,2020-01-20,0.22,2.65,2.57,88.0,Satisfactory
Shillong,2020-01-21,0.29,2.54,2.47,57.0,Satisfactory
Shillong,2020-01-22,0.22,2.44,2.37,54.0,Satisfactory
Shillong,2020-01-23,0.23,2.95,2.87,73.0,Satisfactory
Shillong,2020-01-24,0.53,2.96,2.91,78.0,Satisfactory
Shillong,2020-01-25,0.34,2.67,2.6,68.0,Satisfactory
Shillong,2020-01-26,0.33,2.68,2.68,74.0,Satisfactory
Shillong,2020-01-27,0.56,2.54,2.48,81.0,Satisfactory
Shillong,2020-01-28,0.63,2.43,2.35,86.0,Satisfactory
Shillong,2020-01-29,0.59,2.64,2.6,111.0,Moderate
Shillong,2020-01-30,0.33,2.48,2.44,96.0,Satisfactory
Shillong,2020-01-31,0.35,2.46,2.4,71.0,Satisfactory
Shillong,2020-02-01,0.27,2.53,2.46,78.0,Satisfactory
Shillong,2020-02-02,0.33,3.12,3.05,80.0,Satisfactory
Shillong,2020-02-03,0.55,3.25,3.2,86.0,Satisfactory
Shillong,2020-02-04,0.56,3.04,2.97,94.0,Satisfactory
Shillong,2020-02-05,0.53,3.33,3.29,90.0,Satisfactory
Shillong,2020-02-06,0.41,3.19,3.14,87.0,Satisfactory
Shillong,2020-02-07,0.57,3.25,3.18,93.0,Satisfactory
Shillong,2020-02-08,0.37,2.7,2.67,92.0,Satisfactory
Shillong,2020-02-09,0.26,2.95,2.85,62.0,Satisfactory
Shillong,2020-02-10,0.58,3.12,3.03,70.0,Satisfactory
Shillong,2020-02-11,0.56,2.94,2.82,76.0,Satisfactory
Shillong,2020-02-12,0.4,2.78,2.71,71.0,Satisfactory
Shillong,2020-02-13,0.52,2.46,2.41,77.0,Satisfactory
Shillong,2020-02-14,0.35,2.41,2.38,90.0,Satisfactory
Shillong,2020-02-15,0.37,2.52,2.51,143.0,Moderate
Shillong,2020-02-16,0.32,2.46,2.38,130.0,Moderate
Shillong,2020-02-17,0.49,2.71,2.63,140.0,Moderate
Shillong,2020-02-18,0.48,2.85,2.79,149.0,Moderate
Shillong,2020-02-19,0.59,2.86,2.79,182.0,Moderate
Shillong,2020-02-20,0.49,2.74,2.69,175.0,Moderate
Shillong,2020-02-21,0.33,2.73,2.64,120.0,Moderate
Shillong,2020-02-25,0.34,2.61,2.56,49.0,Good
Shillong,2020-02-26,0.23,2.78,2.72,46.0,Good
Shillong,2020-02-27,0.35,2.81,2.7,60.0,Satisfactory
Shillong,2020-02-28,0.24,2.49,2.44,42.0,Good
Shillong,2020-02-29,0.22,2.72,2.64,51.0,Satisfactory
Shillong,2020-03-01,0.24,2.72,2.65,53.0,Satisfactory
Shillong,2020-03-02,0.31,2.7,2.61,60.0,Satisfactory
Shillong,2020-03-03,0.2,2.59,2.55,63.0,Satisfactory
Shillong,2020-03-04,0.23,2.71,2.64,64.0,Satisfactory
Shillong,2020-03-05,0.32,2.85,2.77,63.0,Satisfactory
Shillong,2020-03-06,0.25,2.86,2.78,64.0,Satisfactory
Shillong,2020-03-07,0.22,2.82,2.74,65.0,Satisfactory
Shillong,2020-03-08,0.17,2.98,2.91,73.0,Satisfactory
Shillong,2020-03-09,0.31,3.19,3.08,65.0,Satisfactory
Shillong,2020-03-10,0.29,3.2,3.11,71.0,Satisfactory
Shillong,2020-03-11,0.23,3.05,2.94,66.0,Satisfactory
Shillong,2020-03-12,0.22,2.42,2.35,56.0,Satisfactory
Shillong,2020-03-13,0.28,2.4,2.34,59.0,Satisfactory
Shillong,2020-03-14,0.32,2.72,2.58,86.0,Satisfactory
Shillong,2020-03-15,0.21,2.61,2.55,77.0,Satisfactory
Shillong,2020-03-16,0.21,2.57,2.53,65.0,Satisfactory
Shillong,2020-03-17,0.31,2.75,2.69,49.0,Good
Shillong,2020-03-18,0.31,2.77,2.7,73.0,Satisfactory
Shillong,2020-03-19,0.33,2.56,2.48,83.0,Satisfactory
Shillong,2020-03-20,0.33,2.86,2.73,86.0,Satisfactory
Shillong,2020-03-21,0.33,2.69,2.62,97.0,Satisfactory
Shillong,2020-03-22,0.21,2.5,2.44,62.0,Satisfactory
Shillong,2020-03-23,0.24,2.55,2.46,33.0,Good
Shillong,2020-03-24,0.22,2.75,2.67,44.0,Good
Shillong,2020-03-25,0.3,2.87,2.8,67.0,Satisfactory
Shillong,2020-03-26,0.28,2.74,2.64,72.0,Satisfactory
Shillong,2020-03-27,0.26,2.67,2.57,79.0,Satisfactory
Shillong,2020-03-28,0.19,2.53,2.45,72.0,Satisfactory
Shillong,2020-03-29,0.21,2.56,2.46,55.0,Satisfactory
Shillong,2020-03-30,0.35,2.58,2.52,64.0,Satisfactory
Shillong,2020-03-31,0.35,2.45,2.35,118.0,Moderate
Shillong,2020-04-01,0.3,2.64,2.55,93.0,Satisfactory
Shillong,2020-04-02,0.23,2.95,2.83,77.0,Satisfactory
Shillong,2020-04-03,0.21,3.01,2.87,74.0,Satisfactory
Shillong,2020-04-04,0.05,2.79,2.67,59.0,Satisfactory
Shillong,2020-05-01,0.17,2.48,2.42,17.0,Good
Shillong,2020-05-02,0.16,2.71,2.65,24.0,Good
Shillong,2020-05-03,0.15,2.72,2.65,19.0,Good
Shillong,2020-05-04,0.2,2.73,2.65,20.0,Good
Shillong,2020-05-05,0.16,2.66,2.58,27.0,Good
Shillong,2020-05-06,0.18,2.71,2.62,22.0,Good
Shillong,2020-05-07,0.18,2.7,2.65,39.0,Good
Shillong,2020-05-08,0.16,2.78,2.68,56.0,Satisfactory
Shillong,2020-05-09,0.19,2.66,2.62,42.0,Good
Shillong,2020-05-10,0.19,2.82,2.72,57.0,Satisfactory
Shillong,2020-05-11,0.2,2.68,2.59,75.0,Satisfactory
Shillong,2020-05-12,0.2,2.84,2.74,37.0,Good
Shillong,2020-05-13,0.19,2.72,2.62,48.0,Good
Shillong,2020-05-14,0.15,2.21,2.14,41.0,Good
Shillong,2020-05-15,0.13,1.97,1.89,31.0,Good
Shillong,2020-05-16,0.11,1.78,1.72,25.0,Good
Shillong,2020-05-17,0.16,2.61,2.53,30.0,Good
Shillong,2020-05-18,0.19,2.64,2.55,52.0,Satisfactory
Shillong,2020-05-19,0.21,2.77,2.67,47.0,Good
Shillong,2020-05-20,0.19,2.71,2.65,40.0,Good
Shillong,2020-05-21,0.17,2.67,2.58,17.0,Good
Shillong,2020-05-22,0.22,2.91,2.84,14.0,Good
Shillong,2020-05-23,0.19,2.8,2.66,28.0,Good
Shillong,2020-05-24,0.16,2.75,2.66,35.0,Good
Shillong,2020-05-25,0.14,2.83,2.74,24.0,Good
Shillong,2020-05-26,0.14,2.76,2.69,17.0,Good
Shillong,2020-05-27,0.16,2.74,2.69,35.0,Good
Shillong,2020-05-28,0.24,2.73,2.66,23.0,Good
Shillong,2020-05-29,0.18,2.88,2.8,21.0,Good
Shillong,2020-05-30,0.17,2.81,2.75,21.0,Good
Shillong,2020-05-31,0.17,2.94,2.84,22.0,Good
Shillong,2020-06-01,0.16,2.9,2.78,25.0,Good
Shillong,2020-06-02,0.15,2.81,2.73,29.0,Good
Shillong,2020-06-03,0.17,2.74,2.65,33.0,Good
Shillong,2020-06-04,0.18,2.84,2.73,32.0,Good
Shillong,2020-06-05,0.15,2.85,2.75,32.0,Good
Shillong,2020-06-06,0.16,2.79,2.73,16.0,Good
Shillong,2020-06-07,0.18,2.93,2.88,30.0,Good
Shillong,2020-06-08,0.21,2.76,2.71,33.0,Good
Shillong,2020-06-09,0.25,2.84,2.73,41.0,Good
Shillong,2020-06-10,0.17,2.73,2.62,33.0,Good
Shillong,2020-06-11,0.16,2.77,2.64,20.0,Good
Shillong,2020-06-12,0.14,2.86,2.76,29.0,Good
Shillong,2020-06-13,0.13,2.71,2.63,34.0,Good
Shillong,2020-06-16,0.12,2.5,2.41,18.0,Good
Shillong,2020-06-17,0.14,3.17,3.06,26.0,Good
Shillong,2020-06-18,0.15,6.2,3.09,46.0,Good
Shillong,2020-06-19,0.2,3.13,3.03,49.0,Good
Shillong,2020-06-20,0.22,3.12,3.03,43.0,Good
Shillong,2020-06-21,0.14,3.04,2.92,33.0,Good
Shillong,2020-06-22,0.15,3.07,2.94,41.0,Good
Shillong,2020-06-23,0.13,3.09,2.97,46.0,Good
Shillong,2020-06-24,0.14,3.2,3.07,47.0,Good
Shillong,2020-06-25,0.13,3.03,2.95,19.0,Good
Shillong,2020-06-26,0.12,3.09,3.01,25.0,Good
Shillong,2020-06-27,0.16,2.93,2.89,35.0,Good
Shillong,2020-06-28,0.17,3.17,3.1,53.0,Satisfactory
Shillong,2020-06-29,0.18,3.14,3.05,26.0,Good
Shillong,2020-06-30,0.2,2.96,2.85,21.0,Good
Shillong,2020-07-01,0.1,2.66,2.7,24.0,Good
Talcher,2018-02-08,2.5,6.63,27.72,311.0,Very Poor
Talcher,2018-02-09,2.62,10.19,45.34,321.0,Very Poor
Talcher,2018-02-10,2.56,9.55,55.96,343.0,Very Poor
Talcher,2018-02-13,2.09,8.64,54.41,343.0,Very Poor
Talcher,2018-02-14,0.58,10.55,17.65,269.0,Poor
Talcher,2018-02-15,1.3,8.53,32.76,243.0,Poor
Talcher,2018-02-16,1.77,6.54,68.73,350.0,Very Poor
Talcher,2018-02-17,1.42,5.88,48.53,362.0,Very Poor
Talcher,2018-02-18,1.96,5.42,69.51,369.0,Very Poor
Talcher,2018-02-19,1.3,5.73,47.28,356.0,Very Poor
Talcher,2018-02-20,1.23,8.2,32.28,305.0,Very Poor
Talcher,2018-02-21,1.54,7.93,48.33,320.0,Very Poor
Talcher,2018-02-22,2.73,7.69,94.69,474.0,Severe
Talcher,2018-02-23,2.56,9.87,99.8,452.0,Severe
Talcher,2018-02-24,2.34,15.4,44.13,356.0,Very Poor
Talcher,2018-02-25,2.12,15.49,37.09,334.0,Very Poor
Talcher,2018-02-26,2.41,12.05,59.91,400.0,Very Poor
Talcher,2018-02-27,2.08,10.19,59.94,378.0,Very Poor
Talcher,2018-02-28,2.69,13.07,76.15,368.0,Very Poor
Talcher,2018-03-01,2.05,30.09,27.03,367.0,Very Poor
Talcher,2018-03-02,2.43,28.91,32.55,365.0,Very Poor
Talcher,2018-03-03,2.35,27.32,27.44,348.0,Very Poor
Talcher,2018-03-04,3.3,28.93,36.38,484.0,Severe
Talcher,2018-03-05,2.27,25.67,30.83,396.0,Very Poor
Talcher,2018-03-06,1.93,23.23,26.55,341.0,Very Poor
Talcher,2018-03-07,2.05,25.13,35.12,320.0,Very Poor
Talcher,2018-03-08,1.46,24.24,27.81,295.0,Poor
Talcher,2018-03-09,1.97,23.86,36.17,258.0,Poor
Talcher,2018-03-10,2.06,26.96,28.4,329.0,Very Poor
Talcher,2018-03-11,1.69,23.7,27.52,323.0,Very Poor
Talcher,2018-03-21,2.97,26.85,31.96,425.0,Severe
Talcher,2018-03-22,1.86,23.66,28.68,306.0,Very Poor
Talcher,2018-03-23,2.07,18.29,20.49,206.0,Poor
Talcher,2018-03-24,1.9,7.36,19.34,251.0,Poor
Talcher,2018-03-25,1.46,11.14,20.37,168.0,Moderate
Talcher,2018-03-26,1.84,11.43,18.51,148.0,Moderate
Talcher,2018-03-27,2.74,10.83,22.58,288.0,Poor
Talcher,2018-03-28,3.19,10.97,32.85,354.0,Very Poor
Talcher,2018-03-29,1.61,13.12,29.3,230.0,Poor
Talcher,2018-03-30,1.58,11.73,17.11,130.0,Moderate
Talcher,2018-03-31,1.6,13.34,11.38,127.0,Moderate
Talcher,2018-04-01,1.49,12.21,10.88,134.0,Moderate
Talcher,2018-04-02,1.8,17.55,4.7,139.0,Moderate
Talcher,2018-04-03,1.62,12.03,10.7,99.0,Satisfactory
Talcher,2018-04-04,1.57,10.65,19.8,120.0,Moderate
Talcher,2018-04-15,4.66,7.71,17.29,154.0,Moderate
Talcher,2018-04-16,4.92,7.68,34.59,193.0,Moderate
Talcher,2018-04-17,4.23,7.6,12.95,200.0,Moderate
Talcher,2018-04-18,5.23,21.67,15.7,215.0,Poor
Talcher,2018-04-19,1.71,34.95,33.14,267.0,Poor
Talcher,2018-04-20,1.62,32.72,20.36,96.0,Satisfactory
Talcher,2018-04-21,2.16,32.33,9.44,110.0,Moderate
Talcher,2018-04-22,1.48,31.9,1.36,139.0,Moderate
Talcher,2018-04-23,1.65,28.91,3.5,89.0,Satisfactory
Talcher,2018-04-24,1.98,32.86,14.05,145.0,Moderate
Talcher,2018-04-27,1.52,31.23,8.17,101.0,Moderate
Talcher,2018-04-28,1.43,34.62,11.97,104.0,Moderate
Talcher,2018-04-29,1.87,29.58,7.91,100.0,Satisfactory
Talcher,2018-04-30,1.75,27.75,8.79,100.0,Satisfactory
Talcher,2018-05-01,1.66,38.3,8.79,98.0,Satisfactory
Talcher,2018-05-02,1.65,25.61,33.4,94.0,Satisfactory
Talcher,2018-05-03,1.75,37.2,17.06,112.0,Moderate
Talcher,2018-05-04,1.71,25.57,8.07,104.0,Moderate
Talcher,2018-05-05,1.67,24.9,6.74,114.0,Moderate
Talcher,2018-05-06,1.63,24.21,13.9,109.0,Moderate
Talcher,2018-05-07,1.91,24.5,18.76,128.0,Moderate
Talcher,2018-05-08,1.76,24.68,20.01,140.0,Moderate
Talcher,2018-05-09,1.75,25.38,22.42,138.0,Moderate
Talcher,2018-05-10,1.76,25.92,26.98,155.0,Moderate
Talcher,2018-05-11,1.47,50.62,14.76,124.0,Moderate
Talcher,2018-05-12,1.72,25.25,13.67,111.0,Moderate
Talcher,2018-05-13,1.87,25.97,4.45,103.0,Moderate
Talcher,2018-05-14,1.6,28.19,6.21,95.0,Satisfactory
Talcher,2018-05-15,2.1,29.18,15.57,139.0,Moderate
Talcher,2018-05-16,1.81,25.13,9.57,119.0,Moderate
Talcher,2018-05-17,1.72,26.44,1.5,122.0,Moderate
Talcher,2018-05-18,1.87,27.58,11.73,110.0,Moderate
Talcher,2018-05-19,1.88,27.74,10.7,141.0,Moderate
Talcher,2018-05-20,1.67,26.73,7.81,107.0,Moderate
Talcher,2018-05-21,2.15,21.07,8.06,108.0,Moderate
Talcher,2018-05-22,1.98,13.52,6.86,163.0,Moderate
Talcher,2018-05-23,1.75,13.87,8.64,124.0,Moderate
Talcher,2018-05-24,1.71,14.47,10.59,91.0,Satisfactory
Talcher,2018-05-25,1.68,14.18,9.89,88.0,Satisfactory
Talcher,2018-05-26,1.64,19.82,24.09,90.0,Satisfactory
Talcher,2018-05-27,1.71,14.32,12.13,89.0,Satisfactory
Talcher,2018-05-28,1.73,12.86,19.01,102.0,Moderate
Talcher,2018-05-29,1.78,12.69,11.83,111.0,Moderate
Talcher,2018-05-30,1.91,12.61,12.55,104.0,Moderate
Talcher,2018-05-31,2.28,11.41,19.67,108.0,Moderate
Talcher,2018-06-01,1.94,13.24,11.66,182.0,Moderate
Talcher,2018-06-02,1.94,13.0,14.27,98.0,Satisfactory
Talcher,2018-06-03,2.35,13.43,8.09,201.0,Poor
Talcher,2018-06-04,2.12,10.1,17.9,148.0,Moderate
Talcher,2018-06-05,1.85,12.93,10.98,125.0,Moderate
Talcher,2018-06-06,1.86,13.74,15.3,106.0,Moderate
Talcher,2018-06-28,2.0,18.83,11.58,102.0,Moderate
Talcher,2018-06-29,2.14,19.61,11.43,103.0,Moderate
Talcher,2018-06-30,2.41,20.82,14.84,115.0,Moderate
Talcher,2018-07-01,2.16,20.28,12.91,121.0,Moderate
Talcher,2018-07-02,2.38,22.07,7.05,111.0,Moderate
Talcher,2018-07-03,2.27,21.53,6.14,105.0,Moderate
Talcher,2018-07-04,2.41,22.35,5.03,134.0,Moderate
Talcher,2018-07-05,2.3,21.86,3.42,144.0,Moderate
Talcher,2018-07-06,2.29,21.4,3.85,138.0,Moderate
Talcher,2018-07-07,2.27,19.92,5.04,128.0,Moderate
Talcher,2018-07-08,2.32,19.74,3.97,113.0,Moderate
Talcher,2018-07-09,2.06,19.25,2.07,102.0,Moderate
Talcher,2018-07-10,2.15,19.34,3.49,102.0,Moderate
Talcher,2018-07-11,2.39,20.04,3.09,108.0,Moderate
Talcher,2018-07-12,2.44,20.19,3.43,108.0,Moderate
Talcher,2018-07-13,2.41,20.68,2.51,108.0,Moderate
Talcher,2018-07-14,2.49,19.71,2.17,107.0,Moderate
Talcher,2018-07-15,2.45,26.69,2.21,109.0,Moderate
Talcher,2018-07-16,2.43,19.34,0.05,106.0,Moderate
Talcher,2018-07-17,2.29,27.14,1.26,105.0,Moderate
Talcher,2018-07-18,2.58,20.88,2.87,111.0,Moderate
Talcher,2018-07-19,2.51,21.37,2.79,122.0,Moderate
Talcher,2018-07-20,2.62,21.2,3.96,110.0,Moderate
Talcher,2018-07-21,2.29,20.38,3.33,106.0,Moderate
Talcher,2018-07-22,2.27,20.04,1.51,104.0,Moderate
Talcher,2018-07-23,2.44,21.58,2.26,108.0,Moderate
Talcher,2018-07-24,2.64,23.82,0.92,130.0,Moderate
Talcher,2018-08-14,2.68,21.87,3.61,111.0,Moderate
Talcher,2018-08-15,2.64,21.1,0.09,113.0,Moderate
Talcher,2018-08-16,2.3,20.57,2.82,104.0,Moderate
Talcher,2018-08-21,2.64,21.88,6.53,111.0,Moderate
Talcher,2018-08-23,2.59,21.5,1.15,108.0,Moderate
Talcher,2018-10-16,3.08,26.32,79.92,46.0,Good
Talcher,2018-10-17,2.41,25.23,4.85,118.0,Moderate
Talcher,2018-10-18,2.67,27.34,8.82,117.0,Moderate
Talcher,2018-10-19,2.9,24.7,19.71,119.0,Moderate
Talcher,2018-10-20,2.54,24.19,24.98,116.0,Moderate
Talcher,2018-10-21,2.44,24.31,6.61,111.0,Moderate
Talcher,2018-10-22,2.78,25.14,13.5,127.0,Moderate
Talcher,2018-10-23,2.58,23.13,8.34,123.0,Moderate
Talcher,2018-10-24,2.36,23.62,16.32,109.0,Moderate
Talcher,2018-10-25,2.65,25.15,13.43,113.0,Moderate
Talcher,2018-10-26,2.74,25.46,15.81,148.0,Moderate
Talcher,2018-10-27,2.97,27.7,5.87,135.0,Moderate
Talcher,2018-10-28,2.5,26.93,2.53,112.0,Moderate
Talcher,2018-10-29,2.27,26.18,2.11,107.0,Moderate
Talcher,2018-10-30,2.26,24.32,0.24,107.0,Moderate
Talcher,2018-10-31,2.54,25.52,2.3,115.0,Moderate
Talcher,2018-11-01,2.48,24.02,2.04,113.0,Moderate
Talcher,2018-11-02,2.44,25.01,2.05,112.0,Moderate
Talcher,2018-11-03,2.69,25.22,15.89,150.0,Moderate
Talcher,2018-11-04,2.5,24.16,9.45,146.0,Moderate
Talcher,2018-11-05,3.06,25.23,19.45,192.0,Moderate
Talcher,2018-11-06,3.25,48.64,14.57,246.0,Poor
Talcher,2018-11-07,2.65,28.97,13.94,185.0,Moderate
Talcher,2018-11-08,2.41,24.17,19.43,167.0,Moderate
Talcher,2018-11-09,1.53,20.63,8.95,181.0,Moderate
Talcher,2018-11-10,0.0,5.99,6.37,280.0,Poor
Talcher,2018-11-11,0.0,6.0,6.27,336.0,Very Poor
Talcher,2018-11-12,0.43,6.36,4.61,271.0,Poor
Talcher,2018-11-13,1.42,6.49,2.34,255.0,Poor
Talcher,2018-11-14,1.9,6.55,2.58,315.0,Very Poor
Talcher,2018-11-15,1.08,6.39,3.56,311.0,Very Poor
Talcher,2018-11-16,0.01,6.77,5.91,404.0,Severe
Talcher,2018-11-17,0.02,6.86,5.52,367.0,Very Poor
Talcher,2018-11-18,0.04,13.68,4.38,314.0,Very Poor
Talcher,2018-11-19,0.81,5.97,6.44,193.0,Moderate
Talcher,2018-11-20,2.08,6.71,1.4,408.0,Severe
Talcher,2018-11-21,1.88,6.82,0.53,431.0,Severe
Talcher,2018-11-22,1.62,6.93,0.15,396.0,Very Poor
Talcher,2018-11-23,1.78,6.75,1.48,422.0,Severe
Talcher,2018-11-24,1.16,6.83,0.56,360.0,Very Poor
Talcher,2018-11-25,1.21,6.96,0.34,330.0,Very Poor
Talcher,2018-11-26,1.5,6.98,0.43,386.0,Very Poor
Talcher,2018-11-27,1.92,6.88,0.32,525.0,Severe
Talcher,2018-11-28,2.96,9.96,0.25,489.0,Severe
Talcher,2018-11-29,2.22,6.94,0.33,356.0,Very Poor
Talcher,2018-11-30,2.08,6.98,0.1,509.0,Severe
Talcher,2018-12-01,1.84,7.02,0.09,428.0,Severe
Talcher,2018-12-02,1.86,7.09,0.02,434.0,Severe
Talcher,2018-12-09,2.28,7.02,0.2,230.0,Poor
Talcher,2018-12-10,2.17,6.89,1.02,291.0,Poor
Talcher,2018-12-11,1.87,6.89,0.96,212.0,Poor
Talcher,2018-12-12,2.87,6.94,0.82,266.0,Poor
Talcher,2018-12-13,2.9,6.91,0.9,261.0,Poor
Talcher,2018-12-14,2.54,6.88,0.97,269.0,Poor
Talcher,2018-12-25,3.71,6.82,7.19,210.0,Poor
Talcher,2018-12-26,3.52,5.92,6.8,244.0,Poor
Talcher,2018-12-27,3.3,5.92,6.76,249.0,Poor
Talcher,2018-12-28,3.04,5.94,6.64,254.0,Poor
Talcher,2018-12-29,3.63,6.01,6.02,249.0,Poor
Talcher,2018-12-30,3.2,6.05,5.73,227.0,Poor
Talcher,2018-12-31,3.25,6.03,5.94,200.0,Moderate
Talcher,2019-01-01,3.73,5.96,6.47,252.0,Poor
Talcher,2019-01-02,4.74,6.0,6.14,304.0,Very Poor
Talcher,2019-01-03,4.25,6.04,5.82,353.0,Very Poor
Talcher,2019-01-04,4.07,6.18,4.88,359.0,Very Poor
Talcher,2019-01-05,4.07,6.22,4.94,336.0,Very Poor
Talcher,2019-01-06,4.16,6.26,5.19,344.0,Very Poor
Talcher,2019-01-07,4.23,6.36,5.46,346.0,Very Poor
Talcher,2019-01-08,3.33,6.42,5.92,307.0,Very Poor
Talcher,2019-01-09,3.55,6.39,5.44,221.0,Poor
Talcher,2019-01-10,3.51,6.19,5.93,285.0,Poor
Talcher,2019-01-11,2.66,6.06,5.76,308.0,Very Poor
Talcher,2019-01-12,2.95,6.1,5.36,305.0,Very Poor
Talcher,2019-01-13,3.43,6.14,5.04,306.0,Very Poor
Talcher,2019-01-14,3.31,6.13,5.05,322.0,Very Poor
Talcher,2019-01-15,2.29,6.19,4.75,359.0,Very Poor
Talcher,2019-01-16,1.77,5.88,5.06,360.0,Very Poor
Talcher,2019-01-17,1.79,7.17,6.78,341.0,Very Poor
Talcher,2019-01-19,2.2,6.81,0.51,336.0,Very Poor
Talcher,2019-01-20,2.47,6.91,0.14,367.0,Very Poor
Talcher,2019-01-21,2.34,6.98,0.03,456.0,Severe
Talcher,2019-01-22,1.81,7.03,0.07,292.0,Poor
Talcher,2019-01-23,1.7,7.08,0.25,220.0,Poor
Talcher,2019-01-24,1.56,8.09,0.14,176.0,Moderate
Talcher,2019-02-06,2.81,7.44,3.79,439.0,Severe
Talcher,2019-03-21,1.0,7.54,8.0,121.0,Moderate
Talcher,2019-03-22,0.93,7.65,7.01,148.0,Moderate
Talcher,2019-03-23,1.23,7.52,8.1,161.0,Moderate
Talcher,2019-03-24,1.25,7.51,8.06,219.0,Poor
Talcher,2019-03-25,1.85,7.59,7.38,335.0,Very Poor
Talcher,2019-03-26,0.99,7.61,7.28,292.0,Poor
Talcher,2019-03-27,0.61,7.57,7.69,156.0,Moderate
Talcher,2019-03-28,0.72,7.58,7.43,123.0,Moderate
Talcher,2019-03-29,0.96,7.61,7.12,166.0,Moderate
Talcher,2019-03-30,1.32,7.69,6.55,191.0,Moderate
Talcher,2019-03-31,1.02,7.68,6.68,213.0,Poor
Talcher,2019-04-01,0.99,7.7,6.47,200.0,Moderate
Talcher,2019-04-02,1.26,7.01,11.4,145.0,Moderate
Talcher,2019-04-03,1.2,6.36,16.39,164.0,Moderate
Talcher,2019-04-04,0.95,6.38,16.09,130.0,Moderate
Talcher,2019-04-05,1.21,6.39,16.03,144.0,Moderate
Talcher,2019-04-06,0.93,6.46,15.4,168.0,Moderate
Talcher,2019-04-07,0.73,6.49,15.27,114.0,Moderate
Talcher,2019-04-08,0.81,6.42,15.79,89.0,Satisfactory
Talcher,2019-04-09,1.43,6.38,16.1,124.0,Moderate
Talcher,2019-04-10,1.55,6.92,15.58,158.0,Moderate
Talcher,2019-04-11,1.37,6.43,15.61,119.0,Moderate
Talcher,2019-04-12,1.72,6.52,14.97,170.0,Moderate
Talcher,2019-04-13,1.27,11.27,15.28,155.0,Moderate
Talcher,2019-04-15,1.58,6.49,15.03,183.0,Moderate
Talcher,2019-04-16,1.71,6.87,16.46,180.0,Moderate
Talcher,2019-04-17,1.56,6.45,15.44,253.0,Poor
Talcher,2019-04-18,1.25,7.22,9.91,144.0,Moderate
Talcher,2019-04-19,1.64,7.35,17.09,128.0,Moderate
Talcher,2019-04-20,1.65,6.05,18.56,124.0,Moderate
Talcher,2019-04-21,1.35,11.3,17.6,120.0,Moderate
Talcher,2019-04-22,1.72,6.1,18.22,130.0,Moderate
Talcher,2019-04-23,1.38,6.07,18.35,116.0,Moderate
Talcher,2019-04-24,1.16,6.08,18.33,99.0,Satisfactory
Talcher,2019-04-25,1.18,6.16,17.63,93.0,Satisfactory
Talcher,2019-04-30,1.21,6.36,16.24,104.0,Moderate
Talcher,2019-05-01,1.27,11.45,15.82,89.0,Satisfactory
Talcher,2019-05-02,1.21,6.81,13.18,77.0,Satisfactory
Talcher,2019-05-03,1.94,16.56,12.51,102.0,Moderate
Talcher,2019-05-05,1.58,6.57,14.86,132.0,Moderate
Talcher,2019-05-06,1.71,7.54,14.18,140.0,Moderate
Talcher,2019-05-07,2.07,6.69,13.78,168.0,Moderate
Talcher,2019-05-08,2.09,6.7,13.67,177.0,Moderate
Talcher,2019-05-09,1.79,6.85,12.38,170.0,Moderate
Talcher,2019-05-10,1.86,6.7,13.54,171.0,Moderate
Talcher,2019-05-11,1.66,8.08,11.91,155.0,Moderate
Talcher,2019-05-12,1.91,6.68,14.01,134.0,Moderate
Talcher,2019-05-13,2.14,6.81,12.98,169.0,Moderate
Talcher,2019-05-14,1.49,6.87,12.44,135.0,Moderate
Talcher,2019-05-15,1.5,8.56,12.66,119.0,Moderate
Talcher,2019-05-18,0.0,6.98,11.6,123.0,Moderate
Talcher,2019-05-19,0.0,7.08,10.82,133.0,Moderate
Talcher,2019-05-20,0.0,7.07,10.81,126.0,Moderate
Talcher,2019-05-21,0.0,7.38,8.82,127.0,Moderate
Talcher,2019-05-22,0.0,7.24,9.74,127.0,Moderate
Talcher,2019-05-23,0.0,7.08,10.75,117.0,Moderate
Talcher,2019-05-24,0.0,7.79,7.14,102.0,Moderate
Talcher,2019-05-25,0.67,8.07,10.26,98.0,Satisfactory
Talcher,2019-05-26,0.62,6.79,12.84,122.0,Moderate
Talcher,2019-05-27,0.76,7.29,9.27,116.0,Moderate
Talcher,2019-05-28,0.83,8.34,12.25,126.0,Moderate
Talcher,2019-05-29,1.31,7.21,10.15,167.0,Moderate
Talcher,2019-05-30,0.93,6.88,12.15,124.0,Moderate
Talcher,2019-05-31,0.97,10.35,9.84,125.0,Moderate
Talcher,2019-06-01,1.91,6.68,13.47,136.0,Moderate
Talcher,2019-06-02,1.09,19.19,9.47,114.0,Moderate
Talcher,2019-06-03,0.95,7.21,9.68,112.0,Moderate
Talcher,2019-06-04,1.18,7.25,9.42,118.0,Moderate
Talcher,2019-06-05,0.87,6.98,11.28,98.0,Satisfactory
Talcher,2019-06-08,0.92,8.23,3.88,93.0,Satisfactory
Talcher,2019-06-09,1.05,8.46,4.48,110.0,Moderate
Talcher,2019-06-10,1.03,7.36,8.51,108.0,Moderate
Talcher,2019-06-11,1.12,8.4,8.58,121.0,Moderate
Talcher,2019-06-12,1.0,7.86,6.66,123.0,Moderate
Talcher,2019-06-13,1.42,16.62,3.05,120.0,Moderate
Talcher,2019-06-17,1.24,7.44,8.52,97.0,Satisfactory
Talcher,2019-06-18,1.5,8.2,3.2,116.0,Moderate
Talcher,2019-06-19,1.57,7.65,6.77,136.0,Moderate
Talcher,2019-06-20,1.51,10.37,5.48,149.0,Moderate
Talcher,2019-06-21,1.45,7.69,6.48,75.0,Satisfactory
Talcher,2019-06-22,1.56,15.17,6.6,86.0,Satisfactory
Talcher,2019-06-23,1.17,7.68,6.43,58.0,Satisfactory
Talcher,2019-06-24,0.97,7.59,7.01,58.0,Satisfactory
Talcher,2019-06-25,0.97,8.04,6.12,63.0,Satisfactory
Talcher,2019-06-26,1.04,9.42,5.37,71.0,Satisfactory
Talcher,2019-06-27,1.08,7.61,7.01,76.0,Satisfactory
Talcher,2019-06-28,1.37,9.79,6.97,96.0,Satisfactory
Talcher,2019-06-29,1.88,7.56,7.4,124.0,Moderate
Talcher,2019-06-30,1.63,7.69,6.35,100.0,Satisfactory
Talcher,2019-07-01,1.62,7.82,5.15,82.0,Satisfactory
Talcher,2019-07-02,0.88,7.7,7.14,83.0,Satisfactory
Talcher,2019-07-03,0.75,8.19,6.0,79.0,Satisfactory
Talcher,2019-07-04,1.53,8.74,5.62,81.0,Satisfactory
Talcher,2019-07-05,2.08,9.7,5.13,102.0,Moderate
Talcher,2019-07-06,1.59,8.06,3.42,86.0,Satisfactory
Talcher,2019-07-07,1.67,7.86,5.53,88.0,Satisfactory
Talcher,2019-07-08,1.87,7.78,5.71,99.0,Satisfactory
Talcher,2019-07-09,1.61,7.86,4.91,112.0,Moderate
Talcher,2019-07-10,1.41,7.92,4.52,100.0,Satisfactory
Talcher,2019-07-11,1.35,7.78,5.64,99.0,Satisfactory
Talcher,2019-07-12,1.44,7.96,6.51,97.0,Satisfactory
Talcher,2019-07-13,1.63,7.74,5.9,116.0,Moderate
Talcher,2019-07-14,1.67,19.74,4.72,127.0,Moderate
Talcher,2019-07-15,1.55,7.85,5.03,109.0,Moderate
Talcher,2019-07-16,1.64,8.06,3.27,149.0,Moderate
Talcher,2019-07-17,1.99,9.43,1.88,171.0,Moderate
Talcher,2019-07-18,1.91,10.53,1.96,118.0,Moderate
Talcher,2019-07-19,1.77,9.45,1.3,123.0,Moderate
Talcher,2019-07-20,1.34,8.66,1.68,67.0,Satisfactory
Talcher,2019-07-21,1.28,9.63,3.28,71.0,Satisfactory
Talcher,2019-07-22,1.19,8.89,0.63,62.0,Satisfactory
Talcher,2019-07-23,1.21,8.81,1.57,65.0,Satisfactory
Talcher,2019-07-24,1.29,7.77,7.21,77.0,Satisfactory
Talcher,2019-07-25,1.61,8.86,8.7,100.0,Satisfactory
Talcher,2019-07-26,1.7,8.09,9.75,91.0,Satisfactory
Talcher,2019-07-27,1.51,7.42,7.89,80.0,Satisfactory
Talcher,2019-07-28,1.73,7.47,9.11,90.0,Satisfactory
Talcher,2019-07-29,1.47,7.49,8.67,78.0,Satisfactory
Talcher,2019-07-30,1.38,7.4,9.02,71.0,Satisfactory
Talcher,2019-07-31,1.43,7.27,9.22,74.0,Satisfactory
Talcher,2019-08-01,1.47,7.09,10.5,77.0,Satisfactory
Talcher,2019-08-02,1.81,7.0,10.94,93.0,Satisfactory
Talcher,2019-08-03,1.82,7.09,10.31,94.0,Satisfactory
Talcher,2019-08-04,1.56,7.1,10.09,83.0,Satisfactory
Talcher,2019-08-05,1.7,6.92,11.57,87.0,Satisfactory
Talcher,2019-08-06,1.82,7.95,6.3,89.0,Satisfactory
Talcher,2019-08-07,1.92,8.8,0.21,99.0,Satisfactory
Talcher,2019-08-08,1.66,8.45,3.19,87.0,Satisfactory
Talcher,2019-08-09,1.64,7.34,8.45,85.0,Satisfactory
Talcher,2019-08-10,2.08,7.23,9.1,103.0,Moderate
Talcher,2019-08-11,1.93,7.43,7.59,102.0,Moderate
Talcher,2019-08-12,2.13,7.5,6.94,102.0,Moderate
Talcher,2019-08-21,2.14,7.53,6.85,104.0,Moderate
Talcher,2019-08-22,2.2,8.35,7.19,105.0,Moderate
Talcher,2019-08-23,2.66,7.6,6.7,110.0,Moderate
Talcher,2019-08-24,2.77,7.62,6.67,112.0,Moderate
Talcher,2019-08-25,2.42,7.68,6.61,108.0,Moderate
Talcher,2019-08-26,2.1,7.58,7.78,103.0,Moderate
Talcher,2019-08-27,2.62,7.22,9.1,115.0,Moderate
Talcher,2019-08-28,2.41,7.27,8.73,112.0,Moderate
Talcher,2019-08-29,2.19,7.62,8.2,108.0,Moderate
Talcher,2019-08-30,1.26,8.12,5.37,103.0,Moderate
Talcher,2019-08-31,0.36,9.18,3.07,82.0,Satisfactory
Talcher,2019-09-01,0.89,16.02,3.79,57.0,Satisfactory
Talcher,2019-09-02,1.21,8.0,4.19,72.0,Satisfactory
Talcher,2019-09-03,1.56,7.91,4.34,88.0,Satisfactory
Talcher,2019-09-04,1.31,7.57,7.61,100.0,Satisfactory
Talcher,2019-09-05,1.39,8.66,0.69,85.0,Satisfactory
Talcher,2019-09-06,1.34,9.07,7.03,84.0,Satisfactory
Talcher,2019-09-07,0.96,7.37,8.28,94.0,Satisfactory
Talcher,2019-09-10,1.03,7.38,8.45,69.0,Satisfactory
Talcher,2019-09-11,1.24,8.29,6.79,76.0,Satisfactory
Talcher,2019-09-12,1.06,8.36,6.38,79.0,Satisfactory
Talcher,2019-09-13,1.09,7.86,5.69,69.0,Satisfactory
Talcher,2019-09-14,1.39,7.39,9.61,75.0,Satisfactory
Talcher,2019-09-15,1.2,7.41,8.36,84.0,Satisfactory
Talcher,2019-09-16,1.12,7.43,8.24,75.0,Satisfactory
Talcher,2019-09-17,0.86,7.41,8.74,63.0,Satisfactory
Talcher,2019-09-18,0.93,15.1,8.53,53.0,Satisfactory
Talcher,2019-09-19,0.86,7.25,9.36,48.0,Good
Talcher,2019-09-20,1.04,10.54,8.24,61.0,Satisfactory
Talcher,2019-09-21,1.15,8.4,1.13,90.0,Satisfactory
Talcher,2019-09-22,1.24,14.49,1.28,78.0,Satisfactory
Talcher,2019-09-23,1.05,8.26,1.98,49.0,Good
Talcher,2019-09-24,1.0,8.4,0.86,62.0,Satisfactory
Talcher,2019-10-11,1.1,7.15,9.95,81.0,Satisfactory
Talcher,2019-10-12,1.87,7.18,9.32,100.0,Satisfactory
Talcher,2019-10-13,2.02,7.29,9.14,110.0,Moderate
Talcher,2019-10-16,1.54,7.37,8.01,96.0,Satisfactory
Talcher,2019-10-17,1.04,7.34,8.37,63.0,Satisfactory
Talcher,2019-10-18,0.94,7.01,11.21,62.0,Satisfactory
Talcher,2019-10-19,1.12,6.98,11.51,74.0,Satisfactory
Talcher,2019-10-20,1.06,6.97,11.69,65.0,Satisfactory
Talcher,2019-10-21,1.77,6.99,11.35,80.0,Satisfactory
Talcher,2019-10-22,1.34,6.96,11.59,77.0,Satisfactory
Talcher,2019-10-23,1.01,7.2,9.83,64.0,Satisfactory
Talcher,2019-10-24,0.89,7.31,9.06,57.0,Satisfactory
Talcher,2019-10-25,1.33,8.66,7.86,70.0,Satisfactory
Talcher,2019-10-26,1.81,7.8,5.03,95.0,Satisfactory
Talcher,2019-10-27,1.61,7.76,5.86,87.0,Satisfactory
Talcher,2019-10-28,1.36,7.74,5.69,106.0,Moderate
Talcher,2019-10-29,1.38,7.83,4.99,77.0,Satisfactory
Talcher,2019-10-30,1.76,7.9,4.49,102.0,Moderate
Talcher,2019-10-31,2.2,7.98,3.86,110.0,Moderate
Talcher,2019-11-05,2.5,8.32,1.93,110.0,Moderate
Talcher,2019-11-06,2.17,8.37,1.78,117.0,Moderate
Talcher,2019-11-07,2.11,8.49,1.21,401.0,Severe
Talcher,2019-11-08,1.68,8.35,1.9,516.0,Severe
Talcher,2019-11-09,1.15,8.19,2.05,226.0,Poor
Talcher,2019-11-10,1.12,8.16,2.31,74.0,Satisfactory
Talcher,2019-11-11,1.69,7.05,6.51,105.0,Moderate
Talcher,2019-11-12,1.7,5.46,10.43,168.0,Moderate
Talcher,2019-11-13,1.86,5.51,10.2,184.0,Moderate
Talcher,2019-11-14,2.24,5.44,10.76,181.0,Moderate
Talcher,2019-11-15,2.2,5.63,9.3,199.0,Moderate
Talcher,2019-11-16,2.33,5.65,9.1,207.0,Poor
Talcher,2019-11-17,1.95,5.72,8.44,201.0,Poor
Talcher,2019-11-18,2.3,5.85,8.1,199.0,Moderate
Talcher,2019-11-19,2.02,5.54,9.92,184.0,Moderate
Talcher,2019-11-20,1.41,5.58,9.57,156.0,Moderate
Talcher,2019-11-21,1.87,5.68,8.87,182.0,Moderate
Talcher,2019-11-22,2.11,5.7,8.74,213.0,Poor
Talcher,2019-11-23,2.54,5.94,7.84,244.0,Poor
Talcher,2019-11-29,1.96,11.12,13.73,239.0,Poor
Talcher,2019-11-30,1.4,33.43,28.59,304.0,Very Poor
Talcher,2019-12-01,1.02,38.13,33.72,280.0,Poor
Talcher,2019-12-02,0.99,41.73,41.18,198.0,Moderate
Talcher,2019-12-03,1.57,45.47,39.88,245.0,Poor
Talcher,2019-12-18,2.19,24.18,34.66,169.0,Moderate
Talcher,2019-12-26,0.17,45.94,30.37,287.0,Poor
Talcher,2019-12-29,2.53,1.62,26.65,322.0,Very Poor
Talcher,2019-12-30,2.29,1.91,24.71,334.0,Very Poor
Talcher,2019-12-31,2.49,2.79,18.48,356.0,Very Poor
Talcher,2020-01-01,1.99,2.72,18.97,336.0,Very Poor
Talcher,2020-01-02,1.74,2.74,18.83,320.0,Very Poor
Talcher,2020-01-04,1.39,2.89,17.69,126.0,Moderate
Talcher,2020-01-05,1.58,2.16,23.28,143.0,Moderate
Talcher,2020-01-06,1.92,2.16,23.34,271.0,Poor
Talcher,2020-01-07,3.14,2.18,23.19,350.0,Very Poor
Talcher,2020-01-08,1.72,2.27,22.44,358.0,Very Poor
Talcher,2020-01-09,1.46,2.39,21.55,277.0,Poor
Talcher,2020-01-10,1.71,2.27,22.36,272.0,Poor
Talcher,2020-01-11,2.01,2.31,22.18,290.0,Poor
Talcher,2020-01-12,2.07,2.26,22.55,313.0,Very Poor
Talcher,2020-01-13,2.24,1.92,24.96,324.0,Very Poor
Talcher,2020-01-14,2.12,15.64,25.1,348.0,Very Poor
Talcher,2020-01-15,0.73,1.71,19.38,342.0,Very Poor
Talcher,2020-01-16,1.29,1.61,10.45,340.0,Very Poor
Talcher,2020-01-17,1.27,1.5,11.25,312.0,Very Poor
Talcher,2020-01-18,1.46,1.49,11.27,317.0,Very Poor
Talcher,2020-01-19,1.71,1.54,10.93,320.0,Very Poor
Talcher,2020-01-20,1.31,1.64,10.1,315.0,Very Poor
Talcher,2020-01-21,1.17,1.82,8.77,314.0,Very Poor
Talcher,2020-01-22,1.35,1.84,8.67,245.0,Poor
Talcher,2020-01-23,1.43,1.99,7.6,356.0,Very Poor
Talcher,2020-01-25,1.71,1.82,4.56,289.0,Poor
Talcher,2020-01-26,1.98,1.27,5.71,344.0,Very Poor
Talcher,2020-01-27,1.82,2.85,5.71,369.0,Very Poor
Talcher,2020-01-28,1.02,1.35,5.15,328.0,Very Poor
Talcher,2020-01-29,1.37,1.41,4.68,236.0,Poor
Talcher,2020-01-30,1.57,1.48,4.13,298.0,Poor
Talcher,2020-01-31,1.68,1.31,5.44,288.0,Poor
Talcher,2020-02-01,0.19,2.35,6.24,289.0,Poor
Talcher,2020-02-02,0.08,1.31,5.44,244.0,Poor
Talcher,2020-02-03,0.0,1.27,5.71,196.0,Moderate
Talcher,2020-02-04,0.65,1.34,5.24,150.0,Moderate
Talcher,2020-02-05,2.16,1.4,4.82,130.0,Moderate
Talcher,2020-02-06,2.3,15.03,6.47,186.0,Moderate
Talcher,2020-02-07,1.01,2.06,2.25,136.0,Moderate
Talcher,2020-02-08,1.15,1.82,2.94,79.0,Satisfactory
Talcher,2020-02-09,1.13,1.67,3.4,69.0,Satisfactory
Talcher,2020-02-11,2.04,1.22,6.26,299.0,Poor
Talcher,2020-02-12,1.92,1.68,6.59,314.0,Very Poor
Talcher,2020-02-13,1.73,0.89,8.43,303.0,Very Poor
Talcher,2020-02-14,1.72,1.28,5.59,323.0,Very Poor
Talcher,2020-02-15,1.8,1.29,5.61,311.0,Very Poor
Talcher,2020-02-16,2.07,1.62,4.98,317.0,Very Poor
Talcher,2020-02-17,1.97,1.4,4.76,322.0,Very Poor
Talcher,2020-02-18,1.99,1.47,5.05,313.0,Very Poor
Talcher,2020-02-19,2.09,1.62,4.94,253.0,Poor
Talcher,2020-02-20,1.86,1.28,5.65,183.0,Moderate
Talcher,2020-02-21,0.92,1.36,5.04,81.0,Satisfactory
Talcher,2020-02-22,1.11,1.43,4.55,83.0,Satisfactory
Talcher,2020-02-23,1.63,1.4,4.76,118.0,Moderate
Talcher,2020-02-24,1.74,1.49,4.13,113.0,Moderate
Talcher,2020-02-25,1.28,1.56,3.55,88.0,Satisfactory
Talcher,2020-02-26,1.46,1.5,4.0,84.0,Satisfactory
Talcher,2020-02-27,2.15,1.43,4.49,118.0,Moderate
Talcher,2020-02-28,2.05,1.49,4.01,145.0,Moderate
Talcher,2020-02-29,1.89,1.91,3.75,138.0,Moderate
Talcher,2020-03-01,2.02,1.54,3.68,155.0,Moderate
Talcher,2020-03-02,2.1,2.45,4.18,194.0,Moderate
Talcher,2020-03-03,1.41,1.45,4.33,138.0,Moderate
Talcher,2020-03-04,1.45,2.84,3.77,99.0,Satisfactory
Talcher,2020-03-05,1.09,1.78,3.27,71.0,Satisfactory
Talcher,2020-03-06,1.09,12.33,4.46,86.0,Satisfactory
Talcher,2020-03-07,1.27,1.63,3.31,117.0,Moderate
Talcher,2020-03-08,1.68,1.58,4.01,92.0,Satisfactory
Talcher,2020-03-10,1.41,1.71,3.53,98.0,Satisfactory
Talcher,2020-03-11,1.12,1.83,4.2,94.0,Satisfactory
Talcher,2020-03-12,1.3,3.35,6.67,90.0,Satisfactory
Talcher,2020-03-13,1.36,7.1,12.44,98.0,Satisfactory
Talcher,2020-03-14,1.15,6.74,13.15,90.0,Satisfactory
Talcher,2020-03-21,3.01,14.07,4.88,131.0,Moderate
Talcher,2020-03-22,1.81,13.76,4.64,107.0,Moderate
Talcher,2020-03-23,1.68,13.07,5.45,97.0,Satisfactory
Talcher,2020-03-24,2.28,13.05,5.64,115.0,Moderate
Talcher,2020-03-25,2.52,14.95,5.19,134.0,Moderate
Talcher,2020-03-26,2.59,13.38,5.79,130.0,Moderate
Talcher,2020-03-27,2.11,13.1,5.5,141.0,Moderate
Talcher,2020-03-28,2.37,13.12,5.03,133.0,Moderate
Talcher,2020-03-29,2.21,13.42,4.23,137.0,Moderate
Talcher,2020-03-30,1.98,13.27,4.06,121.0,Moderate
Talcher,2020-03-31,2.15,13.4,5.35,146.0,Moderate
Talcher,2020-04-01,1.96,23.23,3.81,113.0,Moderate
Talcher,2020-04-02,1.91,13.25,4.42,123.0,Moderate
Talcher,2020-04-04,2.41,13.16,4.92,146.0,Moderate
Talcher,2020-04-05,1.98,13.33,4.16,136.0,Moderate
Talcher,2020-04-06,2.73,13.86,4.57,137.0,Moderate
Talcher,2020-04-07,2.2,13.68,4.46,154.0,Moderate
Talcher,2020-04-08,2.18,13.72,4.27,111.0,Moderate
Talcher,2020-04-09,1.97,14.76,4.84,136.0,Moderate
Talcher,2020-04-10,2.05,13.43,4.76,139.0,Moderate
Talcher,2020-04-11,2.3,13.52,4.35,146.0,Moderate
Talcher,2020-04-12,2.58,13.41,4.2,163.0,Moderate
Talcher,2020-04-13,2.46,14.09,4.28,153.0,Moderate
Talcher,2020-04-14,2.69,13.38,4.75,183.0,Moderate
Talcher,2020-04-15,2.22,14.01,4.73,143.0,Moderate
Talcher,2020-04-16,2.22,13.48,4.76,183.0,Moderate
Talcher,2020-04-17,2.0,13.12,5.14,166.0,Moderate
Talcher,2020-04-18,1.95,16.18,6.29,136.0,Moderate
Talcher,2020-04-19,3.21,13.48,4.92,145.0,Moderate
Talcher,2020-04-20,2.37,13.13,5.53,147.0,Moderate
Talcher,2020-04-21,1.77,13.6,5.05,100.0,Satisfactory
Talcher,2020-04-22,1.9,13.11,5.57,101.0,Moderate
Talcher,2020-04-23,1.92,13.1,5.22,113.0,Moderate
Talcher,2020-04-24,1.9,11.45,9.83,102.0,Moderate
Talcher,2020-04-25,2.04,3.16,21.02,101.0,Moderate
Talcher,2020-04-26,1.93,3.2,20.71,102.0,Moderate
Talcher,2020-04-27,2.07,3.19,20.77,108.0,Moderate
Talcher,2020-04-28,2.0,3.24,20.4,113.0,Moderate
Talcher,2020-04-29,2.43,4.99,19.15,113.0,Moderate
Talcher,2020-04-30,1.95,3.37,19.29,119.0,Moderate
Talcher,2020-05-01,2.12,3.43,18.9,118.0,Moderate
Talcher,2020-05-04,2.02,5.48,17.35,100.0,Satisfactory
Talcher,2020-05-05,1.93,5.5,17.53,110.0,Moderate
Talcher,2020-05-07,1.56,11.26,16.83,96.0,Satisfactory
Talcher,2020-05-09,2.21,12.36,17.45,202.0,Poor
Talcher,2020-05-10,1.5,12.46,16.72,128.0,Moderate
Talcher,2020-05-11,1.74,11.02,18.5,123.0,Moderate
Talcher,2020-05-12,1.43,11.11,17.67,100.0,Satisfactory
Talcher,2020-05-13,1.37,10.93,19.07,117.0,Moderate
Talcher,2020-05-14,1.25,13.88,13.94,109.0,Moderate
Talcher,2020-05-15,1.41,11.71,14.22,109.0,Moderate
Talcher,2020-05-16,1.52,14.77,12.24,105.0,Moderate
Talcher,2020-05-17,0.52,11.45,10.73,102.0,Moderate
Talcher,2020-05-18,0.73,11.52,15.14,79.0,Satisfactory
Talcher,2020-05-19,1.6,12.0,15.18,95.0,Satisfactory
Talcher,2020-05-20,1.87,11.4,16.57,103.0,Moderate
Talcher,2020-05-21,2.18,11.22,17.64,111.0,Moderate
Talcher,2020-05-22,1.49,11.36,16.96,84.0,Satisfactory
Talcher,2020-05-23,1.42,11.42,16.09,78.0,Satisfactory
Talcher,2020-05-24,1.44,11.24,17.06,79.0,Satisfactory
Talcher,2020-05-25,1.4,11.11,17.87,77.0,Satisfactory
Talcher,2020-05-26,1.44,11.17,17.41,79.0,Satisfactory
Talcher,2020-05-27,1.48,10.91,19.34,80.0,Satisfactory
Talcher,2020-05-28,1.41,11.18,17.33,77.0,Satisfactory
Talcher,2020-05-29,1.65,11.09,18.2,94.0,Satisfactory
Talcher,2020-05-30,1.7,11.89,20.72,95.0,Satisfactory
Talcher,2020-05-31,1.52,11.47,19.09,86.0,Satisfactory
Talcher,2020-06-01,1.7,11.17,18.68,93.0,Satisfactory
Talcher,2020-06-03,2.24,11.32,20.21,115.0,Moderate
Talcher,2020-06-25,0.46,4.62,25.5,75.0,Satisfactory
Talcher,2020-06-26,0.93,7.93,21.5,79.0,Satisfactory
Talcher,2020-06-27,1.18,6.73,21.95,90.0,Satisfactory
Talcher,2020-06-29,1.59,10.23,19.64,99.0,Satisfactory
Talcher,2020-06-30,1.3,4.45,26.53,86.0,Satisfactory
Talcher,2020-07-01,1.52,1.37,29.36,101.0,Moderate
Thiruvananthapuram,2017-09-26,1.03,2.97,8.78,63.0,Satisfactory
Thiruvananthapuram,2017-09-27,0.97,2.85,5.99,57.0,Satisfactory
Thiruvananthapuram,2017-09-28,1.13,2.5,8.17,61.0,Satisfactory
Thiruvananthapuram,2017-09-29,0.97,2.39,6.39,69.0,Satisfactory
Thiruvananthapuram,2017-09-30,0.97,2.22,4.43,57.0,Satisfactory
Thiruvananthapuram,2017-10-01,0.23,2.22,1.96,36.0,Good
Thiruvananthapuram,2017-10-31,1.15,4.06,8.44,72.0,Satisfactory
Thiruvananthapuram,2017-11-01,1.06,4.15,7.14,67.0,Satisfactory
Thiruvananthapuram,2017-11-02,1.12,4.36,8.94,65.0,Satisfactory
Thiruvananthapuram,2017-11-03,1.18,4.86,10.28,69.0,Satisfactory
Thiruvananthapuram,2017-11-04,1.31,4.21,9.8,77.0,Satisfactory
Thiruvananthapuram,2017-11-05,1.05,4.03,6.54,67.0,Satisfactory
Thiruvananthapuram,2017-11-06,1.24,4.04,12.03,76.0,Satisfactory
Thiruvananthapuram,2017-11-07,1.11,4.0,11.58,70.0,Satisfactory
Thiruvananthapuram,2017-11-08,1.27,4.06,14.55,83.0,Satisfactory
Thiruvananthapuram,2017-11-09,1.11,4.03,10.9,64.0,Satisfactory
Thiruvananthapuram,2017-11-10,1.27,3.8,12.12,86.0,Satisfactory
Thiruvananthapuram,2017-11-11,1.16,4.18,9.55,74.0,Satisfactory
Thiruvananthapuram,2017-11-12,1.25,6.27,10.23,72.0,Satisfactory
Thiruvananthapuram,2017-11-13,1.45,5.93,15.04,102.0,Moderate
Thiruvananthapuram,2017-11-14,1.21,6.2,13.97,100.0,Satisfactory
Thiruvananthapuram,2017-11-15,1.23,6.47,12.42,97.0,Satisfactory
Thiruvananthapuram,2017-11-16,1.23,4.84,14.55,91.0,Satisfactory
Thiruvananthapuram,2017-11-17,1.25,4.17,13.2,99.0,Satisfactory
Thiruvananthapuram,2017-11-18,1.33,3.82,10.77,114.0,Moderate
Thiruvananthapuram,2017-11-19,1.13,3.68,6.98,81.0,Satisfactory
Thiruvananthapuram,2017-11-20,1.16,4.08,9.87,69.0,Satisfactory
Thiruvananthapuram,2017-11-21,1.08,5.17,9.95,63.0,Satisfactory
Thiruvananthapuram,2017-11-22,1.28,4.46,12.26,80.0,Satisfactory
Thiruvananthapuram,2017-11-23,1.31,4.85,13.04,91.0,Satisfactory
Thiruvananthapuram,2017-11-24,1.28,5.1,12.84,87.0,Satisfactory
Thiruvananthapuram,2017-11-25,1.61,5.07,17.42,162.0,Moderate
Thiruvananthapuram,2017-11-26,1.33,5.5,10.95,230.0,Poor
Thiruvananthapuram,2017-11-27,1.33,5.43,13.9,103.0,Moderate
Thiruvananthapuram,2017-11-28,1.43,4.63,13.53,83.0,Satisfactory
Thiruvananthapuram,2017-11-29,1.23,4.19,8.82,86.0,Satisfactory
Thiruvananthapuram,2017-11-30,0.97,4.77,4.08,58.0,Satisfactory
Thiruvananthapuram,2017-12-01,0.92,4.23,6.78,57.0,Satisfactory
Thiruvananthapuram,2017-12-02,1.08,3.99,8.07,60.0,Satisfactory
Thiruvananthapuram,2017-12-03,1.22,3.64,9.14,76.0,Satisfactory
Thiruvananthapuram,2017-12-04,1.26,3.81,7.84,86.0,Satisfactory
Thiruvananthapuram,2017-12-08,1.31,11.16,5.31,84.0,Satisfactory
Thiruvananthapuram,2017-12-09,1.21,12.28,5.57,68.0,Satisfactory
Thiruvananthapuram,2017-12-10,1.26,10.85,5.73,85.0,Satisfactory
Thiruvananthapuram,2017-12-11,1.31,8.9,6.12,105.0,Moderate
Thiruvananthapuram,2017-12-12,1.37,7.31,6.2,139.0,Moderate
Thiruvananthapuram,2017-12-13,1.3,7.4,6.38,83.0,Satisfactory
Thiruvananthapuram,2017-12-14,1.4,8.03,8.35,81.0,Satisfactory
Thiruvananthapuram,2017-12-15,1.59,8.01,8.08,124.0,Moderate
Thiruvananthapuram,2017-12-16,1.26,7.14,8.52,87.0,Satisfactory
Thiruvananthapuram,2017-12-17,1.23,6.56,7.28,94.0,Satisfactory
Thiruvananthapuram,2017-12-18,1.25,6.14,6.68,79.0,Satisfactory
Thiruvananthapuram,2017-12-19,1.3,6.16,5.55,125.0,Moderate
Thiruvananthapuram,2017-12-20,1.15,6.6,5.68,71.0,Satisfactory
Thiruvananthapuram,2017-12-21,1.27,6.23,4.42,78.0,Satisfactory
Thiruvananthapuram,2017-12-22,1.16,6.11,5.42,68.0,Satisfactory
Thiruvananthapuram,2017-12-23,1.31,5.83,3.96,76.0,Satisfactory
Thiruvananthapuram,2017-12-24,1.0,5.38,4.35,66.0,Satisfactory
Thiruvananthapuram,2017-12-25,1.07,5.05,3.86,76.0,Satisfactory
Thiruvananthapuram,2017-12-26,1.31,9.86,7.01,94.0,Satisfactory
Thiruvananthapuram,2017-12-27,1.38,10.06,9.64,103.0,Moderate
Thiruvananthapuram,2017-12-28,1.36,9.19,9.2,129.0,Moderate
Thiruvananthapuram,2017-12-29,1.2,9.12,11.28,112.0,Moderate
Thiruvananthapuram,2017-12-30,1.42,10.6,10.86,145.0,Moderate
Thiruvananthapuram,2017-12-31,1.19,9.57,6.57,118.0,Moderate
Thiruvananthapuram,2018-01-01,1.28,8.34,8.79,106.0,Moderate
Thiruvananthapuram,2018-01-02,1.32,9.27,7.51,119.0,Moderate
Thiruvananthapuram,2018-01-03,1.36,11.36,10.46,99.0,Satisfactory
Thiruvananthapuram,2018-01-04,1.4,9.93,16.88,106.0,Moderate
Thiruvananthapuram,2018-01-05,1.32,11.15,15.1,145.0,Moderate
Thiruvananthapuram,2018-01-06,1.32,11.25,16.16,155.0,Moderate
Thiruvananthapuram,2018-01-07,1.27,10.54,10.07,186.0,Moderate
Thiruvananthapuram,2018-01-08,1.69,10.15,17.84,127.0,Moderate
Thiruvananthapuram,2018-01-09,1.55,11.01,18.3,137.0,Moderate
Thiruvananthapuram,2018-01-10,1.58,10.88,15.68,169.0,Moderate
Thiruvananthapuram,2018-01-11,1.57,7.89,15.84,123.0,Moderate
Thiruvananthapuram,2018-01-12,1.59,7.09,15.32,157.0,Moderate
Thiruvananthapuram,2018-01-13,1.58,7.43,14.84,127.0,Moderate
Thiruvananthapuram,2018-01-14,1.25,6.23,10.5,120.0,Moderate
Thiruvananthapuram,2018-01-15,1.58,6.37,15.14,162.0,Moderate
Thiruvananthapuram,2018-01-16,1.54,6.73,17.55,108.0,Moderate
Thiruvananthapuram,2018-01-17,1.6,7.53,15.92,182.0,Moderate
Thiruvananthapuram,2018-01-18,1.56,9.28,14.03,163.0,Moderate
Thiruvananthapuram,2018-01-19,1.4,9.1,16.13,120.0,Moderate
Thiruvananthapuram,2018-01-20,1.47,9.12,18.91,125.0,Moderate
Thiruvananthapuram,2018-01-21,1.48,10.24,12.51,204.0,Poor
Thiruvananthapuram,2018-01-22,1.8,9.42,17.52,183.0,Moderate
Thiruvananthapuram,2018-01-23,1.68,8.35,16.8,183.0,Moderate
Thiruvananthapuram,2018-01-24,1.17,9.33,13.4,170.0,Moderate
Thiruvananthapuram,2018-01-25,0.91,7.65,11.85,132.0,Moderate
Thiruvananthapuram,2018-01-26,0.89,6.62,14.22,92.0,Satisfactory
Thiruvananthapuram,2018-01-27,0.88,7.78,11.75,99.0,Satisfactory
Thiruvananthapuram,2018-01-28,0.92,6.94,13.8,93.0,Satisfactory
Thiruvananthapuram,2018-01-29,1.18,5.49,16.42,112.0,Moderate
Thiruvananthapuram,2018-01-30,0.92,6.18,12.11,121.0,Moderate
Thiruvananthapuram,2018-01-31,1.16,5.91,14.05,130.0,Moderate
Thiruvananthapuram,2018-02-01,1.14,5.89,9.16,144.0,Moderate
Thiruvananthapuram,2018-02-02,1.06,3.97,21.42,132.0,Moderate
Thiruvananthapuram,2018-02-03,0.96,8.29,16.6,124.0,Moderate
Thiruvananthapuram,2018-02-04,0.9,7.38,12.04,111.0,Moderate
Thiruvananthapuram,2018-02-05,0.94,6.82,12.09,100.0,Satisfactory
Thiruvananthapuram,2018-02-06,0.91,5.81,11.41,96.0,Satisfactory
Thiruvananthapuram,2018-02-07,0.94,4.84,11.18,80.0,Satisfactory
Thiruvananthapuram,2018-02-08,0.89,4.22,14.71,66.0,Satisfactory
Thiruvananthapuram,2018-02-09,0.95,4.92,15.58,80.0,Satisfactory
Thiruvananthapuram,2018-02-10,0.95,5.96,12.29,71.0,Satisfactory
Thiruvananthapuram,2018-02-11,0.88,5.38,20.97,72.0,Satisfactory
Thiruvananthapuram,2018-02-13,0.94,8.94,19.57,92.0,Satisfactory
Thiruvananthapuram,2018-02-14,0.93,8.47,18.51,94.0,Satisfactory
Thiruvananthapuram,2018-02-15,1.08,7.17,20.75,99.0,Satisfactory
Thiruvananthapuram,2018-02-16,1.04,6.63,20.96,82.0,Satisfactory
Thiruvananthapuram,2018-02-17,1.14,6.34,18.84,88.0,Satisfactory
Thiruvananthapuram,2018-02-18,0.91,6.59,14.43,105.0,Moderate
Thiruvananthapuram,2018-02-19,1.03,7.78,19.02,107.0,Moderate
Thiruvananthapuram,2018-02-20,1.09,7.37,19.72,105.0,Moderate
Thiruvananthapuram,2018-02-21,1.07,7.39,20.39,112.0,Moderate
Thiruvananthapuram,2018-02-22,0.88,7.27,17.82,96.0,Satisfactory
Thiruvananthapuram,2018-02-23,0.98,6.86,20.09,94.0,Satisfactory
Thiruvananthapuram,2018-02-24,1.02,8.57,18.48,93.0,Satisfactory
Thiruvananthapuram,2018-02-27,0.87,7.58,15.34,77.0,Satisfactory
Thiruvananthapuram,2018-02-28,0.9,6.49,16.4,78.0,Satisfactory
Thiruvananthapuram,2018-03-01,1.02,6.34,15.53,70.0,Satisfactory
Thiruvananthapuram,2018-03-02,1.06,5.54,13.31,79.0,Satisfactory
Thiruvananthapuram,2018-03-03,0.96,5.51,13.26,85.0,Satisfactory
Thiruvananthapuram,2018-03-04,0.96,6.03,13.21,98.0,Satisfactory
Thiruvananthapuram,2018-03-05,1.05,7.11,13.94,95.0,Satisfactory
Thiruvananthapuram,2018-03-06,1.05,6.97,13.27,94.0,Satisfactory
Thiruvananthapuram,2018-03-07,1.08,6.99,14.89,97.0,Satisfactory
Thiruvananthapuram,2018-03-08,1.12,5.51,15.59,90.0,Satisfactory
Thiruvananthapuram,2018-03-09,1.1,6.04,11.94,91.0,Satisfactory
Thiruvananthapuram,2018-03-10,1.04,5.68,15.05,92.0,Satisfactory
Thiruvananthapuram,2018-03-11,0.98,5.21,16.69,112.0,Moderate
Thiruvananthapuram,2018-03-12,1.18,4.27,15.94,95.0,Satisfactory
Thiruvananthapuram,2018-03-13,1.22,3.63,15.51,89.0,Satisfactory
Thiruvananthapuram,2018-03-14,0.94,4.69,11.66,69.0,Satisfactory
Thiruvananthapuram,2018-03-15,0.76,4.97,8.65,55.0,Satisfactory
Thiruvananthapuram,2018-03-16,1.0,5.47,8.18,60.0,Satisfactory
Thiruvananthapuram,2018-03-17,0.87,5.31,11.64,62.0,Satisfactory
Thiruvananthapuram,2018-03-18,1.0,3.66,13.71,65.0,Satisfactory
Thiruvananthapuram,2018-03-19,1.15,4.15,13.36,74.0,Satisfactory
Thiruvananthapuram,2018-03-20,1.18,5.47,15.58,78.0,Satisfactory
Thiruvananthapuram,2018-03-21,1.17,5.71,13.82,78.0,Satisfactory
Thiruvananthapuram,2018-03-22,1.1,4.87,9.81,71.0,Satisfactory
Thiruvananthapuram,2018-03-23,1.12,4.58,9.99,68.0,Satisfactory
Thiruvananthapuram,2018-03-24,0.93,4.23,12.55,82.0,Satisfactory
Thiruvananthapuram,2018-03-25,1.19,5.2,13.53,82.0,Satisfactory
Thiruvananthapuram,2018-03-26,1.18,5.18,16.65,97.0,Satisfactory
Thiruvananthapuram,2018-03-27,1.47,4.77,14.58,90.0,Satisfactory
Thiruvananthapuram,2018-03-28,1.82,4.49,14.6,105.0,Moderate
Thiruvananthapuram,2018-03-29,1.36,6.25,14.14,91.0,Satisfactory
Thiruvananthapuram,2018-03-30,2.59,5.94,8.64,104.0,Moderate
Thiruvananthapuram,2018-03-31,2.99,5.34,10.19,130.0,Moderate
Thiruvananthapuram,2018-04-01,0.8,4.08,9.95,74.0,Satisfactory
Thiruvananthapuram,2018-04-02,0.82,3.87,8.04,64.0,Satisfactory
Thiruvananthapuram,2018-04-03,0.89,4.21,11.49,93.0,Satisfactory
Thiruvananthapuram,2018-04-04,0.97,4.08,13.51,137.0,Moderate
Thiruvananthapuram,2018-04-05,0.99,4.47,10.07,72.0,Satisfactory
Thiruvananthapuram,2018-04-07,0.92,5.08,11.27,121.0,Moderate
Thiruvananthapuram,2018-04-08,0.83,4.97,8.42,122.0,Moderate
Thiruvananthapuram,2018-04-09,0.86,4.61,9.04,126.0,Moderate
Thiruvananthapuram,2018-04-10,0.95,4.31,10.9,73.0,Satisfactory
Thiruvananthapuram,2018-04-11,0.95,4.63,9.67,160.0,Moderate
Thiruvananthapuram,2018-04-12,0.86,3.98,9.08,62.0,Satisfactory
Thiruvananthapuram,2018-04-13,1.12,3.7,14.89,84.0,Satisfactory
Thiruvananthapuram,2018-04-14,0.82,5.17,10.86,61.0,Satisfactory
Thiruvananthapuram,2018-04-15,0.84,3.85,11.68,58.0,Satisfactory
Thiruvananthapuram,2018-04-16,0.88,4.23,12.86,60.0,Satisfactory
Thiruvananthapuram,2018-04-17,0.95,4.07,14.32,62.0,Satisfactory
Thiruvananthapuram,2018-04-18,1.13,3.96,18.95,71.0,Satisfactory
Thiruvananthapuram,2018-04-19,0.94,4.44,12.49,66.0,Satisfactory
Thiruvananthapuram,2018-04-20,0.99,3.72,14.91,61.0,Satisfactory
Thiruvananthapuram,2018-04-21,0.95,3.99,14.21,66.0,Satisfactory
Thiruvananthapuram,2018-04-22,0.83,3.93,11.86,58.0,Satisfactory
Thiruvananthapuram,2018-04-23,0.88,3.85,13.39,65.0,Satisfactory
Thiruvananthapuram,2018-04-24,0.85,3.21,9.46,62.0,Satisfactory
Thiruvananthapuram,2018-04-25,0.78,3.42,12.39,60.0,Satisfactory
Thiruvananthapuram,2018-04-26,0.88,3.41,12.32,62.0,Satisfactory
Thiruvananthapuram,2018-04-27,0.93,3.14,14.31,83.0,Satisfactory
Thiruvananthapuram,2018-04-28,1.12,2.83,14.79,70.0,Satisfactory
Thiruvananthapuram,2018-04-29,1.03,3.24,11.89,78.0,Satisfactory
Thiruvananthapuram,2018-04-30,0.86,3.37,11.71,65.0,Satisfactory
Thiruvananthapuram,2018-05-01,0.77,3.41,8.97,61.0,Satisfactory
Thiruvananthapuram,2018-05-02,0.84,2.91,9.89,65.0,Satisfactory
Thiruvananthapuram,2018-05-03,0.91,3.45,12.9,65.0,Satisfactory
Thiruvananthapuram,2018-05-04,0.89,3.67,9.75,70.0,Satisfactory
Thiruvananthapuram,2018-05-05,0.89,3.76,9.51,82.0,Satisfactory
Thiruvananthapuram,2018-05-06,0.86,3.1,9.51,58.0,Satisfactory
Thiruvananthapuram,2018-05-07,0.87,2.83,11.28,60.0,Satisfactory
Thiruvananthapuram,2018-05-08,0.88,2.92,9.77,55.0,Satisfactory
Thiruvananthapuram,2018-05-09,1.01,2.66,13.19,67.0,Satisfactory
Thiruvananthapuram,2018-05-10,0.86,2.63,11.06,54.0,Satisfactory
Thiruvananthapuram,2018-05-11,0.96,2.9,10.15,62.0,Satisfactory
Thiruvananthapuram,2018-05-12,0.88,3.11,9.79,54.0,Satisfactory
Thiruvananthapuram,2018-05-13,0.8,3.55,8.45,54.0,Satisfactory
Thiruvananthapuram,2018-05-14,0.77,4.38,12.44,56.0,Satisfactory
Thiruvananthapuram,2018-05-15,1.06,3.81,15.18,64.0,Satisfactory
Thiruvananthapuram,2018-05-16,0.95,3.65,10.55,70.0,Satisfactory
Thiruvananthapuram,2018-05-17,0.96,3.32,8.35,60.0,Satisfactory
Thiruvananthapuram,2018-05-18,0.89,3.27,8.44,56.0,Satisfactory
Thiruvananthapuram,2018-05-19,0.9,3.57,6.8,61.0,Satisfactory
Thiruvananthapuram,2018-05-20,0.86,3.65,3.92,53.0,Satisfactory
Thiruvananthapuram,2018-05-21,1.0,1.78,5.86,74.0,Satisfactory
Thiruvananthapuram,2018-05-22,0.88,2.28,12.91,65.0,Satisfactory
Thiruvananthapuram,2018-05-23,0.89,3.99,12.1,67.0,Satisfactory
Thiruvananthapuram,2018-05-24,0.95,4.65,11.73,67.0,Satisfactory
Thiruvananthapuram,2018-05-25,0.6,4.28,17.27,84.0,Satisfactory
Thiruvananthapuram,2018-05-26,0.95,2.75,15.31,78.0,Satisfactory
Thiruvananthapuram,2018-05-27,0.74,2.12,8.48,69.0,Satisfactory
Thiruvananthapuram,2018-05-28,1.0,3.52,7.56,83.0,Satisfactory
Thiruvananthapuram,2018-05-29,0.89,4.01,7.98,59.0,Satisfactory
Thiruvananthapuram,2018-05-30,0.86,3.44,12.02,59.0,Satisfactory
Thiruvananthapuram,2018-05-31,1.0,3.65,15.81,59.0,Satisfactory
Thiruvananthapuram,2018-06-01,1.01,3.44,16.73,66.0,Satisfactory
Thiruvananthapuram,2018-06-02,0.86,3.04,16.03,59.0,Satisfactory
Thiruvananthapuram,2018-06-03,0.72,2.72,13.39,49.0,Good
Thiruvananthapuram,2018-06-04,0.92,2.6,17.41,58.0,Satisfactory
Thiruvananthapuram,2018-06-05,1.08,2.32,22.39,78.0,Satisfactory
Thiruvananthapuram,2018-06-06,0.92,2.67,14.35,70.0,Satisfactory
Thiruvananthapuram,2018-06-07,0.73,3.26,19.38,64.0,Satisfactory
Thiruvananthapuram,2018-06-08,0.89,2.87,9.14,60.0,Satisfactory
Thiruvananthapuram,2018-06-09,0.6,2.36,2.08,51.0,Satisfactory
Thiruvananthapuram,2018-06-10,0.58,2.39,1.89,44.0,Good
Thiruvananthapuram,2018-06-11,0.8,2.1,5.15,48.0,Good
Thiruvananthapuram,2018-06-12,0.86,2.12,9.16,53.0,Satisfactory
Thiruvananthapuram,2018-06-13,0.79,1.65,13.25,59.0,Satisfactory
Thiruvananthapuram,2018-06-14,0.7,1.83,9.14,49.0,Good
Thiruvananthapuram,2018-06-15,0.76,1.97,9.67,46.0,Good
Thiruvananthapuram,2018-06-16,0.71,1.48,14.24,54.0,Satisfactory
Thiruvananthapuram,2018-06-17,0.76,1.56,11.75,47.0,Good
Thiruvananthapuram,2018-06-18,0.93,1.54,14.69,56.0,Satisfactory
Thiruvananthapuram,2018-06-19,0.93,1.51,12.1,66.0,Satisfactory
Thiruvananthapuram,2018-06-20,0.71,1.42,10.55,59.0,Satisfactory
Thiruvananthapuram,2018-06-21,0.77,1.84,12.9,57.0,Satisfactory
Thiruvananthapuram,2018-06-22,0.98,2.13,14.11,66.0,Satisfactory
Thiruvananthapuram,2018-06-23,0.74,2.71,13.06,53.0,Satisfactory
Thiruvananthapuram,2018-06-24,0.81,2.53,10.06,51.0,Satisfactory
Thiruvananthapuram,2018-06-25,0.62,2.29,8.46,44.0,Good
Thiruvananthapuram,2018-06-26,0.94,2.89,5.81,55.0,Satisfactory
Thiruvananthapuram,2018-06-27,0.83,2.54,2.6,51.0,Satisfactory
Thiruvananthapuram,2018-06-28,0.67,3.13,5.59,51.0,Satisfactory
Thiruvananthapuram,2018-06-29,0.83,3.6,8.25,49.0,Good
Thiruvananthapuram,2018-06-30,0.8,4.25,10.12,52.0,Satisfactory
Thiruvananthapuram,2018-07-01,0.68,3.45,7.74,48.0,Good
Thiruvananthapuram,2018-07-02,0.74,3.03,9.0,46.0,Good
Thiruvananthapuram,2018-07-03,0.83,2.94,9.57,53.0,Satisfactory
Thiruvananthapuram,2018-07-04,0.88,2.42,6.67,56.0,Satisfactory
Thiruvananthapuram,2018-07-05,0.8,2.48,7.66,51.0,Satisfactory
Thiruvananthapuram,2018-07-06,0.78,2.39,8.43,51.0,Satisfactory
Thiruvananthapuram,2018-07-07,0.78,1.89,8.66,53.0,Satisfactory
Thiruvananthapuram,2018-07-08,0.72,1.98,7.14,46.0,Good
Thiruvananthapuram,2018-07-09,0.79,1.88,11.32,50.0,Good
Thiruvananthapuram,2018-07-10,0.81,1.69,14.09,65.0,Satisfactory
Thiruvananthapuram,2018-07-11,0.84,1.72,12.2,53.0,Satisfactory
Thiruvananthapuram,2018-07-12,0.87,1.94,10.8,60.0,Satisfactory
Thiruvananthapuram,2018-07-13,0.92,2.25,11.87,65.0,Satisfactory
Thiruvananthapuram,2018-07-14,0.75,1.99,8.59,50.0,Good
Thiruvananthapuram,2018-07-15,0.66,1.91,6.91,42.0,Good
Thiruvananthapuram,2018-07-16,0.67,1.99,5.67,43.0,Good
Thiruvananthapuram,2018-07-17,0.62,1.84,5.97,43.0,Good
Thiruvananthapuram,2018-07-18,0.71,1.72,8.0,44.0,Good
Thiruvananthapuram,2018-07-19,0.81,1.79,9.67,52.0,Satisfactory
Thiruvananthapuram,2018-07-20,0.76,1.73,11.27,53.0,Satisfactory
Thiruvananthapuram,2018-07-21,0.82,2.0,8.35,57.0,Satisfactory
Thiruvananthapuram,2018-07-22,0.74,2.0,4.55,64.0,Satisfactory
Thiruvananthapuram,2018-07-23,0.91,1.95,6.27,58.0,Satisfactory
Thiruvananthapuram,2018-07-24,0.8,1.85,5.95,56.0,Satisfactory
Thiruvananthapuram,2018-07-25,0.75,1.8,6.46,49.0,Good
Thiruvananthapuram,2018-07-26,0.74,1.82,8.08,53.0,Satisfactory
Thiruvananthapuram,2018-07-27,0.9,1.77,6.93,50.0,Good
Thiruvananthapuram,2018-07-28,0.95,2.13,8.08,62.0,Satisfactory
Thiruvananthapuram,2018-07-29,0.87,2.25,5.91,61.0,Satisfactory
Thiruvananthapuram,2018-07-30,0.93,2.21,5.95,58.0,Satisfactory
Thiruvananthapuram,2018-07-31,1.02,1.82,12.14,64.0,Satisfactory
Thiruvananthapuram,2018-08-01,1.07,1.65,15.24,70.0,Satisfactory
Thiruvananthapuram,2018-08-02,0.95,1.96,10.09,62.0,Satisfactory
Thiruvananthapuram,2018-08-03,0.98,1.89,8.53,62.0,Satisfactory
Thiruvananthapuram,2018-08-04,1.04,1.84,8.14,67.0,Satisfactory
Thiruvananthapuram,2018-08-05,1.06,2.02,4.41,62.0,Satisfactory
Thiruvananthapuram,2018-08-06,1.0,1.97,5.17,62.0,Satisfactory
Thiruvananthapuram,2018-08-07,1.05,1.8,5.07,63.0,Satisfactory
Thiruvananthapuram,2018-08-08,1.12,1.87,7.21,69.0,Satisfactory
Thiruvananthapuram,2018-08-09,1.16,1.79,8.03,73.0,Satisfactory
Thiruvananthapuram,2018-08-10,1.05,1.95,3.96,66.0,Satisfactory
Thiruvananthapuram,2018-08-11,1.15,2.21,3.27,69.0,Satisfactory
Thiruvananthapuram,2018-08-12,1.14,2.13,4.77,74.0,Satisfactory
Thiruvananthapuram,2018-08-13,1.4,2.04,7.6,81.0,Satisfactory
Thiruvananthapuram,2018-08-14,1.29,2.09,5.1,92.0,Satisfactory
Thiruvananthapuram,2018-08-15,0.44,1.56,2.62,68.0,Satisfactory
Thiruvananthapuram,2018-08-16,1.1,1.88,6.52,106.0,Moderate
Thiruvananthapuram,2018-08-17,1.17,2.19,6.8,69.0,Satisfactory
Thiruvananthapuram,2018-08-18,1.36,2.19,7.48,81.0,Satisfactory
Thiruvananthapuram,2018-08-19,1.42,2.09,5.9,84.0,Satisfactory
Thiruvananthapuram,2018-08-20,1.78,2.07,6.29,93.0,Satisfactory
Thiruvananthapuram,2018-08-21,1.53,2.32,7.29,108.0,Moderate
Thiruvananthapuram,2018-08-22,1.13,2.32,4.72,73.0,Satisfactory
Thiruvananthapuram,2018-08-23,1.01,2.17,5.11,62.0,Satisfactory
Thiruvananthapuram,2018-08-24,1.13,2.31,5.3,69.0,Satisfactory
Thiruvananthapuram,2018-08-25,1.73,2.22,4.2,92.0,Satisfactory
Thiruvananthapuram,2018-08-26,2.45,2.25,4.5,112.0,Moderate
Thiruvananthapuram,2018-08-27,2.73,2.28,4.3,114.0,Moderate
Thiruvananthapuram,2018-08-28,2.11,2.13,2.92,112.0,Moderate
Thiruvananthapuram,2018-08-29,0.82,2.27,5.04,57.0,Satisfactory
Thiruvananthapuram,2018-08-30,0.64,2.44,5.23,51.0,Satisfactory
Thiruvananthapuram,2018-08-31,0.91,2.43,5.98,53.0,Satisfactory
Thiruvananthapuram,2018-09-01,0.79,2.72,7.1,61.0,Satisfactory
Thiruvananthapuram,2018-09-02,0.78,2.7,4.64,56.0,Satisfactory
Thiruvananthapuram,2018-09-03,0.81,2.61,6.64,54.0,Satisfactory
Thiruvananthapuram,2018-09-04,0.77,2.62,5.82,58.0,Satisfactory
Thiruvananthapuram,2018-09-05,0.81,2.46,6.44,59.0,Satisfactory
Thiruvananthapuram,2018-09-06,0.79,2.39,6.96,58.0,Satisfactory
Thiruvananthapuram,2018-09-07,0.9,2.47,6.46,58.0,Satisfactory
Thiruvananthapuram,2018-09-08,0.78,2.83,4.86,55.0,Satisfactory
Thiruvananthapuram,2018-09-11,0.76,2.6,8.42,63.0,Satisfactory
Thiruvananthapuram,2018-09-12,0.85,2.5,7.36,70.0,Satisfactory
Thiruvananthapuram,2018-09-13,0.88,2.57,7.82,68.0,Satisfactory
Thiruvananthapuram,2018-09-14,0.93,2.63,9.43,76.0,Satisfactory
Thiruvananthapuram,2018-09-15,0.81,3.08,8.62,73.0,Satisfactory
Thiruvananthapuram,2018-09-16,0.81,3.19,6.65,62.0,Satisfactory
Thiruvananthapuram,2018-09-17,0.83,3.02,8.43,50.0,Good
Thiruvananthapuram,2018-09-18,0.84,2.54,7.9,55.0,Satisfactory
Thiruvananthapuram,2018-09-19,0.84,2.65,8.21,53.0,Satisfactory
Thiruvananthapuram,2018-09-20,0.88,2.39,6.06,54.0,Satisfactory
Thiruvananthapuram,2018-09-21,0.83,2.33,6.71,55.0,Satisfactory
Thiruvananthapuram,2018-09-22,0.9,2.5,6.82,67.0,Satisfactory
Thiruvananthapuram,2018-09-23,0.75,2.53,4.45,53.0,Satisfactory
Thiruvananthapuram,2018-09-24,0.87,2.39,7.85,52.0,Satisfactory
Thiruvananthapuram,2018-09-25,0.95,2.62,9.65,62.0,Satisfactory
Thiruvananthapuram,2018-09-26,0.86,2.9,6.06,57.0,Satisfactory
Thiruvananthapuram,2018-09-27,0.96,2.69,6.63,66.0,Satisfactory
Thiruvananthapuram,2018-09-28,0.94,2.51,7.34,62.0,Satisfactory
Thiruvananthapuram,2018-09-29,0.97,2.53,7.36,58.0,Satisfactory
Thiruvananthapuram,2018-09-30,0.96,2.83,8.24,57.0,Satisfactory
Thiruvananthapuram,2018-10-01,1.14,2.58,9.79,64.0,Satisfactory
Thiruvananthapuram,2018-10-02,0.89,2.9,7.0,59.0,Satisfactory
Thiruvananthapuram,2018-10-03,1.1,3.83,9.29,67.0,Satisfactory
Thiruvananthapuram,2018-10-04,0.86,3.6,11.08,72.0,Satisfactory
Thiruvananthapuram,2018-10-05,0.95,2.99,20.9,54.0,Satisfactory
Thiruvananthapuram,2018-10-06,1.16,3.15,8.2,82.0,Satisfactory
Thiruvananthapuram,2018-10-07,1.03,2.9,6.03,62.0,Satisfactory
Thiruvananthapuram,2018-10-08,1.01,2.7,7.97,78.0,Satisfactory
Thiruvananthapuram,2018-10-09,1.01,2.6,9.25,64.0,Satisfactory
Thiruvananthapuram,2018-10-10,1.04,2.6,9.88,70.0,Satisfactory
Thiruvananthapuram,2018-10-11,1.09,2.84,9.85,71.0,Satisfactory
Thiruvananthapuram,2018-10-12,1.02,3.21,8.94,71.0,Satisfactory
Thiruvananthapuram,2018-10-13,0.98,2.82,6.78,67.0,Satisfactory
Thiruvananthapuram,2018-10-14,0.96,2.39,4.82,61.0,Satisfactory
Thiruvananthapuram,2018-10-15,1.05,3.08,4.55,59.0,Satisfactory
Thiruvananthapuram,2018-10-16,1.04,3.22,6.51,63.0,Satisfactory
Thiruvananthapuram,2018-10-17,1.02,2.83,7.11,64.0,Satisfactory
Thiruvananthapuram,2018-10-18,0.84,2.98,4.4,60.0,Satisfactory
Thiruvananthapuram,2018-10-19,0.97,3.14,4.3,54.0,Satisfactory
Thiruvananthapuram,2018-10-20,1.01,3.16,6.48,69.0,Satisfactory
Thiruvananthapuram,2018-10-21,0.8,3.18,3.84,47.0,Good
Thiruvananthapuram,2018-10-22,1.05,2.72,8.11,68.0,Satisfactory
Thiruvananthapuram,2018-10-23,0.86,2.65,4.94,58.0,Satisfactory
Thiruvananthapuram,2018-10-24,1.25,2.43,8.79,70.0,Satisfactory
Thiruvananthapuram,2018-10-25,1.31,2.53,7.7,85.0,Satisfactory
Thiruvananthapuram,2018-10-26,1.49,3.25,8.97,101.0,Moderate
Thiruvananthapuram,2018-10-27,1.46,2.8,10.84,101.0,Moderate
Thiruvananthapuram,2018-10-28,1.15,2.68,5.95,119.0,Moderate
Thiruvananthapuram,2018-10-29,1.2,2.79,4.42,87.0,Satisfactory
Thiruvananthapuram,2018-10-30,1.21,3.05,3.88,87.0,Satisfactory
Thiruvananthapuram,2018-10-31,1.09,5.39,4.02,90.0,Satisfactory
Thiruvananthapuram,2018-11-01,1.19,2.71,5.92,74.0,Satisfactory
Thiruvananthapuram,2018-11-02,1.44,3.48,11.63,99.0,Satisfactory
Thiruvananthapuram,2018-11-03,1.13,2.8,9.86,88.0,Satisfactory
Thiruvananthapuram,2018-11-04,1.34,2.73,6.96,76.0,Satisfactory
Thiruvananthapuram,2018-11-05,1.4,2.56,8.5,87.0,Satisfactory
Thiruvananthapuram,2018-11-06,1.22,2.48,6.02,123.0,Moderate
Thiruvananthapuram,2018-11-07,1.39,3.47,10.97,99.0,Satisfactory
Thiruvananthapuram,2018-11-08,1.72,4.52,13.16,95.0,Satisfactory
Thiruvananthapuram,2018-11-09,1.5,5.26,7.95,93.0,Satisfactory
Thiruvananthapuram,2018-11-10,1.41,5.76,6.01,93.0,Satisfactory
Thiruvananthapuram,2018-11-11,1.2,6.15,3.33,83.0,Satisfactory
Thiruvananthapuram,2018-11-12,1.19,5.62,5.14,84.0,Satisfactory
Thiruvananthapuram,2018-11-13,1.19,5.3,5.85,82.0,Satisfactory
Thiruvananthapuram,2018-11-14,1.28,5.33,5.51,94.0,Satisfactory
Thiruvananthapuram,2018-11-15,1.37,4.71,5.26,130.0,Moderate
Thiruvananthapuram,2018-11-16,1.12,3.92,5.39,103.0,Moderate
Thiruvananthapuram,2018-11-17,1.29,5.04,8.59,88.0,Satisfactory
Thiruvananthapuram,2018-11-18,1.24,3.58,3.31,93.0,Satisfactory
Thiruvananthapuram,2018-11-19,1.23,4.24,4.72,78.0,Satisfactory
Thiruvananthapuram,2018-11-20,1.24,3.88,7.13,74.0,Satisfactory
Thiruvananthapuram,2018-11-21,1.21,3.44,6.98,75.0,Satisfactory
Thiruvananthapuram,2018-11-22,1.3,3.3,4.82,84.0,Satisfactory
Thiruvananthapuram,2018-11-23,1.18,3.41,4.23,75.0,Satisfactory
Thiruvananthapuram,2018-11-24,1.25,3.43,5.88,73.0,Satisfactory
Thiruvananthapuram,2018-11-25,1.2,3.29,3.54,76.0,Satisfactory
Thiruvananthapuram,2018-11-26,1.5,3.67,8.74,82.0,Satisfactory
Thiruvananthapuram,2018-11-27,1.56,4.23,10.58,149.0,Moderate
Thiruvananthapuram,2018-11-28,1.74,5.34,10.82,177.0,Moderate
Thiruvananthapuram,2018-11-29,1.81,5.75,8.95,183.0,Moderate
Thiruvananthapuram,2018-11-30,1.8,5.48,8.63,106.0,Moderate
Thiruvananthapuram,2018-12-01,1.96,5.12,7.98,104.0,Moderate
Thiruvananthapuram,2018-12-02,1.65,4.71,7.27,95.0,Satisfactory
Thiruvananthapuram,2018-12-03,1.61,4.95,6.21,97.0,Satisfactory
Thiruvananthapuram,2018-12-04,2.03,5.79,7.21,105.0,Moderate
Thiruvananthapuram,2018-12-05,1.95,5.49,8.22,106.0,Moderate
Thiruvananthapuram,2018-12-06,1.76,4.2,6.63,103.0,Moderate
Thiruvananthapuram,2018-12-07,1.73,3.83,5.67,99.0,Satisfactory
Thiruvananthapuram,2018-12-08,1.79,3.75,6.54,100.0,Satisfactory
Thiruvananthapuram,2018-12-09,1.9,3.76,6.67,103.0,Moderate
Thiruvananthapuram,2018-12-10,2.07,3.87,8.33,128.0,Moderate
Thiruvananthapuram,2018-12-11,2.21,4.01,5.51,178.0,Moderate
Thiruvananthapuram,2018-12-12,2.11,3.66,5.58,220.0,Poor
Thiruvananthapuram,2018-12-13,2.11,3.6,4.51,121.0,Moderate
Thiruvananthapuram,2018-12-14,2.1,3.7,3.67,105.0,Moderate
Thiruvananthapuram,2018-12-15,2.39,3.88,6.35,108.0,Moderate
Thiruvananthapuram,2018-12-16,2.32,1.06,8.25,113.0,Moderate
Thiruvananthapuram,2018-12-17,2.06,2.0,14.95,106.0,Moderate
Thiruvananthapuram,2018-12-18,2.37,4.81,13.72,116.0,Moderate
Thiruvananthapuram,2018-12-19,2.94,6.47,7.98,181.0,Moderate
Thiruvananthapuram,2018-12-20,2.53,5.9,9.16,149.0,Moderate
Thiruvananthapuram,2018-12-21,2.77,5.41,8.28,134.0,Moderate
Thiruvananthapuram,2018-12-22,2.91,6.72,9.4,118.0,Moderate
Thiruvananthapuram,2018-12-23,2.49,5.51,5.38,142.0,Moderate
Thiruvananthapuram,2018-12-24,2.91,4.69,9.47,115.0,Moderate
Thiruvananthapuram,2018-12-25,2.55,4.63,5.04,114.0,Moderate
Thiruvananthapuram,2018-12-26,2.42,4.92,7.27,108.0,Moderate
Thiruvananthapuram,2018-12-27,2.85,4.98,6.9,117.0,Moderate
Thiruvananthapuram,2018-12-28,4.85,4.75,6.35,139.0,Moderate
Thiruvananthapuram,2018-12-29,5.59,5.14,7.55,156.0,Moderate
Thiruvananthapuram,2018-12-30,5.48,5.1,6.65,160.0,Moderate
Thiruvananthapuram,2018-12-31,4.56,5.5,11.29,146.0,Moderate
Thiruvananthapuram,2019-01-01,4.61,5.39,9.53,180.0,Moderate
Thiruvananthapuram,2019-01-02,0.08,5.75,9.89,124.0,Moderate
Thiruvananthapuram,2019-01-03,0.06,6.15,6.94,128.0,Moderate
Thiruvananthapuram,2019-01-04,0.05,5.63,11.76,124.0,Moderate
Thiruvananthapuram,2019-01-05,0.05,6.03,11.03,104.0,Moderate
Thiruvananthapuram,2019-01-06,0.0,7.57,7.67,109.0,Moderate
Thiruvananthapuram,2019-01-07,0.03,7.47,10.35,102.0,Moderate
Thiruvananthapuram,2019-01-08,0.07,7.48,6.73,108.0,Moderate
Thiruvananthapuram,2019-01-09,0.03,6.99,6.56,137.0,Moderate
Thiruvananthapuram,2019-01-10,0.0,6.58,9.73,141.0,Moderate
Thiruvananthapuram,2019-01-11,0.0,6.82,8.32,127.0,Moderate
Thiruvananthapuram,2019-01-12,0.0,7.21,8.46,126.0,Moderate
Thiruvananthapuram,2019-01-13,0.0,6.49,6.38,125.0,Moderate
Thiruvananthapuram,2019-01-14,0.0,6.5,10.3,131.0,Moderate
Thiruvananthapuram,2019-01-15,0.01,6.13,8.18,132.0,Moderate
Thiruvananthapuram,2019-01-16,0.0,6.01,10.76,160.0,Moderate
Thiruvananthapuram,2019-01-17,0.0,5.91,9.23,147.0,Moderate
Thiruvananthapuram,2019-01-18,0.06,6.54,13.28,126.0,Moderate
Thiruvananthapuram,2019-01-19,0.02,6.32,9.91,164.0,Moderate
Thiruvananthapuram,2019-01-20,0.36,6.77,10.97,159.0,Moderate
Thiruvananthapuram,2019-01-21,1.11,6.31,17.3,176.0,Moderate
Thiruvananthapuram,2019-01-22,0.93,6.86,14.36,132.0,Moderate
Thiruvananthapuram,2019-01-23,0.87,7.58,12.85,135.0,Moderate
Thiruvananthapuram,2019-01-24,0.95,7.53,11.71,164.0,Moderate
Thiruvananthapuram,2019-01-25,0.97,6.56,10.75,121.0,Moderate
Thiruvananthapuram,2019-01-26,0.81,5.76,8.6,95.0,Satisfactory
Thiruvananthapuram,2019-01-27,0.6,4.97,5.78,94.0,Satisfactory
Thiruvananthapuram,2019-01-28,0.71,4.61,7.31,94.0,Satisfactory
Thiruvananthapuram,2019-01-29,0.69,4.19,7.12,100.0,Satisfactory
Thiruvananthapuram,2019-01-30,0.76,4.53,8.55,90.0,Satisfactory
Thiruvananthapuram,2019-01-31,0.69,4.35,8.46,118.0,Moderate
Thiruvananthapuram,2019-02-01,0.68,4.72,8.31,119.0,Moderate
Thiruvananthapuram,2019-02-02,0.84,5.23,9.97,107.0,Moderate
Thiruvananthapuram,2019-02-03,0.67,5.43,6.61,92.0,Satisfactory
Thiruvananthapuram,2019-02-04,0.92,5.26,10.87,82.0,Satisfactory
Thiruvananthapuram,2019-02-05,0.93,4.72,10.77,81.0,Satisfactory
Thiruvananthapuram,2019-02-06,0.85,5.47,8.61,86.0,Satisfactory
Thiruvananthapuram,2019-02-07,0.75,5.5,8.5,88.0,Satisfactory
Thiruvananthapuram,2019-02-08,0.89,5.82,9.75,110.0,Moderate
Thiruvananthapuram,2019-02-09,0.81,5.5,7.65,104.0,Moderate
Thiruvananthapuram,2019-02-10,0.78,4.39,8.72,76.0,Satisfactory
Thiruvananthapuram,2019-02-11,0.85,4.81,9.33,71.0,Satisfactory
Thiruvananthapuram,2019-02-12,0.86,4.85,10.87,78.0,Satisfactory
Thiruvananthapuram,2019-02-13,0.86,5.02,11.0,96.0,Satisfactory
Thiruvananthapuram,2019-02-14,0.84,5.67,9.2,91.0,Satisfactory
Thiruvananthapuram,2019-02-15,0.84,5.2,8.54,98.0,Satisfactory
Thiruvananthapuram,2019-02-16,0.73,4.68,6.59,96.0,Satisfactory
Thiruvananthapuram,2019-02-17,0.67,4.33,5.37,78.0,Satisfactory
Thiruvananthapuram,2019-02-18,0.66,3.91,6.46,80.0,Satisfactory
Thiruvananthapuram,2019-02-19,0.67,4.3,5.33,65.0,Satisfactory
Thiruvananthapuram,2019-02-20,0.67,4.45,5.28,77.0,Satisfactory
Thiruvananthapuram,2019-02-21,0.59,4.44,6.19,79.0,Satisfactory
Thiruvananthapuram,2019-02-22,0.68,4.71,7.86,78.0,Satisfactory
Thiruvananthapuram,2019-02-23,0.55,4.82,6.58,90.0,Satisfactory
Thiruvananthapuram,2019-02-24,0.56,4.69,6.03,104.0,Moderate
Thiruvananthapuram,2019-02-25,0.69,4.76,7.22,95.0,Satisfactory
Thiruvananthapuram,2019-02-26,0.65,4.44,5.93,93.0,Satisfactory
Thiruvananthapuram,2019-02-27,0.63,3.95,5.64,78.0,Satisfactory
Thiruvananthapuram,2019-02-28,0.67,3.61,5.82,84.0,Satisfactory
Thiruvananthapuram,2019-03-01,0.58,3.45,5.44,88.0,Satisfactory
Thiruvananthapuram,2019-03-02,0.74,3.45,6.55,90.0,Satisfactory
Thiruvananthapuram,2019-03-03,0.64,3.32,4.7,85.0,Satisfactory
Thiruvananthapuram,2019-03-04,0.76,3.29,5.6,86.0,Satisfactory
Thiruvananthapuram,2019-03-05,0.62,3.1,4.75,80.0,Satisfactory
Thiruvananthapuram,2019-03-06,0.57,2.87,4.76,66.0,Satisfactory
Thiruvananthapuram,2019-03-07,0.65,2.87,5.66,116.0,Moderate
Thiruvananthapuram,2019-03-08,0.68,3.11,6.05,137.0,Moderate
Thiruvananthapuram,2019-03-09,0.65,3.58,4.32,106.0,Moderate
Thiruvananthapuram,2019-03-10,0.66,3.77,4.95,83.0,Satisfactory
Thiruvananthapuram,2019-03-11,0.75,3.76,5.95,77.0,Satisfactory
Thiruvananthapuram,2019-03-12,0.66,3.58,5.46,99.0,Satisfactory
Thiruvananthapuram,2019-03-13,0.83,4.01,8.47,74.0,Satisfactory
Thiruvananthapuram,2019-03-14,0.74,3.63,5.53,142.0,Moderate
Thiruvananthapuram,2019-03-15,0.86,4.57,8.76,88.0,Satisfactory
Thiruvananthapuram,2019-03-16,0.83,4.09,7.15,94.0,Satisfactory
Thiruvananthapuram,2019-03-17,0.81,3.79,5.94,101.0,Moderate
Thiruvananthapuram,2019-03-18,0.83,3.55,6.12,88.0,Satisfactory
Thiruvananthapuram,2019-03-19,0.89,3.32,7.64,80.0,Satisfactory
Thiruvananthapuram,2019-03-20,0.89,3.41,7.05,69.0,Satisfactory
Thiruvananthapuram,2019-03-21,0.85,3.62,6.56,79.0,Satisfactory
Thiruvananthapuram,2019-03-22,0.86,3.95,6.83,94.0,Satisfactory
Thiruvananthapuram,2019-03-23,0.8,4.26,5.21,81.0,Satisfactory
Thiruvananthapuram,2019-03-24,0.7,3.73,4.06,80.0,Satisfactory
Thiruvananthapuram,2019-03-25,0.86,3.39,6.34,79.0,Satisfactory
Thiruvananthapuram,2019-03-26,0.72,2.96,4.85,82.0,Satisfactory
Thiruvananthapuram,2019-03-27,0.57,3.12,5.81,89.0,Satisfactory
Thiruvananthapuram,2019-03-28,0.81,3.27,6.38,74.0,Satisfactory
Thiruvananthapuram,2019-03-29,0.72,2.95,5.16,79.0,Satisfactory
Thiruvananthapuram,2019-03-30,0.84,2.84,4.84,82.0,Satisfactory
Thiruvananthapuram,2019-03-31,0.75,2.52,3.35,86.0,Satisfactory
Thiruvananthapuram,2019-04-01,0.82,2.57,4.18,79.0,Satisfactory
Thiruvananthapuram,2019-04-02,0.77,2.59,4.98,80.0,Satisfactory
Thiruvananthapuram,2019-04-03,0.74,2.6,4.95,83.0,Satisfactory
Thiruvananthapuram,2019-04-04,0.79,2.91,5.51,74.0,Satisfactory
Thiruvananthapuram,2019-04-05,0.74,2.55,6.03,65.0,Satisfactory
Thiruvananthapuram,2019-04-06,0.76,2.63,5.6,61.0,Satisfactory
Thiruvananthapuram,2019-04-07,0.63,3.2,3.86,66.0,Satisfactory
Thiruvananthapuram,2019-04-08,0.7,3.16,4.31,69.0,Satisfactory
Thiruvananthapuram,2019-04-09,0.84,2.95,4.12,70.0,Satisfactory
Thiruvananthapuram,2019-04-10,0.89,2.73,4.54,68.0,Satisfactory
Thiruvananthapuram,2019-04-11,0.85,2.6,3.83,83.0,Satisfactory
Thiruvananthapuram,2019-04-12,0.86,2.83,4.4,68.0,Satisfactory
Thiruvananthapuram,2019-04-13,0.86,2.97,5.62,72.0,Satisfactory
Thiruvananthapuram,2019-04-14,0.91,3.06,5.77,72.0,Satisfactory
Thiruvananthapuram,2019-04-15,0.88,3.05,5.62,64.0,Satisfactory
Thiruvananthapuram,2019-04-16,1.01,3.11,7.6,65.0,Satisfactory
Thiruvananthapuram,2019-04-17,0.94,2.87,6.93,61.0,Satisfactory
Thiruvananthapuram,2019-04-18,0.88,3.23,6.31,66.0,Satisfactory
Thiruvananthapuram,2019-04-19,0.96,3.13,5.74,63.0,Satisfactory
Thiruvananthapuram,2019-04-20,0.97,2.74,5.4,65.0,Satisfactory
Thiruvananthapuram,2019-04-21,0.94,2.42,5.51,70.0,Satisfactory
Thiruvananthapuram,2019-04-22,0.95,3.2,5.2,73.0,Satisfactory
Thiruvananthapuram,2019-04-23,0.72,3.5,5.06,70.0,Satisfactory
Thiruvananthapuram,2019-04-24,0.93,3.5,6.53,79.0,Satisfactory
Thiruvananthapuram,2019-04-25,0.82,3.22,6.67,70.0,Satisfactory
Thiruvananthapuram,2019-04-26,0.89,3.13,5.21,69.0,Satisfactory
Thiruvananthapuram,2019-04-27,1.04,3.11,8.44,69.0,Satisfactory
Thiruvananthapuram,2019-04-28,0.98,2.88,4.8,64.0,Satisfactory
Thiruvananthapuram,2019-04-29,0.89,2.8,5.78,70.0,Satisfactory
Thiruvananthapuram,2019-04-30,1.03,2.65,6.15,70.0,Satisfactory
Thiruvananthapuram,2019-05-01,0.93,2.69,4.25,78.0,Satisfactory
Thiruvananthapuram,2019-05-02,1.09,2.63,4.94,76.0,Satisfactory
Thiruvananthapuram,2019-05-03,1.02,2.47,6.93,100.0,Satisfactory
Thiruvananthapuram,2019-05-04,0.88,2.45,5.31,102.0,Moderate
Thiruvananthapuram,2019-05-05,0.8,2.48,3.39,96.0,Satisfactory
Thiruvananthapuram,2019-05-06,1.04,2.68,5.26,105.0,Moderate
Thiruvananthapuram,2019-05-07,1.02,2.6,3.87,100.0,Satisfactory
Thiruvananthapuram,2019-05-08,0.98,2.36,4.36,76.0,Satisfactory
Thiruvananthapuram,2019-05-09,0.84,2.47,5.45,66.0,Satisfactory
Thiruvananthapuram,2019-05-10,0.87,2.4,5.88,64.0,Satisfactory
Thiruvananthapuram,2019-05-11,0.82,2.59,5.04,59.0,Satisfactory
Thiruvananthapuram,2019-05-12,0.78,2.53,4.43,69.0,Satisfactory
Thiruvananthapuram,2019-05-13,0.87,2.33,3.33,59.0,Satisfactory
Thiruvananthapuram,2019-05-14,0.95,2.35,4.64,59.0,Satisfactory
Thiruvananthapuram,2019-05-15,1.31,2.38,4.66,82.0,Satisfactory
Thiruvananthapuram,2019-05-16,2.44,2.28,3.65,112.0,Moderate
Thiruvananthapuram,2019-05-17,3.31,2.28,4.94,121.0,Moderate
Thiruvananthapuram,2019-05-18,2.02,1.99,3.56,111.0,Moderate
Thiruvananthapuram,2019-05-19,0.64,1.84,4.06,54.0,Satisfactory
Thiruvananthapuram,2019-05-20,0.81,1.97,6.66,54.0,Satisfactory
Thiruvananthapuram,2019-05-21,0.72,1.99,5.52,71.0,Satisfactory
Thiruvananthapuram,2019-05-22,0.68,1.8,6.85,67.0,Satisfactory
Thiruvananthapuram,2019-05-23,0.67,1.82,4.18,59.0,Satisfactory
Thiruvananthapuram,2019-05-24,0.38,2.07,5.71,54.0,Satisfactory
Thiruvananthapuram,2019-05-25,0.64,1.79,12.1,62.0,Satisfactory
Thiruvananthapuram,2019-05-26,0.5,1.67,4.36,50.0,Good
Thiruvananthapuram,2019-05-27,0.55,1.85,4.78,44.0,Good
Thiruvananthapuram,2019-05-28,0.54,1.8,4.62,66.0,Satisfactory
Thiruvananthapuram,2019-05-29,0.55,1.64,3.13,84.0,Satisfactory
Thiruvananthapuram,2019-05-30,0.68,1.57,4.33,68.0,Satisfactory
Thiruvananthapuram,2019-05-31,0.62,1.56,4.67,70.0,Satisfactory
Thiruvananthapuram,2019-06-01,0.62,1.63,2.76,57.0,Satisfactory
Thiruvananthapuram,2019-06-02,0.46,1.4,2.43,49.0,Good
Thiruvananthapuram,2019-06-04,0.65,2.4,4.09,44.0,Good
Thiruvananthapuram,2019-06-05,0.59,1.99,3.46,52.0,Satisfactory
Thiruvananthapuram,2019-06-06,0.77,1.71,5.01,47.0,Good
Thiruvananthapuram,2019-06-07,0.74,1.48,4.5,60.0,Satisfactory
Thiruvananthapuram,2019-06-08,0.71,1.3,4.26,51.0,Satisfactory
Thiruvananthapuram,2019-06-09,0.56,1.29,3.12,44.0,Good
Thiruvananthapuram,2019-06-10,0.55,1.29,4.48,53.0,Satisfactory
Thiruvananthapuram,2019-06-19,0.08,10.74,2.21,50.0,Good
Thiruvananthapuram,2019-06-20,0.43,9.82,1.35,51.0,Satisfactory
Thiruvananthapuram,2019-06-26,0.65,6.04,2.15,55.0,Satisfactory
Thiruvananthapuram,2019-06-27,0.63,6.75,2.32,53.0,Satisfactory
Thiruvananthapuram,2019-06-28,0.58,6.06,2.24,48.0,Good
Thiruvananthapuram,2019-06-29,0.68,6.12,3.08,49.0,Good
Thiruvananthapuram,2019-06-30,0.6,5.96,2.69,46.0,Good
Thiruvananthapuram,2019-07-01,0.77,5.6,2.32,48.0,Good
Thiruvananthapuram,2019-07-02,0.79,4.98,3.27,46.0,Good
Thiruvananthapuram,2019-07-03,0.82,5.57,3.29,50.0,Good
Thiruvananthapuram,2019-07-04,0.63,5.24,3.63,88.0,Satisfactory
Thiruvananthapuram,2019-07-05,0.81,3.27,3.32,52.0,Satisfactory
Thiruvananthapuram,2019-07-06,0.78,3.23,3.42,53.0,Satisfactory
Thiruvananthapuram,2019-07-07,0.55,2.4,2.83,41.0,Good
Thiruvananthapuram,2019-07-08,0.62,2.78,2.21,37.0,Good
Thiruvananthapuram,2019-07-09,0.64,2.45,3.69,53.0,Satisfactory
Thiruvananthapuram,2019-07-10,0.68,2.32,4.49,53.0,Satisfactory
Thiruvananthapuram,2019-07-11,0.82,2.55,6.3,62.0,Satisfactory
Thiruvananthapuram,2019-07-12,0.77,2.19,5.22,66.0,Satisfactory
Thiruvananthapuram,2019-07-13,0.64,1.97,3.62,45.0,Good
Thiruvananthapuram,2019-07-14,0.57,1.92,2.95,44.0,Good
Thiruvananthapuram,2019-07-15,0.61,1.68,3.48,50.0,Good
Thiruvananthapuram,2019-07-16,0.64,1.51,3.86,70.0,Satisfactory
Thiruvananthapuram,2019-07-17,0.73,1.48,4.25,55.0,Satisfactory
Thiruvananthapuram,2019-07-18,0.56,1.5,3.55,49.0,Good
Thiruvananthapuram,2019-07-19,0.42,1.78,3.88,41.0,Good
Thiruvananthapuram,2019-07-20,0.33,1.78,3.01,49.0,Good
Thiruvananthapuram,2019-07-21,0.42,1.72,2.19,43.0,Good
Thiruvananthapuram,2019-07-22,0.57,1.84,3.24,52.0,Satisfactory
Thiruvananthapuram,2019-07-23,0.56,1.69,3.39,51.0,Satisfactory
Thiruvananthapuram,2019-07-24,0.7,1.71,3.99,55.0,Satisfactory
Thiruvananthapuram,2019-07-25,0.77,1.77,3.92,52.0,Satisfactory
Thiruvananthapuram,2019-07-26,0.88,1.74,4.98,57.0,Satisfactory
Thiruvananthapuram,2019-07-27,0.96,1.74,5.0,61.0,Satisfactory
Thiruvananthapuram,2019-07-28,0.92,1.61,3.32,56.0,Satisfactory
Thiruvananthapuram,2019-07-29,1.12,1.55,3.99,70.0,Satisfactory
Thiruvananthapuram,2019-07-30,1.67,1.53,3.76,78.0,Satisfactory
Thiruvananthapuram,2019-07-31,2.74,1.54,2.88,139.0,Moderate
Thiruvananthapuram,2019-08-01,0.68,1.51,3.61,46.0,Good
Thiruvananthapuram,2019-08-02,0.77,1.21,3.85,54.0,Satisfactory
Thiruvananthapuram,2019-08-03,0.83,1.54,3.9,56.0,Satisfactory
Thiruvananthapuram,2019-08-04,0.65,1.5,2.71,45.0,Good
Thiruvananthapuram,2019-08-05,0.67,1.37,2.87,55.0,Satisfactory
Thiruvananthapuram,2019-08-06,0.68,1.55,2.93,52.0,Satisfactory
Thiruvananthapuram,2019-08-07,0.68,1.54,3.28,55.0,Satisfactory
Thiruvananthapuram,2019-08-08,0.68,1.81,3.81,90.0,Satisfactory
Thiruvananthapuram,2019-08-09,0.72,1.79,4.02,53.0,Satisfactory
Thiruvananthapuram,2019-08-10,0.51,1.89,3.29,59.0,Satisfactory
Thiruvananthapuram,2019-08-11,0.39,2.01,2.34,45.0,Good
Thiruvananthapuram,2019-08-12,0.45,2.14,2.29,43.0,Good
Thiruvananthapuram,2019-08-13,0.59,1.85,3.85,54.0,Satisfactory
Thiruvananthapuram,2019-08-14,0.63,1.64,3.94,50.0,Good
Thiruvananthapuram,2019-08-15,0.6,1.82,3.66,51.0,Satisfactory
Thiruvananthapuram,2019-08-16,0.63,1.8,3.35,51.0,Satisfactory
Thiruvananthapuram,2019-08-17,0.81,1.55,5.03,52.0,Satisfactory
Thiruvananthapuram,2019-08-18,0.72,1.64,3.74,52.0,Satisfactory
Thiruvananthapuram,2019-08-19,0.74,1.49,4.98,51.0,Satisfactory
Thiruvananthapuram,2019-08-20,0.72,1.54,4.17,48.0,Good
Thiruvananthapuram,2019-08-21,0.67,1.44,3.64,42.0,Good
Thiruvananthapuram,2019-08-22,0.7,1.44,4.01,48.0,Good
Thiruvananthapuram,2019-08-23,0.63,1.66,3.03,45.0,Good
Thiruvananthapuram,2019-08-24,0.64,1.65,3.65,49.0,Good
Thiruvananthapuram,2019-08-25,0.59,1.7,3.12,50.0,Good
Thiruvananthapuram,2019-08-26,0.71,1.52,3.35,51.0,Satisfactory
Thiruvananthapuram,2019-08-27,0.7,1.42,3.98,53.0,Satisfactory
Thiruvananthapuram,2019-08-28,0.7,1.31,3.75,58.0,Satisfactory
Thiruvananthapuram,2019-08-29,0.67,1.33,3.61,48.0,Good
Thiruvananthapuram,2019-08-30,0.72,1.47,3.96,55.0,Satisfactory
Thiruvananthapuram,2019-08-31,0.66,1.33,3.86,47.0,Good
Thiruvananthapuram,2019-09-01,0.68,1.24,2.97,44.0,Good
Thiruvananthapuram,2019-09-02,0.81,1.27,3.51,51.0,Satisfactory
Thiruvananthapuram,2019-09-03,0.84,1.23,3.32,59.0,Satisfactory
Thiruvananthapuram,2019-09-04,0.77,1.02,3.68,52.0,Satisfactory
Thiruvananthapuram,2019-09-05,0.81,1.2,3.52,55.0,Satisfactory
Thiruvananthapuram,2019-09-06,0.78,1.07,3.35,53.0,Satisfactory
Thiruvananthapuram,2019-09-07,0.82,1.04,4.12,58.0,Satisfactory
Thiruvananthapuram,2019-09-08,0.77,1.16,3.08,54.0,Satisfactory
Thiruvananthapuram,2019-09-09,0.8,1.27,2.7,52.0,Satisfactory
Thiruvananthapuram,2019-09-10,0.7,1.39,2.66,48.0,Good
Thiruvananthapuram,2019-09-11,0.67,1.4,1.42,44.0,Good
Thiruvananthapuram,2019-09-13,0.73,1.3,3.3,46.0,Good
Thiruvananthapuram,2019-09-14,0.77,1.29,3.17,49.0,Good
Thiruvananthapuram,2019-09-15,0.8,1.21,3.34,53.0,Satisfactory
Thiruvananthapuram,2019-09-16,0.87,1.16,3.66,56.0,Satisfactory
Thiruvananthapuram,2019-09-17,0.94,1.25,4.01,57.0,Satisfactory
Thiruvananthapuram,2019-09-18,0.85,1.24,3.57,57.0,Satisfactory
Thiruvananthapuram,2019-09-19,0.93,1.26,3.64,58.0,Satisfactory
Thiruvananthapuram,2019-09-20,0.88,1.41,3.44,56.0,Satisfactory
Thiruvananthapuram,2019-09-21,0.82,1.44,3.01,51.0,Satisfactory
Thiruvananthapuram,2019-09-22,0.84,1.43,3.16,50.0,Good
Thiruvananthapuram,2019-09-23,0.99,1.37,2.99,58.0,Satisfactory
Thiruvananthapuram,2019-09-24,1.13,1.16,3.09,68.0,Satisfactory
Thiruvananthapuram,2019-09-25,1.07,1.15,4.03,74.0,Satisfactory
Thiruvananthapuram,2019-09-26,1.24,1.17,4.22,80.0,Satisfactory
Thiruvananthapuram,2019-09-27,1.08,1.33,4.81,78.0,Satisfactory
Thiruvananthapuram,2019-09-28,1.01,1.51,3.63,64.0,Satisfactory
Thiruvananthapuram,2019-09-29,1.33,1.54,3.57,76.0,Satisfactory
Thiruvananthapuram,2019-09-30,3.04,1.63,3.72,153.0,Moderate
Thiruvananthapuram,2019-10-01,1.58,1.82,4.45,109.0,Moderate
Thiruvananthapuram,2019-10-02,0.89,1.83,3.69,63.0,Satisfactory
Thiruvananthapuram,2019-10-03,0.97,1.81,4.29,63.0,Satisfactory
Thiruvananthapuram,2019-10-04,0.9,1.86,4.26,60.0,Satisfactory
Thiruvananthapuram,2019-10-05,0.85,1.86,3.0,56.0,Satisfactory
Thiruvananthapuram,2019-10-06,0.75,1.72,3.25,62.0,Satisfactory
Thiruvananthapuram,2019-10-07,0.74,1.61,3.18,48.0,Good
Thiruvananthapuram,2019-10-08,0.7,1.84,3.36,57.0,Satisfactory
Thiruvananthapuram,2019-10-09,0.9,2.03,4.8,55.0,Satisfactory
Thiruvananthapuram,2019-10-10,0.84,2.02,4.23,67.0,Satisfactory
Thiruvananthapuram,2019-10-11,0.9,1.88,4.47,58.0,Satisfactory
Thiruvananthapuram,2019-10-12,0.97,1.57,4.36,63.0,Satisfactory
Thiruvananthapuram,2019-10-13,0.75,1.78,2.97,54.0,Satisfactory
Thiruvananthapuram,2019-10-14,0.95,3.24,4.47,64.0,Satisfactory
Thiruvananthapuram,2019-10-15,1.09,3.38,4.47,67.0,Satisfactory
Thiruvananthapuram,2019-10-16,1.07,2.64,4.57,71.0,Satisfactory
Thiruvananthapuram,2019-10-17,0.91,2.39,4.52,56.0,Satisfactory
Thiruvananthapuram,2019-10-18,0.94,1.9,3.85,59.0,Satisfactory
Thiruvananthapuram,2019-10-19,0.96,1.85,3.87,61.0,Satisfactory
Thiruvananthapuram,2019-10-20,0.81,1.73,3.4,56.0,Satisfactory
Thiruvananthapuram,2019-10-21,0.81,2.3,3.28,51.0,Satisfactory
Thiruvananthapuram,2019-10-22,0.81,2.08,3.44,60.0,Satisfactory
Thiruvananthapuram,2019-10-23,0.91,1.98,4.11,60.0,Satisfactory
Thiruvananthapuram,2019-10-24,1.16,1.8,3.58,72.0,Satisfactory
Thiruvananthapuram,2019-10-25,1.0,1.66,3.14,79.0,Satisfactory
Thiruvananthapuram,2019-10-26,0.84,1.69,2.34,58.0,Satisfactory
Thiruvananthapuram,2019-10-27,0.85,1.62,2.52,63.0,Satisfactory
Thiruvananthapuram,2019-10-28,1.13,1.48,3.14,69.0,Satisfactory
Thiruvananthapuram,2019-10-29,1.02,1.35,2.43,77.0,Satisfactory
Thiruvananthapuram,2019-10-30,0.76,1.3,2.55,68.0,Satisfactory
Thiruvananthapuram,2019-10-31,0.82,1.3,2.88,61.0,Satisfactory
Thiruvananthapuram,2019-11-01,1.03,1.46,4.03,62.0,Satisfactory
Thiruvananthapuram,2019-11-02,1.04,1.55,3.87,69.0,Satisfactory
Thiruvananthapuram,2019-11-03,0.95,1.42,2.6,60.0,Satisfactory
Thiruvananthapuram,2019-11-04,0.92,1.6,2.92,59.0,Satisfactory
Thiruvananthapuram,2019-11-05,1.09,1.77,3.85,66.0,Satisfactory
Thiruvananthapuram,2019-11-06,1.1,1.97,3.98,67.0,Satisfactory
Thiruvananthapuram,2019-11-07,0.95,2.09,3.18,65.0,Satisfactory
Thiruvananthapuram,2019-11-08,1.08,2.61,3.47,65.0,Satisfactory
Thiruvananthapuram,2019-11-09,1.01,2.47,2.51,64.0,Satisfactory
Thiruvananthapuram,2019-11-10,1.02,2.38,2.16,63.0,Satisfactory
Thiruvananthapuram,2019-11-11,1.12,3.16,3.25,69.0,Satisfactory
Thiruvananthapuram,2019-11-12,1.26,4.71,4.56,71.0,Satisfactory
Thiruvananthapuram,2019-11-13,1.83,4.29,5.78,95.0,Satisfactory
Thiruvananthapuram,2019-11-14,3.71,3.38,5.87,136.0,Moderate
Thiruvananthapuram,2019-11-15,2.03,3.43,4.16,111.0,Moderate
Thiruvananthapuram,2019-11-16,4.11,2.77,3.55,156.0,Moderate
Thiruvananthapuram,2019-11-17,0.83,2.85,2.59,61.0,Satisfactory
Thiruvananthapuram,2019-11-18,1.06,2.67,4.45,67.0,Satisfactory
Thiruvananthapuram,2019-11-19,1.08,5.04,14.47,72.0,Satisfactory
Thiruvananthapuram,2019-11-20,1.01,12.84,17.41,80.0,Satisfactory
Thiruvananthapuram,2019-11-21,1.09,11.54,21.11,71.0,Satisfactory
Thiruvananthapuram,2019-11-22,1.12,11.82,21.44,76.0,Satisfactory
Thiruvananthapuram,2019-11-23,1.5,11.04,23.24,91.0,Satisfactory
Thiruvananthapuram,2019-11-24,1.13,11.36,18.38,83.0,Satisfactory
Thiruvananthapuram,2019-11-25,1.24,10.05,20.14,76.0,Satisfactory
Thiruvananthapuram,2019-11-26,1.32,11.06,26.13,93.0,Satisfactory
Thiruvananthapuram,2019-11-27,1.3,11.69,24.52,83.0,Satisfactory
Thiruvananthapuram,2019-11-28,1.2,10.36,21.22,80.0,Satisfactory
Thiruvananthapuram,2019-11-29,1.29,10.26,21.72,82.0,Satisfactory
Thiruvananthapuram,2019-11-30,1.1,7.95,20.93,73.0,Satisfactory
Thiruvananthapuram,2019-12-01,0.8,8.1,9.46,61.0,Satisfactory
Thiruvananthapuram,2019-12-02,1.12,8.71,16.98,72.0,Satisfactory
Thiruvananthapuram,2019-12-03,1.63,7.4,24.3,90.0,Satisfactory
Thiruvananthapuram,2019-12-04,1.47,8.48,23.43,96.0,Satisfactory
Thiruvananthapuram,2019-12-05,1.2,9.35,17.64,88.0,Satisfactory
Thiruvananthapuram,2019-12-06,1.14,10.18,18.07,90.0,Satisfactory
Thiruvananthapuram,2019-12-07,1.34,10.57,21.04,90.0,Satisfactory
Thiruvananthapuram,2019-12-08,1.16,9.93,14.82,76.0,Satisfactory
Thiruvananthapuram,2019-12-09,1.33,9.65,24.86,79.0,Satisfactory
Thiruvananthapuram,2019-12-10,1.33,11.18,23.66,88.0,Satisfactory
Thiruvananthapuram,2019-12-11,1.4,11.78,24.62,91.0,Satisfactory
Thiruvananthapuram,2019-12-12,1.4,11.67,23.7,87.0,Satisfactory
Thiruvananthapuram,2019-12-13,1.44,11.86,21.3,91.0,Satisfactory
Thiruvananthapuram,2019-12-14,1.3,9.53,14.27,78.0,Satisfactory
Thiruvananthapuram,2019-12-15,1.47,10.09,21.04,88.0,Satisfactory
Thiruvananthapuram,2019-12-16,1.56,10.36,26.23,92.0,Satisfactory
Thiruvananthapuram,2019-12-17,1.2,12.02,12.41,80.0,Satisfactory
Thiruvananthapuram,2019-12-18,1.49,11.91,30.54,98.0,Satisfactory
Thiruvananthapuram,2019-12-19,1.39,12.28,22.06,90.0,Satisfactory
Thiruvananthapuram,2019-12-20,1.56,12.42,24.17,97.0,Satisfactory
Thiruvananthapuram,2019-12-21,1.58,11.7,24.07,102.0,Moderate
Thiruvananthapuram,2019-12-22,1.53,12.0,21.6,97.0,Satisfactory
Thiruvananthapuram,2019-12-23,1.66,12.09,23.69,96.0,Satisfactory
Thiruvananthapuram,2019-12-24,1.94,12.66,29.92,101.0,Moderate
Thiruvananthapuram,2019-12-25,1.56,13.11,16.66,99.0,Satisfactory
Thiruvananthapuram,2019-12-26,1.59,11.92,16.21,92.0,Satisfactory
Thiruvananthapuram,2019-12-27,1.89,10.92,24.75,103.0,Moderate
Thiruvananthapuram,2019-12-28,1.63,14.12,29.29,89.0,Satisfactory
Thiruvananthapuram,2019-12-29,2.26,9.93,27.49,110.0,Moderate
Thiruvananthapuram,2019-12-30,1.94,9.58,27.32,108.0,Moderate
Thiruvananthapuram,2019-12-31,1.49,10.18,26.8,92.0,Satisfactory
Thiruvananthapuram,2020-01-01,1.41,12.88,23.08,85.0,Satisfactory
Thiruvananthapuram,2020-01-02,0.96,13.5,21.04,70.0,Satisfactory
Thiruvananthapuram,2020-01-03,0.76,14.34,24.75,72.0,Satisfactory
Thiruvananthapuram,2020-01-04,0.92,13.76,19.58,78.0,Satisfactory
Thiruvananthapuram,2020-01-05,0.85,13.76,17.5,71.0,Satisfactory
Thiruvananthapuram,2020-01-06,1.12,13.68,27.71,75.0,Satisfactory
Thiruvananthapuram,2020-01-07,1.12,11.43,30.16,75.0,Satisfactory
Thiruvananthapuram,2020-01-08,0.84,10.52,15.99,73.0,Satisfactory
Thiruvananthapuram,2020-01-09,0.99,10.42,23.64,74.0,Satisfactory
Thiruvananthapuram,2020-01-10,1.06,10.2,24.85,82.0,Satisfactory
Thiruvananthapuram,2020-01-11,1.01,10.54,30.0,89.0,Satisfactory
Thiruvananthapuram,2020-01-12,0.82,11.28,22.22,83.0,Satisfactory
Thiruvananthapuram,2020-01-13,0.97,13.4,26.77,87.0,Satisfactory
Thiruvananthapuram,2020-01-14,0.91,12.97,26.54,82.0,Satisfactory
Thiruvananthapuram,2020-01-15,1.06,13.8,25.43,97.0,Satisfactory
Thiruvananthapuram,2020-01-16,0.97,13.92,27.92,98.0,Satisfactory
Thiruvananthapuram,2020-01-17,0.95,14.39,24.09,85.0,Satisfactory
Thiruvananthapuram,2020-01-18,0.88,17.61,24.82,68.0,Satisfactory
Thiruvananthapuram,2020-01-19,0.94,17.17,23.12,66.0,Satisfactory
Thiruvananthapuram,2020-01-20,1.15,15.22,24.67,79.0,Satisfactory
Thiruvananthapuram,2020-01-21,1.04,12.71,22.73,65.0,Satisfactory
Thiruvananthapuram,2020-01-22,0.99,12.35,22.81,66.0,Satisfactory
Thiruvananthapuram,2020-01-23,1.06,11.63,23.56,65.0,Satisfactory
Thiruvananthapuram,2020-01-24,1.06,11.88,21.07,66.0,Satisfactory
Thiruvananthapuram,2020-01-25,1.03,11.39,22.96,71.0,Satisfactory
Thiruvananthapuram,2020-01-26,0.85,9.91,17.18,71.0,Satisfactory
Thiruvananthapuram,2020-01-27,0.87,10.35,20.0,71.0,Satisfactory
Thiruvananthapuram,2020-01-28,0.97,11.06,22.43,77.0,Satisfactory
Thiruvananthapuram,2020-01-29,1.13,10.71,26.53,94.0,Satisfactory
Thiruvananthapuram,2020-01-30,1.07,11.9,20.44,93.0,Satisfactory
Thiruvananthapuram,2020-01-31,1.05,14.26,23.19,98.0,Satisfactory
Thiruvananthapuram,2020-02-01,0.92,14.53,18.95,83.0,Satisfactory
Thiruvananthapuram,2020-02-02,0.83,14.34,16.57,69.0,Satisfactory
Thiruvananthapuram,2020-02-03,1.04,14.4,24.45,73.0,Satisfactory
Thiruvananthapuram,2020-02-04,0.88,14.86,20.46,65.0,Satisfactory
Thiruvananthapuram,2020-02-05,1.0,13.96,19.56,69.0,Satisfactory
Thiruvananthapuram,2020-02-06,0.87,13.32,17.95,71.0,Satisfactory
Thiruvananthapuram,2020-02-07,0.92,12.38,16.95,63.0,Satisfactory
Thiruvananthapuram,2020-02-08,0.98,13.06,17.99,70.0,Satisfactory
Thiruvananthapuram,2020-02-09,0.95,11.37,18.42,68.0,Satisfactory
Thiruvananthapuram,2020-02-10,1.29,19.45,23.62,215.0,Poor
Thiruvananthapuram,2020-02-11,1.02,12.64,23.63,84.0,Satisfactory
Thiruvananthapuram,2020-02-12,1.09,12.89,22.49,72.0,Satisfactory
Thiruvananthapuram,2020-02-13,1.15,14.09,21.5,73.0,Satisfactory
Thiruvananthapuram,2020-02-14,0.87,10.73,22.65,83.0,Satisfactory
Thiruvananthapuram,2020-02-15,0.86,8.17,20.72,82.0,Satisfactory
Thiruvananthapuram,2020-02-16,1.02,9.31,17.85,85.0,Satisfactory
Thiruvananthapuram,2020-02-17,0.95,11.5,23.93,108.0,Moderate
Thiruvananthapuram,2020-02-18,0.73,8.31,23.28,100.0,Satisfactory
Thiruvananthapuram,2020-02-19,0.66,8.77,25.06,98.0,Satisfactory
Thiruvananthapuram,2020-02-20,0.82,9.11,27.54,89.0,Satisfactory
Thiruvananthapuram,2020-02-21,0.79,10.67,25.97,81.0,Satisfactory
Thiruvananthapuram,2020-02-22,1.01,11.39,26.83,92.0,Satisfactory
Thiruvananthapuram,2020-02-23,0.75,8.9,22.12,89.0,Satisfactory
Thiruvananthapuram,2020-02-24,0.99,10.46,25.2,86.0,Satisfactory
Thiruvananthapuram,2020-02-25,1.02,9.83,27.32,89.0,Satisfactory
Thiruvananthapuram,2020-02-26,1.03,8.65,24.06,92.0,Satisfactory
Thiruvananthapuram,2020-02-27,1.1,10.11,24.81,102.0,Moderate
Thiruvananthapuram,2020-02-28,1.29,9.67,28.39,93.0,Satisfactory
Thiruvananthapuram,2020-02-29,1.07,9.92,24.9,126.0,Moderate
Thiruvananthapuram,2020-03-01,0.98,8.65,17.26,100.0,Satisfactory
Thiruvananthapuram,2020-03-02,1.39,9.85,23.26,96.0,Satisfactory
Thiruvananthapuram,2020-03-03,1.82,12.44,24.1,100.0,Satisfactory
Thiruvananthapuram,2020-03-04,2.17,13.9,24.17,107.0,Moderate
Thiruvananthapuram,2020-03-05,1.52,13.63,27.82,110.0,Moderate
Thiruvananthapuram,2020-03-06,0.73,11.85,19.07,76.0,Satisfactory
Thiruvananthapuram,2020-03-07,0.84,8.02,15.07,64.0,Satisfactory
Thiruvananthapuram,2020-03-08,0.97,9.36,10.35,64.0,Satisfactory
Thiruvananthapuram,2020-03-09,1.05,7.42,15.07,68.0,Satisfactory
Thiruvananthapuram,2020-03-10,1.08,8.27,18.15,73.0,Satisfactory
Thiruvananthapuram,2020-03-11,1.1,7.97,17.57,74.0,Satisfactory
Thiruvananthapuram,2020-03-12,1.05,7.33,17.69,74.0,Satisfactory
Thiruvananthapuram,2020-03-13,1.08,7.22,19.15,87.0,Satisfactory
Thiruvananthapuram,2020-03-14,0.92,7.63,15.33,85.0,Satisfactory
Thiruvananthapuram,2020-03-15,0.74,10.8,11.74,60.0,Satisfactory
Thiruvananthapuram,2020-03-16,0.93,9.49,16.04,62.0,Satisfactory
Thiruvananthapuram,2020-03-17,1.03,7.25,15.24,74.0,Satisfactory
Thiruvananthapuram,2020-03-18,1.04,7.09,16.74,67.0,Satisfactory
Thiruvananthapuram,2020-03-19,0.97,7.78,15.12,68.0,Satisfactory
Thiruvananthapuram,2020-03-20,1.06,6.93,16.67,77.0,Satisfactory
Thiruvananthapuram,2020-03-21,0.97,6.37,13.65,71.0,Satisfactory
Thiruvananthapuram,2020-03-22,0.88,6.42,10.02,66.0,Satisfactory
Thiruvananthapuram,2020-03-23,0.96,5.09,11.21,65.0,Satisfactory
Thiruvananthapuram,2020-03-24,0.87,5.09,8.39,57.0,Satisfactory
Thiruvananthapuram,2020-03-25,0.85,4.87,7.82,68.0,Satisfactory
Thiruvananthapuram,2020-03-26,0.88,4.91,8.44,70.0,Satisfactory
Thiruvananthapuram,2020-03-27,0.96,3.86,8.37,74.0,Satisfactory
Thiruvananthapuram,2020-03-28,0.94,4.26,8.43,78.0,Satisfactory
Thiruvananthapuram,2020-03-29,0.77,6.06,9.41,60.0,Satisfactory
Thiruvananthapuram,2020-03-30,0.72,7.48,8.49,52.0,Satisfactory
Thiruvananthapuram,2020-03-31,0.65,7.1,7.91,70.0,Satisfactory
Thiruvananthapuram,2020-04-01,0.67,7.32,7.98,55.0,Satisfactory
Thiruvananthapuram,2020-04-02,0.68,8.01,7.13,61.0,Satisfactory
Thiruvananthapuram,2020-04-03,0.6,6.64,7.28,60.0,Satisfactory
Thiruvananthapuram,2020-04-04,0.48,5.46,8.15,66.0,Satisfactory
Thiruvananthapuram,2020-04-05,0.46,5.33,9.01,60.0,Satisfactory
Thiruvananthapuram,2020-04-06,0.32,5.55,10.18,59.0,Satisfactory
Thiruvananthapuram,2020-04-07,0.46,4.97,9.56,53.0,Satisfactory
Thiruvananthapuram,2020-04-08,0.47,4.39,8.86,61.0,Satisfactory
Thiruvananthapuram,2020-04-09,0.52,4.37,7.91,63.0,Satisfactory
Thiruvananthapuram,2020-04-10,0.51,4.08,7.61,56.0,Satisfactory
Thiruvananthapuram,2020-04-11,0.5,4.2,7.52,55.0,Satisfactory
Thiruvananthapuram,2020-04-12,0.49,4.12,6.32,58.0,Satisfactory
Thiruvananthapuram,2020-04-13,0.51,4.0,7.3,63.0,Satisfactory
Thiruvananthapuram,2020-04-14,0.49,4.02,6.46,66.0,Satisfactory
Thiruvananthapuram,2020-04-15,0.46,4.04,5.66,52.0,Satisfactory
Thiruvananthapuram,2020-04-16,0.49,6.14,6.31,50.0,Good
Thiruvananthapuram,2020-04-17,0.5,6.7,6.76,62.0,Satisfactory
Thiruvananthapuram,2020-04-18,0.42,5.66,6.13,56.0,Satisfactory
Thiruvananthapuram,2020-04-19,0.38,4.97,6.07,49.0,Good
Thiruvananthapuram,2020-04-20,0.48,6.01,7.99,46.0,Good
Thiruvananthapuram,2020-04-21,0.49,6.16,8.41,53.0,Satisfactory
Thiruvananthapuram,2020-04-22,0.48,5.94,8.4,51.0,Satisfactory
Thiruvananthapuram,2020-04-23,0.42,6.01,8.08,50.0,Good
Thiruvananthapuram,2020-04-24,0.43,5.83,7.8,59.0,Satisfactory
Thiruvananthapuram,2020-04-25,0.45,5.89,8.36,53.0,Satisfactory
Thiruvananthapuram,2020-04-26,0.4,5.54,6.97,58.0,Satisfactory
Thiruvananthapuram,2020-04-27,0.49,5.65,8.98,63.0,Satisfactory
Thiruvananthapuram,2020-04-28,0.44,5.73,10.01,60.0,Satisfactory
Thiruvananthapuram,2020-04-29,0.51,5.93,9.67,57.0,Satisfactory
Thiruvananthapuram,2020-04-30,0.46,5.84,9.52,57.0,Satisfactory
Thiruvananthapuram,2020-05-01,0.45,5.71,8.01,54.0,Satisfactory
Thiruvananthapuram,2020-05-02,0.49,5.78,7.73,55.0,Satisfactory
Thiruvananthapuram,2020-05-03,0.46,5.59,5.68,58.0,Satisfactory
Thiruvananthapuram,2020-05-04,0.45,16.12,8.81,55.0,Satisfactory
Thiruvananthapuram,2020-05-05,0.47,26.08,9.57,63.0,Satisfactory
Thiruvananthapuram,2020-05-06,0.58,26.58,11.07,66.0,Satisfactory
Thiruvananthapuram,2020-05-07,0.51,25.58,11.05,59.0,Satisfactory
Thiruvananthapuram,2020-05-08,0.47,25.69,10.21,61.0,Satisfactory
Thiruvananthapuram,2020-05-09,0.58,26.23,11.5,63.0,Satisfactory
Thiruvananthapuram,2020-05-10,0.43,24.99,7.09,63.0,Satisfactory
Thiruvananthapuram,2020-05-11,0.53,25.61,10.53,66.0,Satisfactory
Thiruvananthapuram,2020-05-12,0.6,16.68,11.7,65.0,Satisfactory
Thiruvananthapuram,2020-05-13,0.57,4.54,10.69,47.0,Good
Thiruvananthapuram,2020-05-14,0.53,5.94,11.0,53.0,Satisfactory
Thiruvananthapuram,2020-05-15,0.49,6.67,11.74,58.0,Satisfactory
Thiruvananthapuram,2020-05-16,0.56,5.68,10.75,59.0,Satisfactory
Thiruvananthapuram,2020-05-17,0.43,4.69,6.28,60.0,Satisfactory
Thiruvananthapuram,2020-05-18,0.53,6.0,10.31,64.0,Satisfactory
Thiruvananthapuram,2020-05-19,0.49,6.27,9.92,62.0,Satisfactory
Thiruvananthapuram,2020-05-20,0.52,6.47,10.53,56.0,Satisfactory
Thiruvananthapuram,2020-05-21,0.5,5.69,11.68,48.0,Good
Thiruvananthapuram,2020-05-22,0.54,5.89,11.6,48.0,Good
Thiruvananthapuram,2020-05-23,0.51,6.1,10.08,39.0,Good
Thiruvananthapuram,2020-05-24,0.43,4.7,6.67,46.0,Good
Thiruvananthapuram,2020-05-25,0.53,6.56,11.59,50.0,Good
Thiruvananthapuram,2020-05-26,0.62,6.18,12.74,47.0,Good
Thiruvananthapuram,2020-05-27,0.54,6.64,12.73,56.0,Satisfactory
Thiruvananthapuram,2020-05-28,0.56,5.96,12.44,56.0,Satisfactory
Thiruvananthapuram,2020-05-29,0.64,5.98,12.63,54.0,Satisfactory
Thiruvananthapuram,2020-05-30,0.61,5.48,11.45,54.0,Satisfactory
Thiruvananthapuram,2020-05-31,0.43,4.29,5.53,50.0,Good
Thiruvananthapuram,2020-06-01,0.5,4.89,9.5,42.0,Good
Thiruvananthapuram,2020-06-02,0.47,7.55,13.1,48.0,Good
Thiruvananthapuram,2020-06-03,0.25,5.13,9.15,35.0,Good
Thiruvananthapuram,2020-06-04,0.27,7.86,10.73,32.0,Good
Thiruvananthapuram,2020-06-05,0.29,7.49,12.68,38.0,Good
Thiruvananthapuram,2020-06-06,0.46,3.88,12.19,35.0,Good
Thiruvananthapuram,2020-06-07,0.42,7.24,4.65,35.0,Good
Thiruvananthapuram,2020-06-08,0.64,6.39,13.05,41.0,Good
Thiruvananthapuram,2020-06-09,0.38,6.04,8.09,41.0,Good
Thiruvananthapuram,2020-06-10,0.53,7.44,11.56,46.0,Good
Thiruvananthapuram,2020-06-11,0.61,7.02,15.02,46.0,Good
Thiruvananthapuram,2020-06-12,0.54,6.59,15.66,49.0,Good
Thiruvananthapuram,2020-06-13,0.46,6.37,11.41,52.0,Satisfactory
Thiruvananthapuram,2020-06-14,0.42,5.74,7.41,38.0,Good
Thiruvananthapuram,2020-06-15,0.65,6.29,13.69,45.0,Good
Thiruvananthapuram,2020-06-16,0.58,6.84,12.67,51.0,Satisfactory
Thiruvananthapuram,2020-06-17,0.54,8.53,12.51,58.0,Satisfactory
Thiruvananthapuram,2020-06-18,0.55,7.9,12.01,57.0,Satisfactory
Thiruvananthapuram,2020-06-19,0.43,6.91,11.08,50.0,Good
Thiruvananthapuram,2020-06-20,0.56,7.66,11.77,43.0,Good
Thiruvananthapuram,2020-06-21,0.38,5.85,7.52,42.0,Good
Thiruvananthapuram,2020-06-22,0.56,7.19,10.63,40.0,Good
Thiruvananthapuram,2020-06-23,0.67,7.8,14.36,50.0,Good
Thiruvananthapuram,2020-06-24,0.5,7.21,12.35,70.0,Satisfactory
Thiruvananthapuram,2020-06-25,0.51,7.3,13.57,58.0,Satisfactory
Thiruvananthapuram,2020-06-26,0.56,6.34,11.17,46.0,Good
Thiruvananthapuram,2020-06-27,0.61,6.57,9.5,42.0,Good
Thiruvananthapuram,2020-06-28,0.61,6.09,7.38,43.0,Good
Thiruvananthapuram,2020-06-29,0.68,5.65,10.75,49.0,Good
Thiruvananthapuram,2020-06-30,0.53,5.88,9.93,40.0,Good
Thiruvananthapuram,2020-07-01,0.42,5.62,2.3,41.0,Good
Visakhapatnam,2016-07-07,0.84,12.06,44.35,81.0,Satisfactory
Visakhapatnam,2016-07-08,1.07,11.91,52.89,112.0,Moderate
Visakhapatnam,2016-07-09,1.0,12.77,45.37,81.0,Satisfactory
Visakhapatnam,2016-07-10,0.88,12.82,36.51,81.0,Satisfactory
Visakhapatnam,2016-07-11,0.89,12.46,39.01,79.0,Satisfactory
Visakhapatnam,2016-07-12,1.09,13.49,42.76,79.0,Satisfactory
Visakhapatnam,2016-07-13,1.07,13.12,48.4,90.0,Satisfactory
Visakhapatnam,2016-07-14,1.09,13.3,49.9,93.0,Satisfactory
Visakhapatnam,2016-07-15,1.02,13.52,49.19,112.0,Moderate
Visakhapatnam,2016-07-16,1.1,13.58,47.01,104.0,Moderate
Visakhapatnam,2016-07-17,1.1,13.17,48.83,102.0,Moderate
Visakhapatnam,2016-07-18,1.09,13.99,49.36,95.0,Satisfactory
Visakhapatnam,2016-07-19,1.9,8.69,65.03,127.0,Moderate
Visakhapatnam,2016-07-20,0.95,16.1,37.86,135.0,Moderate
Visakhapatnam,2016-07-23,0.78,14.76,37.5,105.0,Moderate
Visakhapatnam,2016-07-25,0.79,16.37,37.72,84.0,Satisfactory
Visakhapatnam,2016-07-26,1.34,13.21,58.13,155.0,Moderate
Visakhapatnam,2016-07-27,0.94,15.34,43.69,138.0,Moderate
Visakhapatnam,2016-07-28,0.98,12.91,31.72,78.0,Satisfactory
Visakhapatnam,2016-07-29,1.11,11.19,29.87,79.0,Satisfactory
Visakhapatnam,2016-07-30,0.89,15.58,30.77,95.0,Satisfactory
Visakhapatnam,2016-07-31,1.15,10.37,37.52,90.0,Satisfactory
Visakhapatnam,2016-08-01,1.05,12.06,34.3,105.0,Moderate
Visakhapatnam,2016-08-02,0.94,11.49,29.24,67.0,Satisfactory
Visakhapatnam,2016-08-03,1.04,9.98,29.85,73.0,Satisfactory
Visakhapatnam,2016-08-04,1.1,11.62,31.32,79.0,Satisfactory
Visakhapatnam,2016-08-05,1.25,11.67,34.95,89.0,Satisfactory
Visakhapatnam,2016-08-06,1.17,11.63,33.23,95.0,Satisfactory
Visakhapatnam,2016-08-07,0.96,7.13,31.69,89.0,Satisfactory
Visakhapatnam,2016-08-08,1.07,17.47,34.63,94.0,Satisfactory
Visakhapatnam,2016-08-09,1.25,22.93,43.12,103.0,Moderate
Visakhapatnam,2016-08-10,1.09,13.62,33.73,101.0,Moderate
Visakhapatnam,2016-08-11,0.64,13.05,29.54,93.0,Satisfactory
Visakhapatnam,2016-08-12,0.62,15.32,53.0,85.0,Satisfactory
Visakhapatnam,2016-08-13,1.18,13.73,41.82,106.0,Moderate
Visakhapatnam,2016-08-14,1.02,13.82,34.82,101.0,Moderate
Visakhapatnam,2016-08-15,1.07,13.08,35.64,89.0,Satisfactory
Visakhapatnam,2016-08-16,1.15,12.96,39.56,83.0,Satisfactory
Visakhapatnam,2016-08-17,1.03,11.37,38.75,90.0,Satisfactory
Visakhapatnam,2016-08-18,1.1,10.95,38.95,102.0,Moderate
Visakhapatnam,2016-08-19,1.11,12.64,38.88,102.0,Moderate
Visakhapatnam,2016-08-20,1.02,13.38,33.98,102.0,Moderate
Visakhapatnam,2016-08-21,0.98,13.87,33.87,111.0,Moderate
Visakhapatnam,2016-08-22,1.17,13.95,36.96,108.0,Moderate
Visakhapatnam,2016-08-23,0.87,12.53,33.61,102.0,Moderate
Visakhapatnam,2016-08-24,0.86,12.71,38.65,93.0,Satisfactory
Visakhapatnam,2016-08-25,0.79,10.98,35.76,87.0,Satisfactory
Visakhapatnam,2016-08-26,0.64,12.54,28.77,87.0,Satisfactory
Visakhapatnam,2016-08-27,0.39,10.75,23.5,66.0,Satisfactory
Visakhapatnam,2016-08-28,0.43,10.66,12.87,63.0,Satisfactory
Visakhapatnam,2016-08-29,0.41,9.96,12.77,53.0,Satisfactory
Visakhapatnam,2016-08-30,0.47,9.48,12.97,60.0,Satisfactory
Visakhapatnam,2016-08-31,0.6,9.75,27.72,77.0,Satisfactory
Visakhapatnam,2016-09-01,0.8,8.69,38.84,77.0,Satisfactory
Visakhapatnam,2016-09-02,0.64,8.49,30.88,71.0,Satisfactory
Visakhapatnam,2016-09-03,0.79,7.5,32.96,68.0,Satisfactory
Visakhapatnam,2016-09-04,0.46,8.45,26.57,67.0,Satisfactory
Visakhapatnam,2016-09-06,0.79,8.91,35.13,102.0,Moderate
Visakhapatnam,2016-09-07,0.66,10.34,37.04,101.0,Moderate
Visakhapatnam,2016-09-08,0.7,11.0,42.25,98.0,Satisfactory
Visakhapatnam,2016-09-09,0.69,12.77,36.83,96.0,Satisfactory
Visakhapatnam,2016-09-10,1.06,13.62,41.67,98.0,Satisfactory
Visakhapatnam,2016-09-11,0.87,10.4,39.21,160.0,Moderate
Visakhapatnam,2016-09-12,0.71,18.81,33.77,188.0,Moderate
Visakhapatnam,2016-09-13,0.59,17.05,28.03,73.0,Satisfactory
Visakhapatnam,2016-09-14,0.73,11.15,23.62,64.0,Satisfactory
Visakhapatnam,2016-09-15,0.51,10.1,14.2,71.0,Satisfactory
Visakhapatnam,2016-09-16,0.58,9.54,25.39,65.0,Satisfactory
Visakhapatnam,2016-09-17,0.78,10.65,36.89,65.0,Satisfactory
Visakhapatnam,2016-09-18,0.66,9.04,36.34,86.0,Satisfactory
Visakhapatnam,2016-09-19,0.58,7.14,39.78,151.0,Moderate
Visakhapatnam,2016-09-21,0.4,12.09,14.05,49.0,Good
Visakhapatnam,2016-09-22,0.42,15.01,8.62,55.0,Satisfactory
Visakhapatnam,2016-09-23,0.94,11.57,20.31,90.0,Satisfactory
Visakhapatnam,2016-09-24,1.27,9.9,35.71,78.0,Satisfactory
Visakhapatnam,2016-09-25,1.02,9.16,26.18,85.0,Satisfactory
Visakhapatnam,2016-09-26,1.3,8.64,36.36,89.0,Satisfactory
Visakhapatnam,2016-09-27,1.91,9.34,56.17,108.0,Moderate
Visakhapatnam,2016-09-28,1.44,9.35,45.89,130.0,Moderate
Visakhapatnam,2016-09-29,1.28,12.31,44.06,113.0,Moderate
Visakhapatnam,2016-09-30,1.3,14.59,50.32,104.0,Moderate
Visakhapatnam,2016-10-01,1.01,12.82,38.29,94.0,Satisfactory
Visakhapatnam,2016-10-02,1.18,10.45,43.55,132.0,Moderate
Visakhapatnam,2016-10-03,0.82,12.73,43.26,133.0,Moderate
Visakhapatnam,2016-10-04,1.03,14.02,45.35,104.0,Moderate
Visakhapatnam,2016-10-05,1.03,15.85,44.43,100.0,Satisfactory
Visakhapatnam,2016-10-06,0.97,16.59,41.1,105.0,Moderate
Visakhapatnam,2016-10-07,0.76,16.35,42.34,85.0,Satisfactory
Visakhapatnam,2016-10-08,1.23,14.86,50.06,95.0,Satisfactory
Visakhapatnam,2016-10-09,0.82,14.2,42.1,97.0,Satisfactory
Visakhapatnam,2016-10-10,1.06,14.28,40.62,90.0,Satisfactory
Visakhapatnam,2016-10-11,1.15,15.63,30.35,108.0,Moderate
Visakhapatnam,2016-10-14,1.34,12.63,88.72,110.0,Moderate
Visakhapatnam,2016-10-18,1.1,16.54,45.39,123.0,Moderate
Visakhapatnam,2016-10-19,1.04,16.96,50.18,121.0,Moderate
Visakhapatnam,2016-10-20,1.13,14.86,56.35,116.0,Moderate
Visakhapatnam,2016-10-21,1.23,14.18,60.75,118.0,Moderate
Visakhapatnam,2016-10-22,1.34,15.93,68.56,122.0,Moderate
Visakhapatnam,2016-10-23,1.19,9.58,67.64,109.0,Moderate
Visakhapatnam,2016-10-24,1.5,14.34,83.01,126.0,Moderate
Visakhapatnam,2016-10-25,1.29,18.51,62.1,142.0,Moderate
Visakhapatnam,2016-10-26,1.21,19.04,67.62,110.0,Moderate
Visakhapatnam,2016-10-27,0.8,17.51,26.48,104.0,Moderate
Visakhapatnam,2016-10-28,1.01,18.43,32.65,147.0,Moderate
Visakhapatnam,2016-10-29,0.86,14.71,25.0,91.0,Satisfactory
Visakhapatnam,2016-10-30,0.79,12.08,24.3,76.0,Satisfactory
Visakhapatnam,2016-10-31,0.97,11.75,29.01,89.0,Satisfactory
Visakhapatnam,2016-11-01,1.06,10.9,43.66,117.0,Moderate
Visakhapatnam,2016-11-02,0.77,10.7,19.09,82.0,Satisfactory
Visakhapatnam,2016-11-03,0.77,10.38,18.55,67.0,Satisfactory
Visakhapatnam,2016-11-04,0.67,8.39,17.48,55.0,Satisfactory
Visakhapatnam,2016-11-05,0.71,7.69,21.59,56.0,Satisfactory
Visakhapatnam,2016-11-06,1.05,8.72,45.09,83.0,Satisfactory
Visakhapatnam,2016-11-07,1.21,9.21,54.12,113.0,Moderate
Visakhapatnam,2016-11-08,1.46,10.33,70.94,133.0,Moderate
Visakhapatnam,2016-11-09,1.61,12.69,71.81,114.0,Moderate
Visakhapatnam,2016-11-10,1.81,15.22,51.12,112.0,Moderate
Visakhapatnam,2016-11-11,1.64,15.74,61.14,114.0,Moderate
Visakhapatnam,2016-11-12,1.62,16.97,60.94,132.0,Moderate
Visakhapatnam,2016-11-13,1.2,15.63,28.57,129.0,Moderate
Visakhapatnam,2016-11-14,1.15,14.09,26.66,163.0,Moderate
Visakhapatnam,2016-11-15,1.13,12.74,26.07,150.0,Moderate
Visakhapatnam,2016-11-16,1.18,12.01,23.94,127.0,Moderate
Visakhapatnam,2016-11-17,1.14,11.23,31.02,151.0,Moderate
Visakhapatnam,2016-11-18,1.11,10.81,33.96,148.0,Moderate
Visakhapatnam,2016-11-19,1.45,10.06,61.25,120.0,Moderate
Visakhapatnam,2016-11-20,1.53,10.25,63.11,119.0,Moderate
Visakhapatnam,2016-11-21,1.59,12.38,68.27,125.0,Moderate
Visakhapatnam,2016-11-22,1.74,13.21,72.33,116.0,Moderate
Visakhapatnam,2016-11-23,1.71,17.92,71.71,112.0,Moderate
Visakhapatnam,2016-11-24,1.6,19.94,81.21,108.0,Moderate
Visakhapatnam,2016-11-25,1.64,21.23,85.44,109.0,Moderate
Visakhapatnam,2016-11-26,1.68,23.54,80.13,110.0,Moderate
Visakhapatnam,2016-11-27,1.58,21.14,69.96,116.0,Moderate
Visakhapatnam,2016-11-28,1.55,20.06,63.18,125.0,Moderate
Visakhapatnam,2016-11-29,1.64,17.8,68.05,121.0,Moderate
Visakhapatnam,2016-11-30,1.53,17.33,71.79,126.0,Moderate
Visakhapatnam,2016-12-01,1.0,14.95,25.19,144.0,Moderate
Visakhapatnam,2016-12-02,0.99,12.69,30.56,93.0,Satisfactory
Visakhapatnam,2016-12-03,0.94,12.21,26.56,82.0,Satisfactory
Visakhapatnam,2016-12-04,0.98,13.43,24.96,106.0,Moderate
Visakhapatnam,2016-12-05,1.06,12.76,30.06,131.0,Moderate
Visakhapatnam,2016-12-06,1.0,11.01,28.66,113.0,Moderate
Visakhapatnam,2016-12-07,1.04,11.29,36.44,91.0,Satisfactory
Visakhapatnam,2016-12-08,1.49,13.02,58.46,105.0,Moderate
Visakhapatnam,2016-12-09,1.41,14.36,57.17,123.0,Moderate
Visakhapatnam,2016-12-10,1.19,12.89,36.03,120.0,Moderate
Visakhapatnam,2016-12-11,1.02,11.64,20.92,113.0,Moderate
Visakhapatnam,2016-12-12,0.96,10.59,18.21,105.0,Moderate
Visakhapatnam,2016-12-13,0.96,10.72,18.08,117.0,Moderate
Visakhapatnam,2016-12-14,1.15,12.02,22.56,107.0,Moderate
Visakhapatnam,2016-12-15,1.18,11.53,30.64,139.0,Moderate
Visakhapatnam,2016-12-16,1.14,9.93,46.05,119.0,Moderate
Visakhapatnam,2016-12-17,1.49,11.01,65.42,119.0,Moderate
Visakhapatnam,2016-12-18,1.48,12.79,67.64,120.0,Moderate
Visakhapatnam,2016-12-19,1.55,14.22,74.72,119.0,Moderate
Visakhapatnam,2016-12-20,1.53,14.55,77.27,122.0,Moderate
Visakhapatnam,2016-12-21,1.82,17.05,77.15,133.0,Moderate
Visakhapatnam,2016-12-22,1.84,17.05,77.47,120.0,Moderate
Visakhapatnam,2016-12-23,1.67,16.19,71.11,124.0,Moderate
Visakhapatnam,2016-12-24,1.48,14.96,48.03,122.0,Moderate
Visakhapatnam,2016-12-25,1.63,16.48,64.9,126.0,Moderate
Visakhapatnam,2016-12-27,1.55,15.33,53.96,133.0,Moderate
Visakhapatnam,2016-12-28,1.52,18.3,41.25,127.0,Moderate
Visakhapatnam,2016-12-29,1.69,17.17,57.45,116.0,Moderate
Visakhapatnam,2016-12-30,1.67,15.55,53.1,116.0,Moderate
Visakhapatnam,2016-12-31,1.57,13.73,55.17,107.0,Moderate
Visakhapatnam,2017-01-01,1.38,11.49,38.43,147.0,Moderate
Visakhapatnam,2017-01-02,1.1,11.28,33.05,102.0,Moderate
Visakhapatnam,2017-01-03,1.32,13.2,42.11,98.0,Satisfactory
Visakhapatnam,2017-01-04,1.39,15.92,46.67,117.0,Moderate
Visakhapatnam,2017-01-05,1.27,15.04,29.76,121.0,Moderate
Visakhapatnam,2017-01-06,1.22,13.31,39.5,146.0,Moderate
Visakhapatnam,2017-01-07,1.41,12.24,59.46,110.0,Moderate
Visakhapatnam,2017-01-08,1.35,11.47,51.83,108.0,Moderate
Visakhapatnam,2017-01-09,1.46,12.74,60.14,103.0,Moderate
Visakhapatnam,2017-01-10,1.5,13.36,63.83,108.0,Moderate
Visakhapatnam,2017-01-11,1.36,13.92,52.63,102.0,Moderate
Visakhapatnam,2017-01-12,1.28,14.6,41.29,107.0,Moderate
Visakhapatnam,2017-01-13,1.21,15.76,28.97,121.0,Moderate
Visakhapatnam,2017-01-14,0.95,13.54,18.95,144.0,Moderate
Visakhapatnam,2017-01-15,0.98,13.1,23.54,148.0,Moderate
Visakhapatnam,2017-01-16,1.42,13.76,57.83,136.0,Moderate
Visakhapatnam,2017-01-17,1.54,14.33,68.69,137.0,Moderate
Visakhapatnam,2017-01-18,1.48,14.2,70.47,124.0,Moderate
Visakhapatnam,2017-01-19,1.1,13.78,30.17,139.0,Moderate
Visakhapatnam,2017-01-20,1.11,14.36,29.97,166.0,Moderate
Visakhapatnam,2017-01-21,1.21,17.02,33.64,236.0,Poor
Visakhapatnam,2017-01-22,1.18,12.92,33.51,156.0,Moderate
Visakhapatnam,2017-01-23,1.26,12.48,51.04,126.0,Moderate
Visakhapatnam,2017-01-24,1.31,14.51,56.26,108.0,Moderate
Visakhapatnam,2017-01-25,1.05,14.17,30.0,101.0,Moderate
Visakhapatnam,2017-01-26,1.12,15.25,25.96,173.0,Moderate
Visakhapatnam,2017-01-27,1.26,15.4,36.01,190.0,Moderate
Visakhapatnam,2017-01-28,1.57,12.61,46.57,178.0,Moderate
Visakhapatnam,2017-01-29,0.84,12.54,23.93,183.0,Moderate
Visakhapatnam,2017-01-30,1.3,13.7,26.01,177.0,Moderate
Visakhapatnam,2017-01-31,1.26,13.6,40.05,214.0,Poor
Visakhapatnam,2017-02-01,1.36,12.94,41.89,221.0,Poor
Visakhapatnam,2017-02-02,0.77,11.71,30.29,158.0,Moderate
Visakhapatnam,2017-02-03,1.42,12.74,45.33,177.0,Moderate
Visakhapatnam,2017-02-04,1.87,12.37,44.16,255.0,Poor
Visakhapatnam,2017-02-05,1.09,12.88,53.95,227.0,Poor
Visakhapatnam,2017-02-06,1.31,13.9,50.7,214.0,Poor
Visakhapatnam,2017-02-07,0.95,13.41,41.98,137.0,Moderate
Visakhapatnam,2017-02-08,1.07,14.31,54.72,198.0,Moderate
Visakhapatnam,2017-02-09,1.1,13.4,51.15,265.0,Poor
Visakhapatnam,2017-02-10,0.95,12.76,50.13,228.0,Poor
Visakhapatnam,2017-02-11,0.81,11.97,38.14,168.0,Moderate
Visakhapatnam,2017-02-12,0.68,10.5,24.89,107.0,Moderate
Visakhapatnam,2017-02-13,0.74,9.05,29.69,118.0,Moderate
Visakhapatnam,2017-02-14,1.3,6.86,31.76,146.0,Moderate
Visakhapatnam,2017-02-15,1.57,9.42,51.11,158.0,Moderate
Visakhapatnam,2017-02-16,1.74,14.22,67.56,219.0,Poor
Visakhapatnam,2017-02-17,1.5,11.25,51.53,196.0,Moderate
Visakhapatnam,2017-02-18,1.48,12.55,50.92,191.0,Moderate
Visakhapatnam,2017-02-19,0.86,12.33,41.19,166.0,Moderate
Visakhapatnam,2017-02-20,1.27,11.86,39.22,184.0,Moderate
Visakhapatnam,2017-02-21,1.24,10.79,34.28,158.0,Moderate
Visakhapatnam,2017-02-22,1.22,10.06,32.48,144.0,Moderate
Visakhapatnam,2017-02-23,1.28,10.0,36.34,141.0,Moderate
Visakhapatnam,2017-02-24,1.01,10.25,25.74,138.0,Moderate
Visakhapatnam,2017-02-25,1.18,10.56,26.63,129.0,Moderate
Visakhapatnam,2017-02-26,0.68,10.58,26.9,122.0,Moderate
Visakhapatnam,2017-02-27,1.22,10.38,33.52,160.0,Moderate
Visakhapatnam,2017-02-28,1.17,10.23,32.02,151.0,Moderate
Visakhapatnam,2017-03-01,1.41,10.46,50.97,175.0,Moderate
Visakhapatnam,2017-03-02,0.83,10.9,47.3,151.0,Moderate
Visakhapatnam,2017-03-03,1.38,10.42,56.43,172.0,Moderate
Visakhapatnam,2017-03-04,1.16,9.64,40.5,159.0,Moderate
Visakhapatnam,2017-03-05,0.62,8.06,26.24,86.0,Satisfactory
Visakhapatnam,2017-03-06,1.01,8.23,22.88,117.0,Moderate
Visakhapatnam,2017-03-07,1.08,8.27,18.35,118.0,Moderate
Visakhapatnam,2017-03-08,0.96,8.15,13.58,108.0,Moderate
Visakhapatnam,2017-03-09,1.05,7.91,21.42,106.0,Moderate
Visakhapatnam,2017-03-10,0.7,8.03,20.68,62.0,Satisfactory
Visakhapatnam,2017-03-11,0.72,17.92,13.13,122.0,Moderate
Visakhapatnam,2017-03-12,0.45,7.59,15.24,67.0,Satisfactory
Visakhapatnam,2017-03-13,0.92,8.75,14.84,90.0,Satisfactory
Visakhapatnam,2017-03-14,1.19,8.36,18.12,169.0,Moderate
Visakhapatnam,2017-03-15,0.83,8.31,23.85,112.0,Moderate
Visakhapatnam,2017-03-16,0.94,8.93,23.69,114.0,Moderate
Visakhapatnam,2017-03-17,0.98,9.15,23.26,126.0,Moderate
Visakhapatnam,2017-03-18,1.02,9.84,23.88,129.0,Moderate
Visakhapatnam,2017-03-19,0.56,9.27,23.09,106.0,Moderate
Visakhapatnam,2017-03-20,1.17,10.07,24.25,147.0,Moderate
Visakhapatnam,2017-03-21,1.0,8.84,22.58,136.0,Moderate
Visakhapatnam,2017-03-22,1.07,8.9,23.01,127.0,Moderate
Visakhapatnam,2017-03-23,0.72,8.96,24.53,97.0,Satisfactory
Visakhapatnam,2017-03-24,1.14,8.47,28.39,144.0,Moderate
Visakhapatnam,2017-03-25,0.56,8.1,21.75,115.0,Moderate
Visakhapatnam,2017-03-29,1.11,8.4,15.91,94.0,Satisfactory
Visakhapatnam,2017-03-30,1.68,8.67,12.79,134.0,Moderate
Visakhapatnam,2017-03-31,1.71,8.66,13.76,140.0,Moderate
Visakhapatnam,2017-04-01,1.55,8.54,15.38,140.0,Moderate
Visakhapatnam,2017-04-02,1.12,7.34,16.13,106.0,Moderate
Visakhapatnam,2017-04-03,1.65,8.58,16.11,98.0,Satisfactory
Visakhapatnam,2017-04-04,1.58,7.65,15.4,128.0,Moderate
Visakhapatnam,2017-04-05,1.6,7.8,17.95,136.0,Moderate
Visakhapatnam,2017-04-06,1.74,9.16,20.15,142.0,Moderate
Visakhapatnam,2017-04-07,1.7,39.01,18.06,152.0,Moderate
Visakhapatnam,2017-04-08,1.71,9.31,18.38,149.0,Moderate
Visakhapatnam,2017-04-09,0.98,7.43,17.28,94.0,Satisfactory
Visakhapatnam,2017-04-11,0.9,13.21,17.27,131.0,Moderate
Visakhapatnam,2017-11-01,1.25,0.15,0.17,149.0,Moderate
Visakhapatnam,2017-11-06,0.71,0.12,5.76,70.0,Satisfactory
Visakhapatnam,2017-11-07,0.79,0.62,4.43,94.0,Satisfactory
Visakhapatnam,2017-11-08,0.75,0.77,13.63,85.0,Satisfactory
Visakhapatnam,2017-11-09,0.83,1.17,13.34,90.0,Satisfactory
Visakhapatnam,2017-11-10,0.8,1.04,2.68,99.0,Satisfactory
Visakhapatnam,2017-11-11,0.85,1.11,0.38,148.0,Moderate
Visakhapatnam,2017-11-13,0.75,0.14,19.44,130.0,Moderate
Visakhapatnam,2017-11-14,0.76,1.38,16.56,93.0,Satisfactory
Visakhapatnam,2017-11-15,0.74,3.82,14.82,85.0,Satisfactory
Visakhapatnam,2017-11-16,0.74,1.39,11.61,64.0,Satisfactory
Visakhapatnam,2017-11-17,0.76,1.13,14.27,63.0,Satisfactory
Visakhapatnam,2017-11-18,0.71,1.49,10.62,58.0,Satisfactory
Visakhapatnam,2017-11-19,0.63,1.72,8.23,52.0,Satisfactory
Visakhapatnam,2017-11-20,0.82,7.27,10.58,74.0,Satisfactory
Visakhapatnam,2017-11-21,0.79,2.41,8.68,62.0,Satisfactory
Visakhapatnam,2017-11-22,0.91,2.19,11.39,95.0,Satisfactory
Visakhapatnam,2017-11-23,1.02,13.3,25.32,120.0,Moderate
Visakhapatnam,2017-11-24,0.93,8.59,28.02,161.0,Moderate
Visakhapatnam,2017-11-25,0.94,9.98,30.52,174.0,Moderate
Visakhapatnam,2017-11-26,0.98,10.32,31.12,175.0,Moderate
Visakhapatnam,2017-11-27,1.07,10.87,41.42,153.0,Moderate
Visakhapatnam,2017-11-28,1.05,11.96,54.91,158.0,Moderate
Visakhapatnam,2017-11-29,0.81,9.56,44.58,138.0,Moderate
Visakhapatnam,2017-11-30,0.89,10.89,39.66,116.0,Moderate
Visakhapatnam,2017-12-01,0.91,10.89,40.34,122.0,Moderate
Visakhapatnam,2017-12-02,0.94,11.75,27.71,165.0,Moderate
Visakhapatnam,2017-12-03,0.93,11.2,29.42,157.0,Moderate
Visakhapatnam,2017-12-04,1.1,12.19,34.31,162.0,Moderate
Visakhapatnam,2017-12-05,1.23,13.31,55.94,207.0,Poor
Visakhapatnam,2017-12-06,1.3,13.61,55.34,230.0,Poor
Visakhapatnam,2017-12-07,1.09,20.2,36.78,195.0,Moderate
Visakhapatnam,2017-12-08,1.04,12.06,44.64,155.0,Moderate
Visakhapatnam,2017-12-09,1.06,11.12,44.59,104.0,Moderate
Visakhapatnam,2017-12-10,1.14,13.01,54.45,148.0,Moderate
Visakhapatnam,2017-12-11,1.11,15.85,47.58,132.0,Moderate
Visakhapatnam,2017-12-12,1.16,17.37,43.73,159.0,Moderate
Visakhapatnam,2017-12-13,1.26,15.23,41.51,169.0,Moderate
Visakhapatnam,2017-12-14,0.93,14.84,24.11,128.0,Moderate
Visakhapatnam,2017-12-15,1.04,13.13,36.82,125.0,Moderate
Visakhapatnam,2017-12-16,1.47,12.29,67.69,155.0,Moderate
Visakhapatnam,2017-12-17,1.26,14.04,56.71,206.0,Poor
Visakhapatnam,2017-12-18,1.09,13.05,46.04,158.0,Moderate
Visakhapatnam,2017-12-19,0.91,11.15,43.94,131.0,Moderate
Visakhapatnam,2017-12-20,1.12,12.09,54.01,124.0,Moderate
Visakhapatnam,2017-12-21,1.1,12.53,41.12,142.0,Moderate
Visakhapatnam,2017-12-22,1.39,13.92,52.59,164.0,Moderate
Visakhapatnam,2017-12-23,1.47,16.66,61.96,251.0,Poor
Visakhapatnam,2017-12-24,1.32,16.56,45.4,268.0,Poor
Visakhapatnam,2017-12-25,1.21,16.31,39.23,292.0,Poor
Visakhapatnam,2017-12-26,1.45,17.16,60.49,296.0,Poor
Visakhapatnam,2017-12-27,1.2,14.37,55.93,290.0,Poor
Visakhapatnam,2017-12-28,1.28,11.48,60.83,203.0,Poor
Visakhapatnam,2017-12-29,1.08,11.33,52.56,160.0,Moderate
Visakhapatnam,2017-12-30,0.93,12.22,32.45,99.0,Satisfactory
Visakhapatnam,2017-12-31,0.93,12.58,23.54,129.0,Moderate
Visakhapatnam,2018-01-01,0.95,11.68,23.69,131.0,Moderate
Visakhapatnam,2018-01-02,1.02,11.86,28.36,125.0,Moderate
Visakhapatnam,2018-01-03,1.33,13.35,52.03,132.0,Moderate
Visakhapatnam,2018-01-04,1.95,21.58,83.29,231.0,Poor
Visakhapatnam,2018-01-05,1.5,14.24,59.18,233.0,Poor
Visakhapatnam,2018-01-06,1.78,13.74,75.76,231.0,Poor
Visakhapatnam,2018-01-07,1.6,15.97,70.87,230.0,Poor
Visakhapatnam,2018-01-08,1.19,15.67,60.68,229.0,Poor
Visakhapatnam,2018-01-09,0.88,15.07,33.16,150.0,Moderate
Visakhapatnam,2018-01-10,1.28,16.65,62.83,192.0,Moderate
Visakhapatnam,2018-01-11,1.52,19.8,70.69,279.0,Poor
Visakhapatnam,2018-01-12,1.64,21.94,69.88,305.0,Very Poor
Visakhapatnam,2018-01-13,1.19,22.54,52.2,293.0,Poor
Visakhapatnam,2018-01-14,2.11,27.2,62.91,334.0,Very Poor
Visakhapatnam,2018-01-15,1.37,19.15,47.37,320.0,Very Poor
Visakhapatnam,2018-01-16,1.48,20.14,53.99,284.0,Poor
Visakhapatnam,2018-01-17,1.39,17.26,50.03,297.0,Poor
Visakhapatnam,2018-01-18,1.33,14.19,56.14,189.0,Moderate
Visakhapatnam,2018-01-19,1.41,14.41,57.47,180.0,Moderate
Visakhapatnam,2018-01-20,1.52,16.32,60.86,229.0,Poor
Visakhapatnam,2018-01-21,1.48,18.07,58.21,224.0,Poor
Visakhapatnam,2018-01-22,1.52,18.96,63.07,200.0,Moderate
Visakhapatnam,2018-01-23,1.7,19.17,87.42,226.0,Poor
Visakhapatnam,2018-01-28,0.99,17.95,38.1,182.0,Moderate
Visakhapatnam,2018-01-29,1.04,17.01,44.15,176.0,Moderate
Visakhapatnam,2018-01-30,1.24,16.09,68.01,219.0,Poor
Visakhapatnam,2018-01-31,1.15,16.16,65.32,215.0,Poor
Visakhapatnam,2018-02-01,1.15,14.09,61.11,179.0,Moderate
Visakhapatnam,2018-02-02,1.19,14.98,69.86,172.0,Moderate
Visakhapatnam,2018-02-03,1.25,16.54,65.58,164.0,Moderate
Visakhapatnam,2018-02-04,1.06,15.52,62.86,169.0,Moderate
Visakhapatnam,2018-02-05,1.16,16.39,58.17,162.0,Moderate
Visakhapatnam,2018-02-06,1.02,19.37,57.75,150.0,Moderate
Visakhapatnam,2018-02-07,0.66,18.36,49.41,136.0,Moderate
Visakhapatnam,2018-02-08,0.59,16.05,47.2,116.0,Moderate
Visakhapatnam,2018-02-09,0.61,13.87,41.02,112.0,Moderate
Visakhapatnam,2018-02-10,0.59,13.99,38.01,99.0,Satisfactory
Visakhapatnam,2018-02-11,0.44,11.54,29.17,140.0,Moderate
Visakhapatnam,2018-02-14,0.51,1.42,6.49,121.0,Moderate
Visakhapatnam,2018-02-15,0.71,2.05,11.17,134.0,Moderate
Visakhapatnam,2018-02-16,0.65,0.98,8.09,137.0,Moderate
Visakhapatnam,2018-02-17,0.73,0.15,0.51,169.0,Moderate
Visakhapatnam,2018-02-18,0.49,0.19,0.64,136.0,Moderate
Visakhapatnam,2018-02-19,0.54,0.24,0.81,148.0,Moderate
Visakhapatnam,2018-02-20,0.72,4.64,18.27,174.0,Moderate
Visakhapatnam,2018-02-21,0.81,11.02,49.32,156.0,Moderate
Visakhapatnam,2018-02-22,0.74,11.49,65.2,160.0,Moderate
Visakhapatnam,2018-02-23,0.77,12.7,58.72,157.0,Moderate
Visakhapatnam,2018-02-24,1.71,16.13,90.43,195.0,Moderate
Visakhapatnam,2018-02-25,1.11,19.18,66.23,232.0,Poor
Visakhapatnam,2018-02-26,0.94,19.85,80.37,182.0,Moderate
Visakhapatnam,2018-02-27,0.77,16.1,59.48,131.0,Moderate
Visakhapatnam,2018-02-28,0.76,15.15,67.88,128.0,Moderate
Visakhapatnam,2018-03-01,0.82,15.32,58.84,142.0,Moderate
Visakhapatnam,2018-03-02,0.77,15.31,49.57,124.0,Moderate
Visakhapatnam,2018-03-03,0.71,13.23,56.87,118.0,Moderate
Visakhapatnam,2018-03-04,0.71,10.22,57.8,115.0,Moderate
Visakhapatnam,2018-03-05,0.83,12.15,51.33,121.0,Moderate
Visakhapatnam,2018-03-06,0.77,12.89,43.91,124.0,Moderate
Visakhapatnam,2018-03-07,0.88,18.27,48.57,115.0,Moderate
Visakhapatnam,2018-03-08,0.54,16.02,20.95,124.0,Moderate
Visakhapatnam,2018-03-09,0.56,15.28,23.2,85.0,Satisfactory
Visakhapatnam,2018-03-10,0.75,15.37,44.34,114.0,Moderate
Visakhapatnam,2018-03-11,0.82,12.73,52.48,126.0,Moderate
Visakhapatnam,2018-03-12,0.73,12.37,48.37,120.0,Moderate
Visakhapatnam,2018-03-13,0.78,10.16,55.29,112.0,Moderate
Visakhapatnam,2018-03-14,0.78,10.12,56.73,117.0,Moderate
Visakhapatnam,2018-03-15,0.83,10.74,39.02,109.0,Moderate
Visakhapatnam,2018-03-16,0.62,12.16,34.41,99.0,Satisfactory
Visakhapatnam,2018-03-17,1.1,15.38,66.65,148.0,Moderate
Visakhapatnam,2018-03-18,0.91,14.86,52.36,224.0,Poor
Visakhapatnam,2018-03-19,0.66,14.5,39.88,168.0,Moderate
Visakhapatnam,2018-03-20,0.64,12.55,40.7,105.0,Moderate
Visakhapatnam,2018-03-21,0.76,14.27,46.99,107.0,Moderate
Visakhapatnam,2018-03-22,0.68,11.16,41.97,110.0,Moderate
Visakhapatnam,2018-03-23,0.93,11.71,41.72,121.0,Moderate
Visakhapatnam,2018-03-24,0.65,12.93,31.7,116.0,Moderate
Visakhapatnam,2018-03-25,0.54,13.32,27.43,106.0,Moderate
Visakhapatnam,2018-03-26,0.72,11.49,37.22,99.0,Satisfactory
Visakhapatnam,2018-03-27,0.67,10.91,40.51,110.0,Moderate
Visakhapatnam,2018-03-28,0.56,7.57,29.04,88.0,Satisfactory
Visakhapatnam,2018-03-29,0.57,9.57,29.4,71.0,Satisfactory
Visakhapatnam,2018-03-30,0.52,8.17,27.29,73.0,Satisfactory
Visakhapatnam,2018-03-31,0.6,7.64,39.01,82.0,Satisfactory
Visakhapatnam,2018-04-01,0.62,7.44,34.75,101.0,Moderate
Visakhapatnam,2018-04-02,0.44,6.55,30.39,95.0,Satisfactory
Visakhapatnam,2018-04-03,0.5,7.39,21.58,62.0,Satisfactory
Visakhapatnam,2018-04-04,0.43,7.9,30.58,70.0,Satisfactory
Visakhapatnam,2018-04-05,0.49,5.99,35.01,72.0,Satisfactory
Visakhapatnam,2018-04-06,0.56,9.51,35.61,89.0,Satisfactory
Visakhapatnam,2018-04-07,0.53,9.1,33.99,95.0,Satisfactory
Visakhapatnam,2018-04-08,0.31,6.97,21.57,84.0,Satisfactory
Visakhapatnam,2018-04-09,0.58,8.53,40.3,75.0,Satisfactory
Visakhapatnam,2018-04-10,0.63,10.42,37.12,90.0,Satisfactory
Visakhapatnam,2018-04-11,0.52,8.84,30.01,85.0,Satisfactory
Visakhapatnam,2018-04-12,0.5,11.4,28.51,59.0,Satisfactory
Visakhapatnam,2018-04-13,0.51,8.67,35.98,81.0,Satisfactory
Visakhapatnam,2018-04-14,0.56,8.92,23.41,54.0,Satisfactory
Visakhapatnam,2018-04-15,0.48,10.69,27.48,66.0,Satisfactory
Visakhapatnam,2018-04-16,0.48,9.46,28.43,55.0,Satisfactory
Visakhapatnam,2018-04-17,0.64,11.95,33.99,78.0,Satisfactory
Visakhapatnam,2018-04-18,0.51,10.66,31.74,71.0,Satisfactory
Visakhapatnam,2018-04-19,0.48,9.01,28.5,66.0,Satisfactory
Visakhapatnam,2018-04-20,0.57,10.93,24.01,65.0,Satisfactory
Visakhapatnam,2018-04-21,0.59,9.78,23.61,80.0,Satisfactory
Visakhapatnam,2018-04-22,0.34,8.24,23.5,76.0,Satisfactory
Visakhapatnam,2018-04-24,0.59,11.0,35.29,98.0,Satisfactory
Visakhapatnam,2018-04-25,1.77,8.44,27.12,86.0,Satisfactory
Visakhapatnam,2018-04-26,0.52,8.56,26.51,76.0,Satisfactory
Visakhapatnam,2018-04-27,0.38,11.11,18.01,77.0,Satisfactory
Visakhapatnam,2018-04-28,0.44,9.87,19.48,49.0,Good
Visakhapatnam,2018-04-29,0.44,9.38,22.83,60.0,Satisfactory
Visakhapatnam,2018-04-30,0.4,10.65,21.94,67.0,Satisfactory
Visakhapatnam,2018-05-01,0.43,9.81,29.04,65.0,Satisfactory
Visakhapatnam,2018-05-02,0.61,11.65,51.33,91.0,Satisfactory
Visakhapatnam,2018-05-04,0.46,9.49,40.78,84.0,Satisfactory
Visakhapatnam,2018-05-05,0.42,9.26,25.71,77.0,Satisfactory
Visakhapatnam,2018-05-06,0.53,7.75,23.09,70.0,Satisfactory
Visakhapatnam,2018-05-07,0.52,8.1,27.91,81.0,Satisfactory
Visakhapatnam,2018-05-08,0.61,9.69,27.69,84.0,Satisfactory
Visakhapatnam,2018-05-09,0.62,8.11,27.8,102.0,Moderate
Visakhapatnam,2018-05-10,0.53,9.21,35.37,90.0,Satisfactory
Visakhapatnam,2018-05-11,0.41,8.95,23.46,77.0,Satisfactory
Visakhapatnam,2018-05-12,0.46,10.15,34.7,119.0,Moderate
Visakhapatnam,2018-05-13,0.48,10.66,25.8,130.0,Moderate
Visakhapatnam,2018-05-15,0.42,9.92,46.17,81.0,Satisfactory
Visakhapatnam,2018-05-16,0.5,9.42,30.47,76.0,Satisfactory
Visakhapatnam,2018-05-17,0.55,10.0,20.48,79.0,Satisfactory
Visakhapatnam,2018-05-18,0.61,11.46,38.54,69.0,Satisfactory
Visakhapatnam,2018-05-19,0.44,10.08,29.74,101.0,Moderate
Visakhapatnam,2018-05-20,0.32,12.33,25.98,76.0,Satisfactory
Visakhapatnam,2018-05-22,0.37,10.05,25.75,75.0,Satisfactory
Visakhapatnam,2018-05-23,0.37,9.4,20.44,60.0,Satisfactory
Visakhapatnam,2018-05-24,0.35,10.12,22.38,47.0,Good
Visakhapatnam,2018-05-25,0.27,10.89,20.52,44.0,Good
Visakhapatnam,2018-05-26,0.3,10.11,13.2,40.0,Good
Visakhapatnam,2018-05-27,0.35,10.73,20.85,38.0,Good
Visakhapatnam,2018-05-28,0.48,12.93,30.18,56.0,Satisfactory
Visakhapatnam,2018-05-29,0.39,11.33,28.35,87.0,Satisfactory
Visakhapatnam,2018-05-30,0.41,12.73,27.18,98.0,Satisfactory
Visakhapatnam,2018-05-31,0.43,12.8,20.48,103.0,Moderate
Visakhapatnam,2018-06-01,0.43,13.36,33.55,107.0,Moderate
Visakhapatnam,2018-06-02,0.54,13.82,35.75,89.0,Satisfactory
Visakhapatnam,2018-06-03,0.55,20.09,69.53,90.0,Satisfactory
Visakhapatnam,2018-06-05,0.51,11.48,51.13,124.0,Moderate
Visakhapatnam,2018-06-06,0.5,10.57,46.12,101.0,Moderate
Visakhapatnam,2018-06-07,0.4,17.38,27.3,82.0,Satisfactory
Visakhapatnam,2018-06-09,0.45,11.47,43.22,95.0,Satisfactory
Visakhapatnam,2018-06-10,0.41,11.62,46.76,81.0,Satisfactory
Visakhapatnam,2018-06-11,0.41,10.87,44.8,82.0,Satisfactory
Visakhapatnam,2018-06-12,0.93,10.19,52.86,83.0,Satisfactory
Visakhapatnam,2018-06-13,0.63,12.77,46.06,105.0,Moderate
Visakhapatnam,2018-06-14,0.53,14.31,46.8,126.0,Moderate
Visakhapatnam,2018-06-15,0.55,14.28,52.52,151.0,Moderate
Visakhapatnam,2018-06-16,0.39,15.95,41.44,158.0,Moderate
Visakhapatnam,2018-06-21,0.35,12.44,38.37,112.0,Moderate
Visakhapatnam,2018-06-22,0.46,12.69,38.98,92.0,Satisfactory
Visakhapatnam,2018-06-23,0.54,12.72,36.83,79.0,Satisfactory
Visakhapatnam,2018-06-24,0.46,12.73,35.29,101.0,Moderate
Visakhapatnam,2018-06-25,0.43,11.41,35.52,97.0,Satisfactory
Visakhapatnam,2018-06-27,0.56,10.05,41.73,111.0,Moderate
Visakhapatnam,2018-06-28,0.45,8.61,38.39,84.0,Satisfactory
Visakhapatnam,2018-06-29,0.7,9.62,44.95,76.0,Satisfactory
Visakhapatnam,2018-06-30,0.43,12.56,36.11,85.0,Satisfactory
Visakhapatnam,2018-07-01,0.56,10.45,37.53,79.0,Satisfactory
Visakhapatnam,2018-07-02,0.48,11.96,34.59,95.0,Satisfactory
Visakhapatnam,2018-07-03,0.5,11.77,44.72,80.0,Satisfactory
Visakhapatnam,2018-07-04,0.45,11.74,45.59,90.0,Satisfactory
Visakhapatnam,2018-07-05,0.43,9.97,41.02,100.0,Satisfactory
Visakhapatnam,2018-07-06,0.54,10.3,41.73,85.0,Satisfactory
Visakhapatnam,2018-07-07,0.58,9.88,42.5,87.0,Satisfactory
Visakhapatnam,2018-07-08,0.5,10.5,37.76,88.0,Satisfactory
Visakhapatnam,2018-07-09,0.49,10.21,41.61,81.0,Satisfactory
Visakhapatnam,2018-07-10,0.47,10.28,38.24,91.0,Satisfactory
Visakhapatnam,2018-07-11,0.4,13.34,43.01,83.0,Satisfactory
Visakhapatnam,2018-07-12,0.85,16.21,43.68,84.0,Satisfactory
Visakhapatnam,2018-07-13,0.45,11.59,36.77,68.0,Satisfactory
Visakhapatnam,2018-07-14,0.54,9.84,37.66,91.0,Satisfactory
Visakhapatnam,2018-07-15,0.42,6.86,35.28,68.0,Satisfactory
Visakhapatnam,2018-07-16,0.52,15.54,33.71,70.0,Satisfactory
Visakhapatnam,2018-07-17,0.37,17.79,33.08,89.0,Satisfactory
Visakhapatnam,2018-07-18,0.49,12.91,32.84,82.0,Satisfactory
Visakhapatnam,2018-07-19,0.39,13.19,34.15,69.0,Satisfactory
Visakhapatnam,2018-07-20,0.55,9.28,39.37,63.0,Satisfactory
Visakhapatnam,2018-07-21,0.58,7.66,39.62,67.0,Satisfactory
Visakhapatnam,2018-07-22,0.51,7.27,36.09,81.0,Satisfactory
Visakhapatnam,2018-07-23,0.72,10.9,37.23,104.0,Moderate
Visakhapatnam,2018-07-24,0.58,11.81,38.59,127.0,Moderate
Visakhapatnam,2018-07-25,0.66,10.99,38.15,123.0,Moderate
Visakhapatnam,2018-07-26,0.59,8.22,43.93,130.0,Moderate
Visakhapatnam,2018-07-27,0.55,8.57,38.7,125.0,Moderate
Visakhapatnam,2018-07-28,0.53,9.96,35.59,113.0,Moderate
Visakhapatnam,2018-07-29,0.45,8.97,34.26,114.0,Moderate
Visakhapatnam,2018-07-30,0.99,9.86,52.68,118.0,Moderate
Visakhapatnam,2018-08-02,0.33,8.08,34.1,117.0,Moderate
Visakhapatnam,2018-08-03,0.51,8.35,40.08,130.0,Moderate
Visakhapatnam,2018-08-04,0.67,10.33,46.16,142.0,Moderate
Visakhapatnam,2018-08-05,0.37,10.86,29.97,128.0,Moderate
Visakhapatnam,2018-08-06,0.59,12.04,45.67,109.0,Moderate
Visakhapatnam,2018-08-07,0.52,11.13,34.88,106.0,Moderate
Visakhapatnam,2018-08-08,0.6,9.07,41.31,73.0,Satisfactory
Visakhapatnam,2018-08-09,0.61,10.93,37.98,100.0,Satisfactory
Visakhapatnam,2018-08-10,0.64,12.2,45.44,107.0,Moderate
Visakhapatnam,2018-08-11,0.6,8.31,42.32,93.0,Satisfactory
Visakhapatnam,2018-08-12,0.48,11.7,42.23,76.0,Satisfactory
Visakhapatnam,2018-08-17,0.53,35.17,42.03,87.0,Satisfactory
Visakhapatnam,2018-08-18,0.56,17.54,43.43,72.0,Satisfactory
Visakhapatnam,2018-08-19,0.51,38.77,40.17,63.0,Satisfactory
Visakhapatnam,2018-08-21,0.85,11.45,32.21,54.0,Satisfactory
Visakhapatnam,2018-08-22,0.88,10.7,32.93,61.0,Satisfactory
Visakhapatnam,2018-08-23,0.91,11.36,31.63,74.0,Satisfactory
Visakhapatnam,2018-08-28,0.9,12.83,48.76,122.0,Moderate
Visakhapatnam,2018-08-29,1.11,9.07,38.12,118.0,Moderate
Visakhapatnam,2018-08-30,0.84,8.75,28.8,114.0,Moderate
Visakhapatnam,2018-08-31,1.36,8.02,47.77,116.0,Moderate
Visakhapatnam,2018-09-01,1.13,6.05,43.2,108.0,Moderate
Visakhapatnam,2018-09-02,1.0,8.39,37.89,87.0,Satisfactory
Visakhapatnam,2018-09-03,0.95,9.71,41.65,97.0,Satisfactory
Visakhapatnam,2018-09-04,0.97,8.39,41.07,107.0,Moderate
Visakhapatnam,2018-09-05,0.89,8.29,39.76,96.0,Satisfactory
Visakhapatnam,2018-09-06,0.93,8.03,45.56,106.0,Moderate
Visakhapatnam,2018-09-07,0.96,7.55,42.57,118.0,Moderate
Visakhapatnam,2018-09-08,0.88,8.34,37.44,110.0,Moderate
Visakhapatnam,2018-09-09,1.03,9.17,32.44,141.0,Moderate
Visakhapatnam,2018-09-10,0.95,8.04,37.19,129.0,Moderate
Visakhapatnam,2018-09-11,0.98,8.5,41.09,105.0,Moderate
Visakhapatnam,2018-09-12,1.01,9.14,38.93,106.0,Moderate
Visakhapatnam,2018-09-13,0.86,8.12,26.21,121.0,Moderate
Visakhapatnam,2018-09-14,1.13,9.82,42.52,100.0,Satisfactory
Visakhapatnam,2018-09-15,1.03,10.56,44.38,138.0,Moderate
Visakhapatnam,2018-09-16,0.95,11.24,51.88,154.0,Moderate
Visakhapatnam,2018-09-17,0.91,8.45,32.51,96.0,Satisfactory
Visakhapatnam,2018-09-18,1.01,8.51,40.65,100.0,Satisfactory
Visakhapatnam,2018-09-19,0.97,10.27,43.66,119.0,Moderate
Visakhapatnam,2018-09-20,1.05,11.68,51.8,110.0,Moderate
Visakhapatnam,2018-09-21,0.81,9.31,35.07,102.0,Moderate
Visakhapatnam,2018-09-22,0.7,8.99,31.62,77.0,Satisfactory
Visakhapatnam,2018-09-23,0.45,6.47,28.05,114.0,Moderate
Visakhapatnam,2018-09-24,0.51,6.01,28.82,78.0,Satisfactory
Visakhapatnam,2018-09-25,0.43,7.03,31.75,86.0,Satisfactory
Visakhapatnam,2018-09-26,0.65,8.2,38.97,98.0,Satisfactory
Visakhapatnam,2018-09-27,0.54,9.9,34.54,99.0,Satisfactory
Visakhapatnam,2018-09-28,0.18,13.13,27.41,66.0,Satisfactory
Visakhapatnam,2018-09-29,0.56,8.29,26.8,70.0,Satisfactory
Visakhapatnam,2018-09-30,0.46,7.62,27.89,104.0,Moderate
Visakhapatnam,2018-10-01,0.52,21.52,29.07,157.0,Moderate
Visakhapatnam,2018-10-02,0.49,47.68,32.38,122.0,Moderate
Visakhapatnam,2018-10-03,0.41,68.42,29.95,107.0,Moderate
Visakhapatnam,2018-10-04,0.66,27.72,37.26,117.0,Moderate
Visakhapatnam,2018-10-05,0.57,24.63,42.21,130.0,Moderate
Visakhapatnam,2018-10-06,0.68,24.65,46.02,149.0,Moderate
Visakhapatnam,2018-10-07,0.55,17.76,32.8,153.0,Moderate
Visakhapatnam,2018-10-08,0.57,21.39,27.32,107.0,Moderate
Visakhapatnam,2018-10-09,0.54,14.7,30.66,112.0,Moderate
Visakhapatnam,2018-10-10,0.64,12.68,39.07,112.0,Moderate
Visakhapatnam,2018-10-11,0.96,14.13,63.88,106.0,Moderate
Visakhapatnam,2018-10-12,0.69,12.58,49.84,115.0,Moderate
Visakhapatnam,2018-10-13,0.53,15.64,36.05,122.0,Moderate
Visakhapatnam,2018-10-14,0.61,12.16,49.77,114.0,Moderate
Visakhapatnam,2018-10-15,0.71,12.79,51.42,98.0,Satisfactory
Visakhapatnam,2018-10-16,0.51,10.36,29.18,98.0,Satisfactory
Visakhapatnam,2018-10-17,0.54,11.6,33.06,80.0,Satisfactory
Visakhapatnam,2018-10-18,0.8,12.52,62.09,144.0,Moderate
Visakhapatnam,2018-10-19,0.78,13.74,50.73,181.0,Moderate
Visakhapatnam,2018-10-20,0.67,13.85,45.83,168.0,Moderate
Visakhapatnam,2018-10-21,0.75,14.97,56.25,199.0,Moderate
Visakhapatnam,2018-10-22,0.79,16.5,57.23,236.0,Poor
Visakhapatnam,2018-10-23,0.97,16.3,78.4,288.0,Poor
Visakhapatnam,2018-10-24,1.04,13.67,63.2,228.0,Poor
Visakhapatnam,2018-10-25,0.9,12.4,62.3,177.0,Moderate
Visakhapatnam,2018-10-26,0.77,10.93,42.35,152.0,Moderate
Visakhapatnam,2018-10-27,0.76,11.09,57.54,160.0,Moderate
Visakhapatnam,2018-10-28,0.61,10.49,22.51,182.0,Moderate
Visakhapatnam,2018-10-29,0.63,10.27,19.74,118.0,Moderate
Visakhapatnam,2018-10-30,0.61,10.18,19.84,95.0,Satisfactory
Visakhapatnam,2018-10-31,0.57,8.0,16.98,63.0,Satisfactory
Visakhapatnam,2018-11-01,0.54,6.7,14.93,47.0,Good
Visakhapatnam,2018-11-02,0.56,7.15,14.72,44.0,Good
Visakhapatnam,2018-11-03,0.54,6.46,12.91,38.0,Good
Visakhapatnam,2018-11-04,0.54,5.85,10.16,40.0,Good
Visakhapatnam,2018-11-05,0.6,6.06,17.47,44.0,Good
Visakhapatnam,2018-11-06,0.75,7.16,42.96,74.0,Satisfactory
Visakhapatnam,2018-11-07,0.74,7.79,44.43,112.0,Moderate
Visakhapatnam,2018-11-08,0.73,10.07,41.63,387.0,Very Poor
Visakhapatnam,2018-11-09,0.66,12.58,29.96,142.0,Moderate
Visakhapatnam,2018-11-10,0.74,14.08,33.99,127.0,Moderate
Visakhapatnam,2018-11-11,0.69,14.63,18.34,147.0,Moderate
Visakhapatnam,2018-11-12,0.92,13.39,32.85,214.0,Poor
Visakhapatnam,2018-11-13,0.75,9.87,24.96,170.0,Moderate
Visakhapatnam,2018-11-14,0.75,10.68,21.2,170.0,Moderate
Visakhapatnam,2018-11-15,0.73,9.31,18.49,139.0,Moderate
Visakhapatnam,2018-11-16,0.81,8.49,17.67,103.0,Moderate
Visakhapatnam,2018-11-17,0.7,9.23,20.42,131.0,Moderate
Visakhapatnam,2018-11-18,0.64,7.52,27.34,107.0,Moderate
Visakhapatnam,2018-11-19,0.63,9.2,15.38,86.0,Satisfactory
Visakhapatnam,2018-11-20,0.66,10.43,16.99,96.0,Satisfactory
Visakhapatnam,2018-12-01,0.68,15.55,37.42,112.0,Moderate
Visakhapatnam,2018-12-05,0.85,13.29,29.08,187.0,Moderate
Visakhapatnam,2018-12-06,0.89,13.38,21.61,213.0,Poor
Visakhapatnam,2018-12-07,0.85,13.78,20.12,231.0,Poor
Visakhapatnam,2018-12-09,0.84,14.97,24.2,274.0,Poor
Visakhapatnam,2018-12-10,0.65,12.86,32.87,282.0,Poor
Visakhapatnam,2018-12-11,0.83,11.33,35.65,233.0,Poor
Visakhapatnam,2018-12-12,0.84,10.83,28.88,176.0,Moderate
Visakhapatnam,2018-12-13,0.84,12.38,27.44,160.0,Moderate
Visakhapatnam,2018-12-14,0.79,12.2,20.91,145.0,Moderate
Visakhapatnam,2018-12-15,0.72,11.99,19.55,171.0,Moderate
Visakhapatnam,2018-12-16,0.61,10.4,22.34,130.0,Moderate
Visakhapatnam,2018-12-17,0.58,8.39,15.9,79.0,Satisfactory
Visakhapatnam,2018-12-18,0.54,7.9,36.94,61.0,Satisfactory
Visakhapatnam,2018-12-19,0.46,7.57,20.6,49.0,Good
Visakhapatnam,2018-12-22,0.62,12.95,29.34,91.0,Satisfactory
Visakhapatnam,2018-12-23,0.68,14.09,32.17,158.0,Moderate
Visakhapatnam,2018-12-24,0.63,12.32,47.11,198.0,Moderate
Visakhapatnam,2018-12-25,0.91,12.92,78.37,230.0,Poor
Visakhapatnam,2018-12-26,1.08,12.4,93.1,291.0,Poor
Visakhapatnam,2018-12-27,0.92,13.77,79.61,276.0,Poor
Visakhapatnam,2018-12-28,0.73,14.99,58.23,255.0,Poor
Visakhapatnam,2018-12-29,0.65,14.13,40.68,220.0,Poor
Visakhapatnam,2018-12-30,0.47,12.9,21.96,152.0,Moderate
Visakhapatnam,2019-01-01,1.26,12.25,103.42,278.0,Poor
Visakhapatnam,2019-01-02,1.28,14.25,92.32,298.0,Poor
Visakhapatnam,2019-01-03,1.38,16.96,103.9,319.0,Very Poor
Visakhapatnam,2019-01-04,1.25,15.53,92.53,315.0,Very Poor
Visakhapatnam,2019-01-05,0.95,15.5,40.15,299.0,Poor
Visakhapatnam,2019-01-06,1.12,14.04,73.49,304.0,Very Poor
Visakhapatnam,2019-01-07,1.2,13.93,87.59,307.0,Very Poor
Visakhapatnam,2019-01-08,1.51,15.5,130.26,296.0,Poor
Visakhapatnam,2019-01-09,1.4,15.99,87.03,320.0,Very Poor
Visakhapatnam,2019-01-10,1.08,18.86,67.15,309.0,Very Poor
Visakhapatnam,2019-01-11,0.86,15.22,33.85,279.0,Poor
Visakhapatnam,2019-01-12,1.0,13.85,56.99,291.0,Poor
Visakhapatnam,2019-01-13,1.02,11.64,57.3,280.0,Poor
Visakhapatnam,2019-01-14,1.71,16.24,80.39,343.0,Very Poor
Visakhapatnam,2019-01-15,1.24,10.91,63.35,281.0,Poor
Visakhapatnam,2019-01-16,0.88,10.75,17.39,226.0,Poor
Visakhapatnam,2019-01-17,0.96,12.18,29.75,199.0,Moderate
Visakhapatnam,2019-01-18,1.12,11.49,58.08,274.0,Poor
Visakhapatnam,2019-01-19,1.24,10.36,74.49,305.0,Very Poor
Visakhapatnam,2019-01-20,1.29,10.11,78.53,307.0,Very Poor
Visakhapatnam,2019-01-21,1.3,12.72,62.47,313.0,Very Poor
Visakhapatnam,2019-01-22,1.24,11.0,59.43,315.0,Very Poor
Visakhapatnam,2019-01-23,1.09,16.81,76.17,302.0,Very Poor
Visakhapatnam,2019-01-24,1.16,15.06,47.81,281.0,Poor
Visakhapatnam,2019-01-25,1.1,12.75,41.78,257.0,Poor
Visakhapatnam,2019-01-26,0.63,14.3,22.82,113.0,Moderate
Visakhapatnam,2019-01-27,0.78,17.47,17.27,101.0,Moderate
Visakhapatnam,2019-01-28,0.88,14.85,42.57,196.0,Moderate
Visakhapatnam,2019-01-29,0.83,14.54,44.93,172.0,Moderate
Visakhapatnam,2019-01-30,0.71,13.49,33.23,160.0,Moderate
Visakhapatnam,2019-01-31,0.7,11.43,35.5,117.0,Moderate
Visakhapatnam,2019-02-01,0.84,10.88,51.62,116.0,Moderate
Visakhapatnam,2019-02-02,1.19,15.66,71.07,205.0,Poor
Visakhapatnam,2019-02-03,1.06,13.92,65.16,205.0,Poor
Visakhapatnam,2019-02-04,0.85,14.77,46.25,147.0,Moderate
Visakhapatnam,2019-02-05,1.32,16.53,74.52,228.0,Poor
Visakhapatnam,2019-02-06,1.43,19.22,91.99,272.0,Poor
Visakhapatnam,2019-02-07,1.57,22.25,85.31,283.0,Poor
Visakhapatnam,2019-02-08,1.15,21.33,63.54,277.0,Poor
Visakhapatnam,2019-02-09,0.83,19.15,42.83,165.0,Moderate
Visakhapatnam,2019-02-10,0.82,14.0,31.31,147.0,Moderate
Visakhapatnam,2019-02-11,0.68,12.39,28.13,126.0,Moderate
Visakhapatnam,2019-02-12,0.72,11.44,33.09,114.0,Moderate
Visakhapatnam,2019-02-13,0.78,10.85,33.96,122.0,Moderate
Visakhapatnam,2019-02-14,1.06,11.61,60.03,182.0,Moderate
Visakhapatnam,2019-02-15,0.74,10.53,30.02,144.0,Moderate
Visakhapatnam,2019-02-16,0.86,10.43,44.68,115.0,Moderate
Visakhapatnam,2019-02-17,0.81,9.49,34.62,109.0,Moderate
Visakhapatnam,2019-02-18,0.79,8.91,37.14,109.0,Moderate
Visakhapatnam,2019-02-19,0.68,8.37,20.37,84.0,Satisfactory
Visakhapatnam,2019-02-20,0.72,8.72,24.55,82.0,Satisfactory
Visakhapatnam,2019-02-21,0.83,9.88,36.12,98.0,Satisfactory
Visakhapatnam,2019-02-22,0.67,10.5,40.23,103.0,Moderate
Visakhapatnam,2019-02-23,0.84,9.68,47.12,118.0,Moderate
Visakhapatnam,2019-02-24,0.72,11.17,50.67,124.0,Moderate
Visakhapatnam,2019-02-25,1.11,14.7,36.7,137.0,Moderate
Visakhapatnam,2019-02-26,0.89,13.21,28.68,148.0,Moderate
Visakhapatnam,2019-03-02,0.45,18.19,14.77,48.0,Good
Visakhapatnam,2019-03-03,0.55,19.16,20.86,63.0,Satisfactory
Visakhapatnam,2019-03-04,0.73,16.91,24.13,78.0,Satisfactory
Visakhapatnam,2019-03-05,0.67,15.04,26.61,92.0,Satisfactory
Visakhapatnam,2019-03-06,0.74,15.18,32.32,102.0,Moderate
Visakhapatnam,2019-03-07,0.67,13.6,23.55,104.0,Moderate
Visakhapatnam,2019-03-08,0.77,14.64,29.37,81.0,Satisfactory
Visakhapatnam,2019-03-09,0.86,9.47,39.08,80.0,Satisfactory
Visakhapatnam,2019-03-10,0.61,9.02,36.5,79.0,Satisfactory
Visakhapatnam,2019-03-11,0.83,7.21,42.49,74.0,Satisfactory
Visakhapatnam,2019-03-12,0.71,6.77,53.94,105.0,Moderate
Visakhapatnam,2019-03-13,0.71,9.45,51.99,121.0,Moderate
Visakhapatnam,2019-03-14,0.84,9.92,61.21,131.0,Moderate
Visakhapatnam,2019-03-15,0.72,10.07,38.18,130.0,Moderate
Visakhapatnam,2019-03-16,0.59,8.88,25.99,107.0,Moderate
Visakhapatnam,2019-03-17,0.62,11.04,37.82,98.0,Satisfactory
Visakhapatnam,2019-03-18,0.57,9.72,29.19,98.0,Satisfactory
Visakhapatnam,2019-03-19,0.68,9.23,43.73,100.0,Satisfactory
Visakhapatnam,2019-03-20,0.64,9.03,28.71,78.0,Satisfactory
Visakhapatnam,2019-03-21,0.79,7.49,29.64,74.0,Satisfactory
Visakhapatnam,2019-03-22,0.96,8.6,42.43,91.0,Satisfactory
Visakhapatnam,2019-03-23,0.77,8.76,36.11,114.0,Moderate
Visakhapatnam,2019-03-24,0.87,7.9,35.72,101.0,Moderate
Visakhapatnam,2019-03-25,0.83,7.68,35.59,99.0,Satisfactory
Visakhapatnam,2019-03-26,0.7,6.13,30.89,81.0,Satisfactory
Visakhapatnam,2019-03-27,0.68,6.14,33.42,71.0,Satisfactory
Visakhapatnam,2019-03-28,0.77,6.78,33.41,87.0,Satisfactory
Visakhapatnam,2019-03-29,0.83,7.16,28.23,91.0,Satisfactory
Visakhapatnam,2019-03-30,0.86,7.17,36.12,103.0,Moderate
Visakhapatnam,2019-03-31,0.88,7.48,45.4,110.0,Moderate
Visakhapatnam,2019-04-01,0.94,6.01,35.51,126.0,Moderate
Visakhapatnam,2019-04-02,0.95,5.34,36.19,108.0,Moderate
Visakhapatnam,2019-04-03,0.88,5.19,35.23,101.0,Moderate
Visakhapatnam,2019-04-04,0.87,4.97,32.42,91.0,Satisfactory
Visakhapatnam,2019-04-05,0.72,5.33,25.85,96.0,Satisfactory
Visakhapatnam,2019-04-06,0.63,6.14,43.6,86.0,Satisfactory
Visakhapatnam,2019-04-07,0.64,5.39,41.37,105.0,Moderate
Visakhapatnam,2019-04-08,0.8,4.41,22.97,81.0,Satisfactory
Visakhapatnam,2019-04-09,0.85,5.25,23.77,80.0,Satisfactory
Visakhapatnam,2019-04-10,0.66,5.62,22.46,100.0,Satisfactory
Visakhapatnam,2019-04-13,0.8,6.29,42.29,96.0,Satisfactory
Visakhapatnam,2019-04-14,0.71,6.09,31.55,99.0,Satisfactory
Visakhapatnam,2019-04-15,0.84,6.95,36.27,89.0,Satisfactory
Visakhapatnam,2019-04-16,0.87,7.41,42.89,110.0,Moderate
Visakhapatnam,2019-04-17,0.8,7.0,33.42,114.0,Moderate
Visakhapatnam,2019-04-18,0.75,5.86,24.69,111.0,Moderate
Visakhapatnam,2019-04-19,0.65,5.28,18.99,88.0,Satisfactory
Visakhapatnam,2019-04-20,0.71,5.19,28.49,71.0,Satisfactory
Visakhapatnam,2019-04-21,0.79,6.25,44.16,79.0,Satisfactory
Visakhapatnam,2019-04-22,0.65,6.46,33.58,85.0,Satisfactory
Visakhapatnam,2019-04-23,0.61,5.44,26.87,72.0,Satisfactory
Visakhapatnam,2019-04-24,0.6,5.26,22.74,63.0,Satisfactory
Visakhapatnam,2019-04-25,0.88,5.05,23.73,83.0,Satisfactory
Visakhapatnam,2019-04-26,0.79,24.31,27.19,116.0,Moderate
Visakhapatnam,2019-04-27,1.01,34.25,23.62,113.0,Moderate
Visakhapatnam,2019-04-28,0.83,38.69,19.16,102.0,Moderate
Visakhapatnam,2019-04-29,0.61,42.9,15.71,85.0,Satisfactory
Visakhapatnam,2019-04-30,0.61,43.25,15.86,56.0,Satisfactory
Visakhapatnam,2019-05-01,0.58,25.06,18.79,46.0,Good
Visakhapatnam,2019-05-02,0.57,13.04,35.9,50.0,Good
Visakhapatnam,2019-05-03,1.16,12.07,49.52,97.0,Satisfactory
Visakhapatnam,2019-05-04,0.86,31.66,32.12,175.0,Moderate
Visakhapatnam,2019-05-05,0.95,26.72,42.18,160.0,Moderate
Visakhapatnam,2019-05-06,0.9,31.93,31.58,190.0,Moderate
Visakhapatnam,2019-05-07,0.85,25.79,35.5,163.0,Moderate
Visakhapatnam,2019-05-08,0.64,41.26,22.26,166.0,Moderate
Visakhapatnam,2019-05-09,1.16,16.66,26.94,151.0,Moderate
Visakhapatnam,2019-05-10,0.81,26.89,18.5,163.0,Moderate
Visakhapatnam,2019-05-11,0.87,3.62,11.09,140.0,Moderate
Visakhapatnam,2019-05-12,0.71,23.45,10.19,138.0,Moderate
Visakhapatnam,2019-05-13,0.98,9.65,11.43,135.0,Moderate
Visakhapatnam,2019-05-14,0.69,5.51,10.67,129.0,Moderate
Visakhapatnam,2019-05-15,0.9,7.08,4.13,116.0,Moderate
Visakhapatnam,2019-05-16,0.84,12.63,19.75,111.0,Moderate
Visakhapatnam,2019-05-17,0.97,4.86,40.82,125.0,Moderate
Visakhapatnam,2019-05-18,0.96,5.31,42.51,117.0,Moderate
Visakhapatnam,2019-05-19,0.68,6.32,38.62,127.0,Moderate
Visakhapatnam,2019-05-21,0.79,6.16,32.0,108.0,Moderate
Visakhapatnam,2019-05-22,0.67,17.9,32.44,115.0,Moderate
Visakhapatnam,2019-05-23,0.73,12.54,28.5,106.0,Moderate
Visakhapatnam,2019-05-24,0.77,5.34,29.1,101.0,Moderate
Visakhapatnam,2019-05-25,0.82,7.44,31.19,109.0,Moderate
Visakhapatnam,2019-05-26,0.75,4.44,33.59,126.0,Moderate
Visakhapatnam,2019-05-27,0.79,3.11,34.42,120.0,Moderate
Visakhapatnam,2019-05-28,1.06,1.9,51.29,106.0,Moderate
Visakhapatnam,2019-05-29,0.85,1.71,44.94,114.0,Moderate
Visakhapatnam,2019-05-30,0.8,2.52,42.39,111.0,Moderate
Visakhapatnam,2019-05-31,0.77,4.8,31.49,103.0,Moderate
Visakhapatnam,2019-06-01,0.76,8.43,29.3,103.0,Moderate
Visakhapatnam,2019-06-02,0.79,14.25,33.15,87.0,Satisfactory
Visakhapatnam,2019-06-03,0.9,3.6,44.6,97.0,Satisfactory
Visakhapatnam,2019-06-04,0.86,3.73,50.29,109.0,Moderate
Visakhapatnam,2019-06-05,0.85,12.96,31.49,88.0,Satisfactory
Visakhapatnam,2019-06-06,0.84,4.53,35.15,117.0,Moderate
Visakhapatnam,2019-06-07,0.85,6.4,35.69,121.0,Moderate
Visakhapatnam,2019-06-08,0.74,3.04,32.28,109.0,Moderate
Visakhapatnam,2019-06-09,0.9,5.79,46.77,119.0,Moderate
Visakhapatnam,2019-06-10,0.82,5.43,51.94,122.0,Moderate
Visakhapatnam,2019-06-11,0.74,3.74,49.11,99.0,Satisfactory
Visakhapatnam,2019-06-12,0.86,4.03,51.42,119.0,Moderate
Visakhapatnam,2019-06-13,0.75,2.49,43.7,112.0,Moderate
Visakhapatnam,2019-06-14,0.97,2.65,54.95,101.0,Moderate
Visakhapatnam,2019-06-15,0.76,2.71,46.38,122.0,Moderate
Visakhapatnam,2019-06-16,0.69,4.1,40.83,135.0,Moderate
Visakhapatnam,2019-06-17,0.78,5.01,53.01,109.0,Moderate
Visakhapatnam,2019-06-18,0.84,5.24,45.39,100.0,Satisfactory
Visakhapatnam,2019-06-19,1.08,7.92,56.36,153.0,Moderate
Visakhapatnam,2019-06-20,0.89,4.81,38.69,126.0,Moderate
Visakhapatnam,2019-06-21,0.82,4.09,41.36,86.0,Satisfactory
Visakhapatnam,2019-06-22,1.11,5.83,63.61,104.0,Moderate
Visakhapatnam,2019-06-23,0.73,4.9,37.97,98.0,Satisfactory
Visakhapatnam,2019-06-24,0.68,5.85,28.75,75.0,Satisfactory
Visakhapatnam,2019-06-25,0.64,5.84,26.62,60.0,Satisfactory
Visakhapatnam,2019-06-26,0.79,6.72,27.46,73.0,Satisfactory
Visakhapatnam,2019-06-27,0.81,6.71,47.96,98.0,Satisfactory
Visakhapatnam,2019-06-28,0.87,6.97,50.51,100.0,Satisfactory
Visakhapatnam,2019-06-29,0.8,7.97,42.21,105.0,Moderate
Visakhapatnam,2019-06-30,0.63,8.58,39.65,80.0,Satisfactory
Visakhapatnam,2019-07-02,0.66,7.99,50.5,88.0,Satisfactory
Visakhapatnam,2019-07-03,1.02,7.41,43.53,107.0,Moderate
Visakhapatnam,2019-07-04,0.68,7.02,40.73,132.0,Moderate
Visakhapatnam,2019-07-05,0.61,6.54,41.48,110.0,Moderate
Visakhapatnam,2019-07-06,0.7,5.7,39.32,80.0,Satisfactory
Visakhapatnam,2019-07-07,0.69,5.3,46.97,107.0,Moderate
Visakhapatnam,2019-07-08,0.59,5.77,35.87,128.0,Moderate
Visakhapatnam,2019-07-10,0.83,4.98,40.55,129.0,Moderate
Visakhapatnam,2019-07-11,0.63,7.96,34.25,108.0,Moderate
Visakhapatnam,2019-07-12,0.5,6.4,34.46,102.0,Moderate
Visakhapatnam,2019-07-13,0.52,6.85,41.25,110.0,Moderate
Visakhapatnam,2019-07-14,0.37,6.26,41.79,106.0,Moderate
Visakhapatnam,2019-07-16,0.95,8.12,49.44,106.0,Moderate
Visakhapatnam,2019-07-17,1.07,9.14,59.13,143.0,Moderate
Visakhapatnam,2019-07-18,0.63,9.25,33.3,117.0,Moderate
Visakhapatnam,2019-07-19,0.93,11.25,48.17,106.0,Moderate
Visakhapatnam,2019-07-20,0.57,9.8,24.07,89.0,Satisfactory
Visakhapatnam,2019-07-21,0.44,7.2,12.57,57.0,Satisfactory
Visakhapatnam,2019-07-22,0.39,7.28,13.26,46.0,Good
Visakhapatnam,2019-07-23,0.49,6.6,17.67,49.0,Good
Visakhapatnam,2019-07-24,0.89,6.63,35.69,75.0,Satisfactory
Visakhapatnam,2019-07-25,1.05,5.46,35.82,100.0,Satisfactory
Visakhapatnam,2019-07-26,0.67,4.58,40.12,78.0,Satisfactory
Visakhapatnam,2019-07-27,0.7,4.61,40.79,52.0,Satisfactory
Visakhapatnam,2019-07-28,0.75,5.41,39.75,71.0,Satisfactory
Visakhapatnam,2019-07-29,0.93,6.43,38.05,53.0,Satisfactory
Visakhapatnam,2019-07-30,0.76,6.59,36.98,85.0,Satisfactory
Visakhapatnam,2019-07-31,0.98,7.19,43.05,104.0,Moderate
Visakhapatnam,2019-08-01,0.88,7.49,34.39,113.0,Moderate
Visakhapatnam,2019-08-02,0.79,8.13,32.18,75.0,Satisfactory
Visakhapatnam,2019-08-03,0.84,8.68,45.85,68.0,Satisfactory
Visakhapatnam,2019-08-04,0.99,8.33,38.31,83.0,Satisfactory
Visakhapatnam,2019-08-05,0.86,8.01,41.77,88.0,Satisfactory
Visakhapatnam,2019-08-06,0.71,9.55,38.1,82.0,Satisfactory
Visakhapatnam,2019-08-07,0.56,9.13,35.05,52.0,Satisfactory
Visakhapatnam,2019-08-08,0.79,9.73,29.55,63.0,Satisfactory
Visakhapatnam,2019-08-09,0.74,7.86,38.34,90.0,Satisfactory
Visakhapatnam,2019-08-10,0.82,8.43,40.32,98.0,Satisfactory
Visakhapatnam,2019-08-11,0.69,9.1,26.37,102.0,Moderate
Visakhapatnam,2019-08-12,1.09,13.41,40.05,90.0,Satisfactory
Visakhapatnam,2019-08-13,1.04,11.8,29.49,101.0,Moderate
Visakhapatnam,2019-08-14,0.75,10.34,22.38,108.0,Moderate
Visakhapatnam,2019-08-15,1.17,11.33,29.12,113.0,Moderate
Visakhapatnam,2019-08-21,0.7,2.84,9.43,112.0,Moderate
Visakhapatnam,2019-08-22,0.73,4.12,10.6,77.0,Satisfactory
Visakhapatnam,2019-08-23,1.24,2.82,15.42,109.0,Moderate
Visakhapatnam,2019-08-24,0.88,2.47,11.86,97.0,Satisfactory
Visakhapatnam,2019-08-25,0.57,2.46,11.76,82.0,Satisfactory
Visakhapatnam,2019-08-27,0.79,5.14,9.73,108.0,Moderate
Visakhapatnam,2019-08-28,0.65,5.12,9.42,109.0,Moderate
Visakhapatnam,2019-09-06,0.71,9.54,36.1,62.0,Satisfactory
Visakhapatnam,2019-09-07,0.77,8.68,39.29,56.0,Satisfactory
Visakhapatnam,2019-09-08,0.84,7.35,32.1,64.0,Satisfactory
Visakhapatnam,2019-09-09,0.94,6.81,35.22,98.0,Satisfactory
Visakhapatnam,2019-09-10,0.95,6.52,42.43,111.0,Moderate
Visakhapatnam,2019-09-11,0.95,5.6,42.02,104.0,Moderate
Visakhapatnam,2019-09-12,1.03,5.03,41.39,93.0,Satisfactory
Visakhapatnam,2019-09-13,1.06,6.12,47.83,96.0,Satisfactory
Visakhapatnam,2019-09-14,0.73,6.93,39.29,107.0,Moderate
Visakhapatnam,2019-09-15,0.68,6.25,33.06,86.0,Satisfactory
Visakhapatnam,2019-09-16,0.84,7.16,34.0,83.0,Satisfactory
Visakhapatnam,2019-09-17,0.47,6.4,15.97,91.0,Satisfactory
Visakhapatnam,2019-09-18,0.5,4.27,21.64,60.0,Satisfactory
Visakhapatnam,2019-09-19,0.43,3.87,9.06,43.0,Good
Visakhapatnam,2019-09-20,0.54,4.08,20.6,53.0,Satisfactory
Visakhapatnam,2019-09-21,0.61,3.86,20.87,77.0,Satisfactory
Visakhapatnam,2019-09-22,0.5,3.09,14.1,44.0,Good
Visakhapatnam,2019-09-23,0.59,3.16,18.22,42.0,Good
Visakhapatnam,2019-09-24,0.89,3.45,30.68,64.0,Satisfactory
Visakhapatnam,2019-09-25,0.93,3.7,31.57,84.0,Satisfactory
Visakhapatnam,2019-09-26,1.62,3.96,41.9,106.0,Moderate
Visakhapatnam,2019-09-27,1.27,4.86,35.82,131.0,Moderate
Visakhapatnam,2019-09-29,1.19,6.92,29.53,89.0,Satisfactory
Visakhapatnam,2019-09-30,1.32,10.69,32.42,98.0,Satisfactory
Visakhapatnam,2019-10-01,0.96,13.79,38.3,93.0,Satisfactory
Visakhapatnam,2019-10-02,1.24,15.67,42.8,97.0,Satisfactory
Visakhapatnam,2019-10-03,1.19,16.1,43.36,117.0,Moderate
Visakhapatnam,2019-10-06,0.63,32.57,41.21,109.0,Moderate
Visakhapatnam,2019-10-07,0.85,27.01,55.32,74.0,Satisfactory
Visakhapatnam,2019-10-08,0.87,28.27,65.83,114.0,Moderate
Visakhapatnam,2019-10-10,0.93,15.95,47.16,81.0,Satisfactory
Visakhapatnam,2019-10-11,0.72,2.96,45.24,100.0,Satisfactory
Visakhapatnam,2019-10-12,0.68,3.35,33.36,101.0,Moderate
Visakhapatnam,2019-10-13,0.6,4.75,34.79,133.0,Moderate
Visakhapatnam,2019-10-14,0.56,3.44,27.55,147.0,Moderate
Visakhapatnam,2019-10-15,0.62,3.13,21.17,75.0,Satisfactory
Visakhapatnam,2019-10-16,0.74,1.13,29.73,83.0,Satisfactory
Visakhapatnam,2019-10-17,0.56,1.3,24.67,48.0,Good
Visakhapatnam,2019-10-18,0.51,2.27,21.09,45.0,Good
Visakhapatnam,2019-10-19,0.8,1.31,40.82,52.0,Satisfactory
Visakhapatnam,2019-10-20,0.53,2.58,25.84,64.0,Satisfactory
Visakhapatnam,2019-10-21,0.52,2.67,22.41,44.0,Good
Visakhapatnam,2019-10-22,0.78,1.8,38.11,62.0,Satisfactory
Visakhapatnam,2019-10-23,0.69,2.36,29.46,74.0,Satisfactory
Visakhapatnam,2019-10-25,1.44,1.16,56.87,121.0,Moderate
Visakhapatnam,2019-10-26,0.8,4.16,37.56,93.0,Satisfactory
Visakhapatnam,2019-10-27,1.11,4.86,41.26,132.0,Moderate
Visakhapatnam,2019-10-28,0.58,2.55,22.82,284.0,Poor
Visakhapatnam,2019-10-29,0.82,3.49,22.14,60.0,Satisfactory
Visakhapatnam,2019-10-30,0.79,3.33,35.0,81.0,Satisfactory
Visakhapatnam,2019-10-31,1.0,12.52,42.84,101.0,Moderate
Visakhapatnam,2019-11-01,1.06,17.77,40.43,163.0,Moderate
Visakhapatnam,2019-11-02,0.95,16.22,43.75,134.0,Moderate
Visakhapatnam,2019-11-03,1.13,23.41,47.03,281.0,Poor
Visakhapatnam,2019-11-04,1.27,16.76,61.03,307.0,Very Poor
Visakhapatnam,2019-11-05,1.25,17.58,66.87,271.0,Poor
Visakhapatnam,2019-11-06,1.18,15.05,54.7,266.0,Poor
Visakhapatnam,2019-11-07,0.95,12.77,49.32,275.0,Poor
Visakhapatnam,2019-11-08,1.05,13.36,76.77,169.0,Moderate
Visakhapatnam,2019-11-09,0.93,12.24,57.39,158.0,Moderate
Visakhapatnam,2019-11-10,0.88,6.36,41.66,111.0,Moderate
Visakhapatnam,2019-11-11,1.1,2.37,43.05,105.0,Moderate
Visakhapatnam,2019-11-12,0.74,21.37,36.46,103.0,Moderate
Visakhapatnam,2019-11-13,0.92,10.84,26.24,98.0,Satisfactory
Visakhapatnam,2019-11-14,1.0,42.86,30.96,107.0,Moderate
Visakhapatnam,2019-11-15,1.11,30.83,35.91,110.0,Moderate
Visakhapatnam,2019-11-16,0.84,10.14,38.74,109.0,Moderate
Visakhapatnam,2019-11-17,0.72,10.57,29.13,96.0,Satisfactory
Visakhapatnam,2019-11-18,0.71,11.51,23.71,82.0,Satisfactory
Visakhapatnam,2019-11-19,0.76,13.57,24.11,105.0,Moderate
Visakhapatnam,2019-11-20,0.77,12.15,26.1,152.0,Moderate
Visakhapatnam,2019-11-21,0.69,9.97,29.86,114.0,Moderate
Visakhapatnam,2019-11-22,0.75,10.77,33.47,106.0,Moderate
Visakhapatnam,2019-11-23,0.81,11.77,41.14,112.0,Moderate
Visakhapatnam,2019-11-24,1.27,12.55,85.93,136.0,Moderate
Visakhapatnam,2019-11-26,0.92,11.64,30.06,226.0,Poor
Visakhapatnam,2019-11-27,0.85,10.91,28.31,169.0,Moderate
Visakhapatnam,2019-11-28,0.64,8.41,29.73,111.0,Moderate
Visakhapatnam,2019-11-29,0.8,9.67,33.07,87.0,Satisfactory
Visakhapatnam,2019-11-30,0.8,10.27,29.06,134.0,Moderate
Visakhapatnam,2019-12-01,0.74,10.36,23.67,102.0,Moderate
Visakhapatnam,2019-12-02,0.75,10.17,29.86,106.0,Moderate
Visakhapatnam,2019-12-03,0.82,9.85,33.16,132.0,Moderate
Visakhapatnam,2019-12-04,0.74,9.51,34.16,125.0,Moderate
Visakhapatnam,2019-12-05,0.69,10.06,32.77,137.0,Moderate
Visakhapatnam,2019-12-06,0.69,9.36,42.14,129.0,Moderate
Visakhapatnam,2019-12-07,0.62,7.63,30.32,92.0,Satisfactory
Visakhapatnam,2019-12-08,0.68,6.3,24.57,64.0,Satisfactory
Visakhapatnam,2019-12-09,0.91,6.12,30.6,63.0,Satisfactory
Visakhapatnam,2019-12-10,0.95,7.15,37.62,91.0,Satisfactory
Visakhapatnam,2019-12-11,1.03,7.63,39.95,97.0,Satisfactory
Visakhapatnam,2019-12-12,1.1,8.86,43.66,106.0,Moderate
Visakhapatnam,2019-12-13,0.95,10.64,35.91,105.0,Moderate
Visakhapatnam,2019-12-14,0.89,13.26,25.16,85.0,Satisfactory
Visakhapatnam,2019-12-15,0.84,13.29,23.35,69.0,Satisfactory
Visakhapatnam,2019-12-16,0.96,14.5,26.75,76.0,Satisfactory
Visakhapatnam,2019-12-17,1.12,15.92,27.03,128.0,Moderate
Visakhapatnam,2019-12-18,1.14,14.8,27.0,143.0,Moderate
Visakhapatnam,2019-12-19,1.1,13.42,27.03,153.0,Moderate
Visakhapatnam,2019-12-20,1.02,12.62,26.22,140.0,Moderate
Visakhapatnam,2019-12-21,1.12,13.95,38.84,136.0,Moderate
Visakhapatnam,2019-12-22,1.02,11.59,27.8,137.0,Moderate
Visakhapatnam,2019-12-23,1.13,12.24,33.74,154.0,Moderate
Visakhapatnam,2019-12-24,1.44,20.96,41.64,186.0,Moderate
Visakhapatnam,2019-12-25,1.26,9.64,42.48,224.0,Poor
Visakhapatnam,2019-12-26,1.16,9.98,52.05,120.0,Moderate
Visakhapatnam,2019-12-27,1.24,9.56,48.39,101.0,Moderate
Visakhapatnam,2019-12-28,1.21,9.72,33.5,110.0,Moderate
Visakhapatnam,2019-12-29,0.74,6.78,20.94,133.0,Moderate
Visakhapatnam,2019-12-31,1.13,11.69,33.7,92.0,Satisfactory
Visakhapatnam,2020-01-01,1.16,11.66,27.74,111.0,Moderate
Visakhapatnam,2020-01-02,1.08,11.38,29.88,94.0,Satisfactory
Visakhapatnam,2020-01-03,1.09,11.95,23.58,97.0,Satisfactory
Visakhapatnam,2020-01-04,0.97,10.54,21.94,74.0,Satisfactory
Visakhapatnam,2020-01-05,0.84,10.5,18.26,61.0,Satisfactory
Visakhapatnam,2020-01-06,0.96,12.39,21.46,72.0,Satisfactory
Visakhapatnam,2020-01-07,0.95,13.21,27.04,100.0,Satisfactory
Visakhapatnam,2020-01-08,0.9,12.71,26.01,99.0,Satisfactory
Visakhapatnam,2020-01-09,1.27,13.77,58.59,153.0,Moderate
Visakhapatnam,2020-01-10,1.02,10.79,23.06,110.0,Moderate
Visakhapatnam,2020-01-11,1.19,12.88,27.96,134.0,Moderate
Visakhapatnam,2020-01-12,1.03,11.44,30.68,181.0,Moderate
Visakhapatnam,2020-01-13,1.41,14.55,69.61,178.0,Moderate
Visakhapatnam,2020-01-14,2.08,22.01,79.29,326.0,Very Poor
Visakhapatnam,2020-01-15,1.26,11.56,50.12,258.0,Poor
Visakhapatnam,2020-01-16,1.05,11.9,31.92,160.0,Moderate
Visakhapatnam,2020-01-17,1.03,10.51,25.07,128.0,Moderate
Visakhapatnam,2020-01-18,1.03,10.84,25.01,79.0,Satisfactory
Visakhapatnam,2020-01-19,1.04,9.84,29.13,93.0,Satisfactory
Visakhapatnam,2020-01-20,0.81,9.71,27.19,81.0,Satisfactory
Visakhapatnam,2020-01-21,0.79,9.29,19.27,51.0,Satisfactory
Visakhapatnam,2020-01-22,1.02,11.91,22.1,84.0,Satisfactory
Visakhapatnam,2020-01-23,1.33,11.62,44.31,138.0,Moderate
Visakhapatnam,2020-01-24,1.43,12.04,48.23,156.0,Moderate
Visakhapatnam,2020-01-25,1.23,10.94,41.41,140.0,Moderate
Visakhapatnam,2020-01-26,0.94,13.41,59.38,113.0,Moderate
Visakhapatnam,2020-01-28,1.23,11.3,48.69,115.0,Moderate
Visakhapatnam,2020-01-29,1.14,11.53,38.39,122.0,Moderate
Visakhapatnam,2020-01-30,1.03,11.03,45.59,105.0,Moderate
Visakhapatnam,2020-01-31,0.93,12.49,30.37,122.0,Moderate
Visakhapatnam,2020-02-01,0.98,9.91,33.9,98.0,Satisfactory
Visakhapatnam,2020-02-02,0.9,9.68,22.34,67.0,Satisfactory
Visakhapatnam,2020-02-03,0.88,10.25,18.85,76.0,Satisfactory
Visakhapatnam,2020-02-04,1.31,10.19,55.23,82.0,Satisfactory
Visakhapatnam,2020-02-05,1.25,11.21,53.14,112.0,Moderate
Visakhapatnam,2020-02-06,0.9,10.67,30.03,94.0,Satisfactory
Visakhapatnam,2020-02-07,0.91,10.44,29.43,94.0,Satisfactory
Visakhapatnam,2020-02-08,0.82,10.41,16.32,61.0,Satisfactory
Visakhapatnam,2020-02-09,0.81,10.42,17.92,56.0,Satisfactory
Visakhapatnam,2020-02-10,0.85,11.27,20.78,50.0,Good
Visakhapatnam,2020-02-11,0.96,12.85,23.95,84.0,Satisfactory
Visakhapatnam,2020-02-12,1.02,12.64,27.1,101.0,Moderate
Visakhapatnam,2020-02-13,1.33,14.85,63.84,150.0,Moderate
Visakhapatnam,2020-02-14,1.14,14.3,49.67,159.0,Moderate
Visakhapatnam,2020-02-15,1.29,13.53,50.22,140.0,Moderate
Visakhapatnam,2020-02-16,0.99,12.92,39.0,120.0,Moderate
Visakhapatnam,2020-02-17,1.03,11.41,46.46,110.0,Moderate
Visakhapatnam,2020-02-18,1.04,11.36,42.49,111.0,Moderate
Visakhapatnam,2020-02-19,0.93,12.27,33.42,95.0,Satisfactory
Visakhapatnam,2020-02-20,0.92,11.92,17.39,77.0,Satisfactory
Visakhapatnam,2020-02-21,0.84,12.96,22.46,67.0,Satisfactory
Visakhapatnam,2020-02-23,1.06,13.76,45.51,117.0,Moderate
Visakhapatnam,2020-02-24,1.28,13.5,45.3,134.0,Moderate
Visakhapatnam,2020-02-25,1.22,11.7,35.01,90.0,Satisfactory
Visakhapatnam,2020-02-26,1.29,12.82,39.8,102.0,Moderate
Visakhapatnam,2020-02-27,0.91,11.08,21.19,74.0,Satisfactory
Visakhapatnam,2020-02-28,1.05,11.64,41.14,97.0,Satisfactory
Visakhapatnam,2020-02-29,0.95,11.58,37.25,119.0,Moderate
Visakhapatnam,2020-03-01,0.89,11.01,40.73,106.0,Moderate
Visakhapatnam,2020-03-03,1.15,18.98,51.57,127.0,Moderate
Visakhapatnam,2020-03-04,1.15,16.24,37.2,127.0,Moderate
Visakhapatnam,2020-03-05,0.87,13.68,20.44,69.0,Satisfactory
Visakhapatnam,2020-03-06,0.67,13.59,15.5,51.0,Satisfactory
Visakhapatnam,2020-03-07,0.72,13.02,16.21,45.0,Good
Visakhapatnam,2020-03-08,0.92,11.79,28.78,69.0,Satisfactory
Visakhapatnam,2020-03-09,0.74,11.88,23.76,82.0,Satisfactory
Visakhapatnam,2020-03-10,0.76,11.3,22.56,69.0,Satisfactory
Visakhapatnam,2020-03-11,0.79,10.97,24.48,64.0,Satisfactory
Visakhapatnam,2020-03-12,0.67,12.05,24.28,61.0,Satisfactory
Visakhapatnam,2020-03-13,0.45,11.74,19.43,57.0,Satisfactory
Visakhapatnam,2020-03-14,0.81,11.66,27.41,82.0,Satisfactory
Visakhapatnam,2020-03-15,0.87,12.49,29.32,97.0,Satisfactory
Visakhapatnam,2020-03-16,0.92,12.88,31.88,103.0,Moderate
Visakhapatnam,2020-03-17,1.1,11.4,39.24,104.0,Moderate
Visakhapatnam,2020-03-18,0.96,10.82,48.77,105.0,Moderate
Visakhapatnam,2020-03-19,1.12,10.04,53.06,134.0,Moderate
Visakhapatnam,2020-03-20,0.87,11.38,35.13,91.0,Satisfactory
Visakhapatnam,2020-03-21,0.76,10.11,33.67,66.0,Satisfactory
Visakhapatnam,2020-03-22,0.66,10.84,24.78,62.0,Satisfactory
Visakhapatnam,2020-03-23,0.72,9.44,20.91,72.0,Satisfactory
Visakhapatnam,2020-03-27,0.11,4.29,24.99,91.0,Satisfactory
Visakhapatnam,2020-03-28,0.11,5.33,24.54,90.0,Satisfactory
Visakhapatnam,2020-03-29,0.11,5.55,22.72,86.0,Satisfactory
Visakhapatnam,2020-03-30,0.11,5.4,24.02,69.0,Satisfactory
Visakhapatnam,2020-03-31,0.11,5.64,25.22,84.0,Satisfactory
Visakhapatnam,2020-04-01,0.11,5.35,33.1,64.0,Satisfactory
Visakhapatnam,2020-04-02,0.11,6.14,32.49,73.0,Satisfactory
Visakhapatnam,2020-04-03,0.11,6.71,33.18,68.0,Satisfactory
Visakhapatnam,2020-04-04,0.11,7.56,29.23,71.0,Satisfactory
Visakhapatnam,2020-04-05,0.11,7.6,31.35,54.0,Satisfactory
Visakhapatnam,2020-04-06,0.11,7.86,29.33,51.0,Satisfactory
Visakhapatnam,2020-04-07,0.11,7.87,29.2,46.0,Good
Visakhapatnam,2020-04-08,0.11,7.55,23.46,37.0,Good
Visakhapatnam,2020-04-09,0.11,8.39,33.31,49.0,Good
Visakhapatnam,2020-04-10,0.11,7.32,33.43,69.0,Satisfactory
Visakhapatnam,2020-04-11,0.11,7.86,26.65,51.0,Satisfactory
Visakhapatnam,2020-04-12,0.11,7.42,29.41,43.0,Good
Visakhapatnam,2020-04-13,0.11,6.94,31.19,55.0,Satisfactory
Visakhapatnam,2020-04-14,0.11,6.95,29.57,68.0,Satisfactory
Visakhapatnam,2020-04-15,0.11,5.36,32.55,66.0,Satisfactory
Visakhapatnam,2020-04-16,0.11,6.46,36.49,76.0,Satisfactory
Visakhapatnam,2020-04-17,0.11,7.52,31.67,74.0,Satisfactory
Visakhapatnam,2020-04-18,0.11,7.49,30.52,59.0,Satisfactory
Visakhapatnam,2020-04-19,0.11,8.47,33.08,55.0,Satisfactory
Visakhapatnam,2020-04-20,0.11,8.35,30.16,47.0,Good
Visakhapatnam,2020-04-21,0.11,8.48,23.99,48.0,Good
Visakhapatnam,2020-04-22,0.11,8.68,25.18,37.0,Good
Visakhapatnam,2020-04-23,0.11,8.31,24.6,36.0,Good
Visakhapatnam,2020-04-27,0.11,6.5,21.59,31.0,Good
Visakhapatnam,2020-04-28,0.11,7.68,15.19,47.0,Good
Visakhapatnam,2020-04-29,0.11,7.96,18.79,49.0,Good
Visakhapatnam,2020-04-30,0.11,8.18,16.27,61.0,Satisfactory
Visakhapatnam,2020-05-01,0.11,8.24,16.76,56.0,Satisfactory
Visakhapatnam,2020-05-02,0.11,8.82,23.73,62.0,Satisfactory
Visakhapatnam,2020-05-03,0.11,8.38,24.04,90.0,Satisfactory
Visakhapatnam,2020-05-04,0.11,8.23,15.64,65.0,Satisfactory
Visakhapatnam,2020-05-05,0.11,7.87,12.81,55.0,Satisfactory
Visakhapatnam,2020-05-06,0.11,8.14,19.43,41.0,Good
Visakhapatnam,2020-05-07,0.11,8.04,18.09,51.0,Satisfactory
Visakhapatnam,2020-05-08,0.11,7.79,18.43,48.0,Good
Visakhapatnam,2020-05-09,0.11,7.94,12.9,51.0,Satisfactory
Visakhapatnam,2020-05-10,0.11,9.09,24.04,46.0,Good
Visakhapatnam,2020-05-11,0.11,8.43,14.28,61.0,Satisfactory
Visakhapatnam,2020-05-12,0.11,10.88,12.63,45.0,Good
Visakhapatnam,2020-05-13,0.11,11.07,14.05,49.0,Good
Visakhapatnam,2020-05-14,0.11,12.04,11.76,50.0,Good
Visakhapatnam,2020-05-15,0.11,11.96,11.71,44.0,Good
Visakhapatnam,2020-05-16,0.11,9.48,10.24,32.0,Good
Visakhapatnam,2020-05-17,0.11,7.4,12.21,23.0,Good
Visakhapatnam,2020-05-18,0.11,6.78,18.69,26.0,Good
Visakhapatnam,2020-05-19,0.11,7.56,28.32,52.0,Satisfactory
Visakhapatnam,2020-05-20,0.11,11.85,58.99,141.0,Moderate
Visakhapatnam,2020-05-21,0.11,12.68,48.13,145.0,Moderate
Visakhapatnam,2020-05-22,0.11,18.93,39.51,117.0,Moderate
Visakhapatnam,2020-05-23,0.11,13.57,23.59,79.0,Satisfactory
Visakhapatnam,2020-05-24,0.11,10.25,20.53,80.0,Satisfactory
Visakhapatnam,2020-05-25,0.11,10.77,21.06,74.0,Satisfactory
Visakhapatnam,2020-05-26,0.11,9.8,20.24,67.0,Satisfactory
Visakhapatnam,2020-05-27,0.63,8.58,20.04,54.0,Satisfactory
Visakhapatnam,2020-05-28,0.65,8.67,20.67,100.0,Satisfactory
Visakhapatnam,2020-05-29,0.63,10.62,23.89,87.0,Satisfactory
Visakhapatnam,2020-05-30,0.76,9.21,50.99,81.0,Satisfactory
Visakhapatnam,2020-05-31,0.57,11.03,24.88,40.0,Good
Visakhapatnam,2020-06-01,0.5,8.25,20.61,85.0,Satisfactory
Visakhapatnam,2020-06-02,0.47,9.16,19.91,50.0,Good
Visakhapatnam,2020-06-03,0.58,9.49,30.32,88.0,Satisfactory
Visakhapatnam,2020-06-04,0.68,8.82,35.57,71.0,Satisfactory
Visakhapatnam,2020-06-05,0.85,10.51,44.77,93.0,Satisfactory
Visakhapatnam,2020-06-06,0.64,8.63,38.42,101.0,Moderate
Visakhapatnam,2020-06-07,0.57,9.85,35.51,82.0,Satisfactory
Visakhapatnam,2020-06-08,0.64,9.71,41.56,115.0,Moderate
Visakhapatnam,2020-06-09,0.88,10.01,50.11,96.0,Satisfactory
Visakhapatnam,2020-06-10,0.69,9.34,44.59,92.0,Satisfactory
Visakhapatnam,2020-06-11,0.7,9.91,52.1,90.0,Satisfactory
Visakhapatnam,2020-06-12,0.97,9.85,53.59,84.0,Satisfactory
Visakhapatnam,2020-06-13,0.67,9.24,38.23,81.0,Satisfactory
Visakhapatnam,2020-06-14,0.58,9.78,34.56,88.0,Satisfactory
Visakhapatnam,2020-06-15,0.71,9.22,37.93,92.0,Satisfactory
Visakhapatnam,2020-06-16,0.63,8.81,40.33,83.0,Satisfactory
Visakhapatnam,2020-06-17,0.54,6.69,36.31,90.0,Satisfactory
Visakhapatnam,2020-06-18,0.68,3.22,42.96,71.0,Satisfactory
Visakhapatnam,2020-06-19,1.07,7.51,40.06,110.0,Moderate
Visakhapatnam,2020-06-20,0.74,15.05,37.36,74.0,Satisfactory
Visakhapatnam,2020-06-21,0.71,13.32,40.22,92.0,Satisfactory
Visakhapatnam,2020-06-22,0.73,13.7,42.45,95.0,Satisfactory
Visakhapatnam,2020-06-23,0.54,13.13,34.09,100.0,Satisfactory
Visakhapatnam,2020-06-24,0.56,14.45,23.38,86.0,Satisfactory
Visakhapatnam,2020-06-25,0.41,12.27,21.6,77.0,Satisfactory
Visakhapatnam,2020-06-26,0.46,11.15,23.27,47.0,Good
Visakhapatnam,2020-06-27,0.47,12.47,25.06,41.0,Good
Visakhapatnam,2020-06-28,0.52,11.99,26.06,70.0,Satisfactory
Visakhapatnam,2020-06-29,0.48,10.71,29.53,68.0,Satisfactory
Visakhapatnam,2020-06-30,0.52,10.03,29.26,54.0,Satisfactory
Visakhapatnam,2020-07-01,0.59,5.2,26.85,50.0,Good
